#include "rbd.h"
#include <efilib.h>
#include "efi_helpers.h"
#include "capture.h"
#include "hda.h"

#define RBD_ODDS        50

#define RBD_MARKER      L"\\EFI\\visor\\rbd.arm"
#define RBD_MARKER_TAG  "VISOR-RBD-1\n"

/* bake:rbd_audio_data begin */
const unsigned char rbd_audio_data[] = {
  0x80,0x80,0x80,0x80,0x80,0x80,0x80,0x80,0x80,0x80,0x80,0x80,0x80,0x80,0x80,0x80,0x80,0x80,0x80,0x80,0x80,0x80,0x80,0x80,
  0x80,0x80,0x80,0x80,0x80,0x80,0x80,0x80,0x80,0x80,0x80,0x80,0x80,0x80,0x80,0x80,0x80,0x80,0x80,0x80,0x80,0x7f,0x7f,0x7f,
  0x7f,0x7f,0x7f,0x7f,0x7f,0x7f,0x7f,0x7f,0x7f,0x80,0x80,0x7f,0x7f,0x7f,0x7f,0x7f,0x7f,0x7f,0x7f,0x7f,0x7f,0x7f,0x7f,0x7f,
  0x80,0x80,0x80,0x80,0x80,0x80,0x80,0x80,0x80,0x80,0x80,0x7f,0x7f,0x7f,0x7f,0x7f,0x80,0x80,0x80,0x80,0x80,0x80,0x80,0x80,
  0x80,0x80,0x80,0x7f,0x7f,0x7f,0x80,0x80,0x7f,0x7f,0x7f,0x7f,0x7f,0x7f,0x7f,0x80,0x80,0x80,0x80,0x80,0x80,0x80,0x80,0x80,
  0x80,0x80,0x80,0x7f,0x7f,0x7f,0x7f,0x7f,0x7f,0x7f,0x7f,0x7f,0x7f,0x80,0x80,0x80,0x80,0x7f,0x7f,0x7f,0x7f,0x7f,0x7f,0x7f,
  0x7f,0x7f,0x7f,0x7f,0x7f,0x7f,0x80,0x80,0x80,0x80,0x80,0x80,0x80,0x80,0x7f,0x80,0x80,0x7f,0x7f,0x7f,0x7f,0x80,0x80,0x80,
  0x80,0x80,0x80,0x80,0x80,0x80,0x80,0x80,0x80,0x7f,0x7f,0x7f,0x80,0x80,0x80,0x7f,0x7f,0x7f,0x7f,0x7f,0x80,0x80,0x80,0x80,
  0x80,0x80,0x80,0x80,0x80,0x80,0x80,0x80,0x7f,0x7f,0x7f,0x7f,0x7f,0x7f,0x7f,0x7f,0x7f,0x7f,0x7f,0x7f,0x7f,0x7f,0x7f,0x7f,
  0x7f,0x80,0x80,0x7f,0x7f,0x7f,0x7f,0x7f,0x7f,0x80,0x80,0x80,0x80,0x80,0x80,0x80,0x80,0x80,0x80,0x80,0x80,0x7f,0x7f,0x7f,
  0x7f,0x7f,0x7f,0x7f,0x7f,0x7f,0x80,0x80,0x80,0x80,0x80,0x80,0x7f,0x7f,0x7f,0x7f,0x7f,0x7f,0x7f,0x7f,0x80,0x80,0x80,0x80,
  0x80,0x80,0x80,0x80,0x80,0x80,0x80,0x80,0x80,0x80,0x7f,0x7f,0x7f,0x7f,0x7f,0x80,0x80,0x80,0x7f,0x7f,0x7f,0x7f,0x7e,0x7e,
  0x7e,0x7e,0x7f,0x7f,0x7f,0x80,0x81,0x81,0x81,0x81,0x81,0x80,0x7f,0x7e,0x7e,0x7e,0x7f,0x7f,0x80,0x81,0x81,0x81,0x82,0x81,
  0x81,0x7f,0x7f,0x7e,0x7d,0x7d,0x7d,0x7e,0x7f,0x80,0x80,0x81,0x81,0x81,0x80,0x80,0x7f,0x7e,0x7e,0x7d,0x7e,0x7e,0x7e,0x7f,
  0x7f,0x7f,0x80,0x81,0x81,0x82,0x82,0x82,0x82,0x81,0x80,0x7f,0x7f,0x7f,0x7f,0x7f,0x80,0x80,0x81,0x81,0x80,0x7f,0x7f,0x7d,
  0x7d,0x7c,0x7c,0x7d,0x7e,0x7f,0x80,0x80,0x81,0x80,0x80,0x7f,0x7f,0x7e,0x7e,0x7e,0x7f,0x80,0x81,0x82,0x83,0x84,0x84,0x84,
  0x83,0x82,0x80,0x7e,0x7d,0x7d,0x7d,0x7e,0x7f,0x80,0x81,0x81,0x81,0x80,0x7f,0x7d,0x7d,0x7d,0x7d,0x7d,0x7e,0x7f,0x7f,0x7f,
  0x7f,0x7f,0x7f,0x80,0x81,0x82,0x83,0x84,0x83,0x83,0x82,0x81,0x7f,0x7f,0x7e,0x7f,0x7f,0x80,0x81,0x82,0x82,0x81,0x7f,0x7e,
  0x7d,0x7b,0x7a,0x7b,0x7c,0x7e,0x7f,0x80,0x81,0x82,0x81,0x80,0x7f,0x7e,0x7d,0x7c,0x7c,0x7e,0x80,0x81,0x83,0x85,0x85,0x85,
  0x85,0x84,0x82,0x80,0x7f,0x7f,0x7f,0x7f,0x7f,0x80,0x80,0x80,0x7e,0x7d,0x7c,0x7c,0x7d,0x7e,0x80,0x81,0x81,0x7f,0x7e,0x7c,
  0x7b,0x79,0x78,0x7a,0x7c,0x7f,0x82,0x86,0x89,0x8a,0x88,0x87,0x85,0x82,0x7e,0x7c,0x7c,0x7e,0x7f,0x80,0x82,0x84,0x85,0x84,
  0x82,0x80,0x7e,0x7b,0x78,0x78,0x78,0x78,0x78,0x78,0x7a,0x7c,0x7c,0x7d,0x7f,0x82,0x84,0x84,0x85,0x86,0x86,0x85,0x83,0x82,
  0x82,0x81,0x80,0x81,0x83,0x85,0x87,0x88,0x87,0x86,0x82,0x7d,0x78,0x74,0x72,0x70,0x70,0x74,0x79,0x7f,0x84,0x87,0x8a,0x8a,
  0x86,0x81,0x7b,0x77,0x75,0x75,0x76,0x7a,0x80,0x86,0x8b,0x8e,0x91,0x91,0x8e,0x89,0x84,0x7e,0x79,0x76,0x75,0x74,0x74,0x77,
  0x7c,0x81,0x84,0x87,0x8a,0x8a,0x87,0x81,0x7c,0x78,0x74,0x71,0x70,0x72,0x76,0x7b,0x81,0x86,0x8b,0x8f,0x8e,0x8b,0x86,0x80,
  0x78,0x74,0x73,0x73,0x77,0x7d,0x85,0x8d,0x93,0x95,0x94,0x8f,0x87,0x7e,0x75,0x6e,0x6a,0x6d,0x72,0x77,0x7f,0x86,0x8b,0x8c,
  0x89,0x84,0x7e,0x76,0x6f,0x6b,0x6a,0x6e,0x74,0x7c,0x84,0x8b,0x91,0x93,0x91,0x8f,0x8d,0x8a,0x85,0x7f,0x7e,0x7d,0x7b,0x7c,
  0x7f,0x82,0x86,0x88,0x87,0x84,0x81,0x7d,0x78,0x73,0x6f,0x6d,0x6d,0x70,0x73,0x79,0x80,0x85,0x89,0x8b,0x8c,0x8a,0x86,0x81,
  0x7e,0x7a,0x78,0x79,0x7d,0x85,0x8c,0x90,0x94,0x99,0x97,0x8e,0x85,0x7b,0x72,0x6b,0x64,0x63,0x69,0x70,0x77,0x7f,0x89,0x8f,
  0x8f,0x8c,0x88,0x81,0x78,0x6f,0x68,0x67,0x69,0x6d,0x74,0x7f,0x8a,0x94,0x9a,0x9d,0x9e,0x9b,0x94,0x88,0x7e,0x77,0x6f,0x6a,
  0x6b,0x71,0x78,0x80,0x89,0x92,0x97,0x95,0x8f,0x88,0x7e,0x73,0x67,0x62,0x63,0x66,0x69,0x72,0x7e,0x88,0x8f,0x93,0x95,0x96,
  0x92,0x8a,0x81,0x7c,0x79,0x76,0x76,0x7a,0x7e,0x84,0x8d,0x95,0x99,0x9a,0x98,0x93,0x88,0x79,0x6a,0x60,0x57,0x52,0x54,0x5d,
  0x6b,0x7a,0x8a,0x98,0xa0,0xa3,0xa0,0x92,0x80,0x72,0x66,0x5b,0x5a,0x61,0x6d,0x81,0x97,0xa9,0xb6,0xbe,0xbc,0xb2,0xa0,0x88,
  0x72,0x61,0x52,0x4c,0x51,0x5c,0x68,0x74,0x81,0x90,0x97,0x96,0x94,0x91,0x87,0x7a,0x6e,0x64,0x5e,0x5b,0x5b,0x63,0x71,0x81,
  0x92,0xa2,0xae,0xb2,0xae,0xa2,0x91,0x7d,0x67,0x55,0x4f,0x54,0x5b,0x68,0x81,0x9b,0xad,0xb5,0xb4,0xaa,0x9b,0x83,0x68,0x55,
  0x4b,0x4a,0x51,0x60,0x78,0x90,0xa3,0xad,0xaf,0xa4,0x91,0x7d,0x67,0x53,0x47,0x47,0x53,0x64,0x77,0x88,0x9c,0xae,0xb7,0xb5,
  0xac,0xa1,0x97,0x87,0x75,0x6c,0x6a,0x69,0x6a,0x6e,0x76,0x82,0x8c,0x92,0x97,0x9c,0x97,0x8d,0x80,0x6e,0x5c,0x4d,0x44,0x48,
  0x53,0x5e,0x6f,0x87,0xa1,0xb2,0xb3,0xae,0xaa,0xa0,0x8c,0x79,0x70,0x70,0x71,0x75,0x7d,0x88,0x8e,0x90,0x91,0x8e,0x84,0x76,
  0x6c,0x66,0x63,0x60,0x5f,0x68,0x74,0x78,0x75,0x75,0x79,0x7d,0x7b,0x7b,0x84,0x8e,0x96,0x9c,0x9e,0x9e,0x9a,0x93,0x8c,0x85,
  0x7d,0x78,0x7a,0x7f,0x82,0x83,0x83,0x81,0x7d,0x74,0x68,0x5f,0x5d,0x5d,0x5c,0x60,0x6b,0x7b,0x85,0x88,0x8c,0x91,0x91,0x89,
  0x80,0x7d,0x7f,0x80,0x81,0x86,0x8e,0x93,0x96,0x99,0x9c,0x9b,0x96,0x94,0x93,0x90,0x89,0x80,0x7a,0x77,0x70,0x65,0x5f,0x66,
  0x70,0x76,0x7b,0x85,0x93,0x9b,0x96,0x8d,0x88,0x82,0x78,0x6b,0x63,0x63,0x67,0x6c,0x74,0x7e,0x89,0x94,0x98,0x94,0x8c,0x85,
  0x7f,0x7a,0x76,0x75,0x79,0x81,0x89,0x8f,0x90,0x8d,0x89,0x86,0x81,0x7c,0x7b,0x7b,0x7f,0x83,0x83,0x7e,0x77,0x71,0x6b,0x63,
  0x5c,0x5f,0x66,0x6d,0x75,0x7b,0x7e,0x82,0x83,0x80,0x7a,0x75,0x76,0x78,0x79,0x7a,0x7e,0x86,0x8a,0x8a,0x8b,0x8c,0x8e,0x8c,
  0x87,0x83,0x83,0x82,0x81,0x81,0x86,0x87,0x86,0x86,0x83,0x7e,0x79,0x77,0x74,0x74,0x77,0x79,0x7c,0x7f,0x7e,0x80,0x82,0x83,
  0x89,0x92,0x9a,0xa1,0xa5,0xa6,0xa5,0x9e,0x8d,0x7c,0x71,0x6a,0x64,0x62,0x69,0x77,0x88,0x8e,0x8f,0x90,0x8d,0x83,0x75,0x6a,
  0x66,0x65,0x68,0x6e,0x78,0x84,0x8f,0x99,0x9b,0x9b,0x98,0x95,0x93,0x90,0x8b,0x8a,0x8c,0x8e,0x8b,0x86,0x83,0x84,0x85,0x85,
  0x7f,0x79,0x78,0x77,0x71,0x6b,0x6c,0x6e,0x6d,0x6c,0x6e,0x73,0x77,0x7b,0x7c,0x7d,0x7c,0x7a,0x78,0x77,0x7b,0x7e,0x7f,0x86,
  0x8f,0x94,0x94,0x93,0x95,0x94,0x8b,0x7e,0x75,0x6e,0x6a,0x68,0x66,0x6a,0x74,0x7c,0x82,0x86,0x88,0x86,0x7e,0x74,0x6e,0x6a,
  0x69,0x6d,0x71,0x79,0x82,0x88,0x8b,0x8a,0x88,0x82,0x7c,0x74,0x6d,0x6a,0x6a,0x6c,0x6f,0x74,0x77,0x7b,0x81,0x87,0x89,0x85,
  0x84,0x83,0x7e,0x76,0x6f,0x6c,0x6d,0x6c,0x6b,0x6d,0x73,0x7b,0x7e,0x7e,0x7f,0x81,0x7f,0x7c,0x77,0x72,0x6c,0x68,0x67,0x69,
  0x69,0x6a,0x70,0x78,0x80,0x87,0x8d,0x90,0x92,0x95,0x97,0x95,0x8e,0x8d,0x91,0x91,0x8e,0x8c,0x8c,0x8a,0x89,0x86,0x82,0x82,
  0x83,0x81,0x7d,0x77,0x73,0x73,0x6d,0x65,0x66,0x6d,0x76,0x7e,0x8a,0x94,0x9a,0x9e,0x9e,0x96,0x87,0x78,0x6f,0x68,0x61,0x61,
  0x67,0x73,0x80,0x8e,0x9b,0xa3,0xa7,0xa6,0x9f,0x92,0x82,0x74,0x68,0x5f,0x5c,0x5e,0x68,0x78,0x8c,0x9e,0xac,0xb4,0xb6,0xae,
  0x9c,0x87,0x75,0x66,0x57,0x52,0x58,0x67,0x7a,0x8e,0xa4,0xb6,0xc1,0xc1,0xb9,0xa9,0x93,0x7a,0x63,0x51,0x48,0x49,0x50,0x60,
  0x78,0x91,0xa3,0xaf,0xb3,0xad,0xa1,0x8f,0x76,0x60,0x52,0x51,0x57,0x62,0x72,0x88,0x9d,0xa9,0xab,0xa3,0x95,0x80,0x67,0x51,
  0x41,0x3c,0x41,0x4c,0x5e,0x7b,0x9a,0xb0,0xbd,0xc5,0xc4,0xb9,0xa3,0x89,0x6d,0x56,0x47,0x3f,0x3e,0x48,0x5c,0x75,0x8d,0xa1,
  0xb1,0xb7,0xb0,0x9f,0x87,0x69,0x4e,0x3a,0x30,0x2e,0x34,0x48,0x68,0x89,0xa4,0xb8,0xc4,0xc5,0xba,0xa5,0x8b,0x71,0x5d,0x52,
  0x4d,0x50,0x60,0x77,0x8e,0xa1,0xb2,0xbc,0xb9,0xb0,0xa4,0x92,0x7b,0x67,0x5b,0x53,0x4a,0x49,0x53,0x62,0x71,0x83,0x93,0x9f,
  0xa7,0xaa,0xa4,0x9a,0x91,0x87,0x7c,0x76,0x7a,0x80,0x85,0x8a,0x94,0x9b,0x96,0x88,0x7b,0x71,0x63,0x52,0x48,0x49,0x4e,0x56,
  0x66,0x77,0x88,0x94,0x99,0x97,0x94,0x8f,0x88,0x7c,0x72,0x6f,0x6e,0x6b,0x69,0x6c,0x71,0x77,0x7f,0x8c,0x95,0x9c,0xa0,0xa2,
  0xa0,0x9a,0x8b,0x7a,0x71,0x6f,0x6d,0x6e,0x74,0x80,0x90,0x9a,0x9f,0x9e,0x99,0x91,0x83,0x72,0x66,0x60,0x5e,0x62,0x68,0x72,
  0x7f,0x8e,0x9b,0xa3,0xa4,0xa4,0xa5,0xa0,0x96,0x8c,0x86,0x82,0x7f,0x79,0x71,0x6e,0x72,0x75,0x76,0x7a,0x81,0x8c,0x94,0x96,
  0x97,0x97,0x94,0x8b,0x7e,0x71,0x68,0x64,0x63,0x63,0x64,0x67,0x6d,0x71,0x71,0x70,0x6c,0x6d,0x72,0x75,0x7a,0x82,0x8e,0x98,
  0x9e,0xa2,0xa2,0x9f,0x9c,0x97,0x90,0x87,0x7f,0x79,0x73,0x6f,0x6d,0x6d,0x6f,0x73,0x77,0x77,0x7a,0x7f,0x84,0x86,0x88,0x86,
  0x88,0x8d,0x8d,0x86,0x7e,0x7c,0x7a,0x71,0x6a,0x6e,0x79,0x82,0x89,0x91,0x99,0x9b,0x94,0x88,0x7b,0x6e,0x64,0x63,0x67,0x6c,
  0x74,0x80,0x8d,0x91,0x8e,0x8b,0x8a,0x88,0x7f,0x74,0x6d,0x6a,0x66,0x63,0x63,0x66,0x6f,0x7b,0x86,0x90,0x9c,0xa9,0xb4,0xb7,
  0xb3,0xac,0xa2,0x94,0x83,0x72,0x63,0x5a,0x59,0x5d,0x63,0x6c,0x7c,0x88,0x8d,0x8a,0x86,0x81,0x79,0x72,0x6e,0x6d,0x71,0x75,
  0x7b,0x7f,0x85,0x89,0x8c,0x8b,0x87,0x84,0x82,0x82,0x83,0x83,0x87,0x8c,0x90,0x91,0x8f,0x89,0x82,0x7b,0x72,0x6b,0x68,0x6c,
  0x72,0x73,0x77,0x7c,0x7c,0x7c,0x78,0x74,0x73,0x75,0x76,0x76,0x76,0x72,0x6d,0x6c,0x6d,0x6f,0x71,0x7b,0x8b,0x9c,0xa9,0xad,
  0xaf,0xaf,0xa2,0x8c,0x75,0x63,0x50,0x3f,0x39,0x41,0x51,0x69,0x87,0xa4,0xbc,0xcc,0xd1,0xcc,0xba,0xa3,0x8c,0x74,0x60,0x4f,
  0x47,0x4d,0x54,0x5b,0x64,0x74,0x85,0x91,0x95,0x98,0xa2,0xa7,0xa6,0x9a,0x8c,0x86,0x7f,0x6e,0x5c,0x55,0x59,0x61,0x6c,0x82,
  0x9d,0xb5,0xc2,0xc4,0xbc,0xad,0x98,0x7e,0x64,0x52,0x4b,0x4b,0x4e,0x57,0x64,0x71,0x7f,0x88,0x8c,0x8f,0x92,0x97,0x9b,0x99,
  0x96,0x94,0x92,0x8b,0x7c,0x6c,0x63,0x5e,0x5b,0x5f,0x6e,0x82,0x99,0xb0,0xc1,0xc9,0xc7,0xb9,0xa0,0x80,0x63,0x4d,0x3d,0x34,
  0x38,0x45,0x59,0x6d,0x7e,0x8e,0x9f,0xac,0xb4,0xb4,0xb0,0xad,0xa8,0xa1,0x98,0x89,0x78,0x68,0x5c,0x52,0x49,0x4c,0x5f,0x7d,
  0x94,0xa4,0xb5,0xc1,0xbb,0x9f,0x82,0x6b,0x55,0x43,0x38,0x3b,0x4d,0x63,0x77,0x86,0x96,0xa6,0xb0,0xae,0xa2,0x99,0x93,0x8b,
  0x7d,0x6e,0x67,0x66,0x62,0x5d,0x5c,0x65,0x6f,0x75,0x7c,0x89,0x9b,0xa8,0xaa,0xa5,0x99,0x89,0x7b,0x6a,0x5c,0x55,0x56,0x61,
  0x71,0x7e,0x86,0x92,0x9c,0x9f,0x9c,0x94,0x8c,0x86,0x7f,0x7b,0x7a,0x78,0x78,0x7a,0x7a,0x7a,0x75,0x76,0x77,0x73,0x71,0x78,
  0x87,0x94,0x9b,0xa2,0xaa,0xa8,0x9e,0x8e,0x7d,0x72,0x6c,0x68,0x6b,0x70,0x75,0x7e,0x85,0x88,0x87,0x85,0x81,0x7d,0x71,0x64,
  0x64,0x66,0x66,0x6d,0x7a,0x85,0x8c,0x8c,0x8a,0x8c,0x8c,0x84,0x7b,0x76,0x7f,0x88,0x87,0x84,0x86,0x8e,0x92,0x8c,0x88,0x89,
  0x90,0x8f,0x86,0x7f,0x77,0x71,0x6b,0x67,0x65,0x68,0x70,0x75,0x7b,0x83,0x87,0x8a,0x8e,0x8c,0x84,0x78,0x74,0x74,0x70,0x67,
  0x67,0x76,0x85,0x8c,0x92,0x9c,0xa6,0xa9,0xa3,0x96,0x8d,0x85,0x79,0x6c,0x61,0x5a,0x59,0x5a,0x5d,0x63,0x6e,0x79,0x81,0x86,
  0x89,0x8d,0x8d,0x8d,0x8d,0x8c,0x8d,0x8d,0x88,0x83,0x7e,0x77,0x70,0x6f,0x72,0x74,0x79,0x85,0x90,0x94,0x96,0x97,0x99,0x98,
  0x8b,0x81,0x7a,0x6d,0x5f,0x56,0x56,0x5b,0x63,0x6c,0x7e,0x93,0xa1,0xaa,0xad,0xb0,0xae,0xa1,0x91,0x7f,0x65,0x57,0x50,0x48,
  0x48,0x51,0x68,0x7d,0x8d,0x9d,0xb2,0xc0,0xc0,0xaf,0x99,0x88,0x78,0x60,0x47,0x39,0x3a,0x45,0x54,0x67,0x7e,0x9c,0xb8,0xc9,
  0xc8,0xbe,0xb1,0x9e,0x83,0x66,0x49,0x37,0x35,0x39,0x43,0x53,0x6e,0x8f,0xa6,0xb6,0xc1,0xc5,0xc4,0xb5,0x99,0x7f,0x6a,0x5e,
  0x57,0x50,0x53,0x5f,0x71,0x81,0x8a,0x8f,0x98,0xa2,0x9b,0x8b,0x7c,0x72,0x6b,0x5d,0x52,0x51,0x58,0x5f,0x69,0x73,0x7c,0x87,
  0x8f,0x97,0x9c,0x9c,0x9e,0x9f,0x9f,0x9f,0x9e,0x9b,0x96,0x92,0x90,0x88,0x7d,0x75,0x6d,0x65,0x62,0x65,0x6c,0x79,0x87,0x96,
  0xa6,0xa9,0xa3,0x99,0x8b,0x7c,0x6d,0x62,0x5d,0x61,0x6c,0x79,0x86,0x98,0xac,0xb9,0xc0,0xbf,0xb9,0xae,0x9b,0x86,0x71,0x62,
  0x57,0x52,0x4d,0x4c,0x54,0x60,0x72,0x82,0x8e,0x9a,0xa5,0xab,0xa6,0x95,0x7e,0x67,0x54,0x44,0x39,0x41,0x56,0x6f,0x8b,0xa4,
  0xb8,0xc0,0xbc,0xaf,0x9b,0x82,0x65,0x4b,0x38,0x27,0x1d,0x26,0x3c,0x59,0x73,0x8e,0xad,0xc1,0xc5,0xc5,0xc2,0xb6,0xa3,0x8f,
  0x7b,0x67,0x53,0x44,0x47,0x54,0x63,0x7b,0x98,0xb3,0xc5,0xc8,0xc3,0xba,0xa5,0x82,0x61,0x4a,0x39,0x2d,0x2c,0x38,0x4f,0x6d,
  0x8c,0xa7,0xb9,0xc4,0xc2,0xb3,0x9b,0x7c,0x62,0x4d,0x40,0x3c,0x3d,0x46,0x55,0x63,0x6b,0x72,0x7d,0x89,0x91,0x92,0x8e,0x8b,
  0x88,0x7e,0x72,0x6a,0x66,0x63,0x63,0x61,0x64,0x71,0x7e,0x8b,0x97,0xa7,0xb3,0xb6,0xb0,0xa7,0x9a,0x88,0x7a,0x71,0x6b,0x68,
  0x6a,0x70,0x72,0x6e,0x69,0x66,0x69,0x70,0x76,0x84,0x99,0xaf,0xb9,0xbd,0xba,0xaf,0x9f,0x88,0x6f,0x56,0x42,0x3e,0x46,0x58,
  0x72,0x94,0xb6,0xcd,0xd5,0xcc,0xb9,0xa1,0x84,0x64,0x49,0x3e,0x3b,0x3d,0x42,0x4c,0x5f,0x76,0x8b,0xa1,0xb3,0xc5,0xd2,0xcf,
  0xc3,0xb4,0xa3,0x86,0x65,0x4b,0x40,0x3d,0x3b,0x41,0x5a,0x80,0xa0,0xba,0xce,0xdd,0xdd,0xc6,0x9e,0x77,0x57,0x3c,0x28,0x26,
  0x32,0x47,0x60,0x7b,0x98,0xb0,0xbc,0xc7,0xcb,0xc3,0xaf,0x98,0x81,0x6b,0x5a,0x50,0x49,0x4b,0x53,0x64,0x79,0x86,0x94,0xa3,
  0xaf,0xb1,0xa9,0x9f,0x91,0x7b,0x64,0x55,0x52,0x52,0x57,0x6a,0x88,0xa2,0xae,0xb5,0xb5,0xad,0xa1,0x8c,0x76,0x6a,0x68,0x68,
  0x6b,0x70,0x7e,0x91,0x9c,0xa0,0x9b,0x90,0x85,0x74,0x5d,0x4d,0x4a,0x51,0x5a,0x66,0x74,0x86,0x99,0xa4,0xa5,0x9d,0x97,0x92,
  0x88,0x7a,0x6c,0x68,0x69,0x6a,0x6b,0x6f,0x7b,0x8b,0x98,0x9c,0x9c,0x9f,0x9f,0x94,0x7f,0x6c,0x65,0x5f,0x53,0x50,0x56,0x62,
  0x77,0x89,0x98,0xa1,0xa9,0xad,0xa6,0x94,0x80,0x72,0x69,0x60,0x5d,0x60,0x6c,0x7d,0x89,0x8d,0x8d,0x8f,0x8d,0x88,0x7b,0x73,
  0x6f,0x6c,0x6b,0x6b,0x72,0x76,0x79,0x86,0x90,0x93,0x93,0x95,0x95,0x8b,0x84,0x7e,0x78,0x75,0x78,0x82,0x8a,0x8e,0x98,0xa2,
  0xa4,0x9c,0x93,0x86,0x72,0x5c,0x49,0x3c,0x35,0x39,0x46,0x5b,0x7a,0x98,0xb3,0xc5,0xd0,0xd2,0xc2,0xaf,0x99,0x81,0x63,0x48,
  0x3b,0x39,0x43,0x57,0x65,0x79,0x9a,0xb1,0xb9,0xb8,0xb6,0xaf,0x9a,0x74,0x54,0x44,0x3e,0x3a,0x34,0x3e,0x63,0x88,0xa7,0xbf,
  0xd3,0xe2,0xe5,0xd6,0xbb,0x9a,0x78,0x5e,0x4b,0x3a,0x37,0x3e,0x53,0x6e,0x88,0x98,0xa3,0xb0,0xb6,0xb0,0x9d,0x82,0x72,0x66,
  0x56,0x4a,0x50,0x65,0x78,0x87,0x91,0x9e,0xa8,0xa0,0x90,0x87,0x88,0x86,0x7e,0x78,0x7b,0x86,0x86,0x7f,0x7f,0x7c,0x77,0x6e,
  0x62,0x59,0x4f,0x4a,0x4f,0x5b,0x6e,0x83,0x98,0xae,0xc1,0xc6,0xbc,0xab,0x94,0x7e,0x63,0x49,0x3d,0x3b,0x3f,0x4f,0x6a,0x89,
  0xa6,0xbd,0xca,0xd0,0xc7,0xae,0x8e,0x6b,0x4f,0x3b,0x30,0x30,0x3a,0x4e,0x6b,0x8a,0xa5,0xbd,0xcd,0xd2,0xcb,0xbb,0xa7,0x89,
  0x6c,0x56,0x42,0x36,0x39,0x44,0x58,0x6d,0x84,0x9e,0xb5,0xbb,0xbb,0xb7,0xa6,0x90,0x76,0x5c,0x49,0x40,0x45,0x52,0x65,0x7a,
  0x90,0xa6,0xae,0xa8,0x9f,0x97,0x91,0x85,0x7d,0x77,0x74,0x77,0x73,0x6e,0x6f,0x71,0x74,0x72,0x6d,0x6c,0x6e,0x6f,0x74,0x77,
  0x79,0x86,0x90,0x8e,0x8d,0x90,0x8b,0x81,0x7c,0x78,0x78,0x77,0x74,0x78,0x7a,0x77,0x79,0x80,0x89,0x90,0x98,0xa3,0xa9,0xa5,
  0x94,0x83,0x77,0x6b,0x5d,0x58,0x5e,0x66,0x70,0x80,0x91,0xa1,0xaa,0xaa,0xa6,0x9f,0x90,0x7a,0x69,0x60,0x60,0x64,0x6c,0x7e,
  0x8f,0x98,0x9a,0x96,0x94,0x93,0x8b,0x86,0x83,0x84,0x87,0x83,0x82,0x86,0x84,0x7c,0x7a,0x79,0x7e,0x7c,0x76,0x75,0x7b,0x7b,
  0x7c,0x80,0x88,0x8b,0x83,0x7d,0x78,0x72,0x69,0x64,0x68,0x6d,0x74,0x78,0x7a,0x7b,0x7d,0x80,0x80,0x80,0x83,0x85,0x84,0x80,
  0x7a,0x77,0x72,0x6d,0x6b,0x6d,0x69,0x67,0x6e,0x7b,0x85,0x85,0x82,0x86,0x87,0x7e,0x71,0x6a,0x6a,0x68,0x6a,0x71,0x80,0x91,
  0x9b,0xa3,0xa7,0xa3,0x97,0x87,0x74,0x66,0x5d,0x56,0x58,0x63,0x6f,0x7e,0x8f,0xa2,0xac,0xad,0xab,0x9e,0x8f,0x7d,0x6b,0x62,
  0x5b,0x59,0x5d,0x63,0x6e,0x7a,0x8a,0x97,0x9e,0xa2,0xa8,0xa6,0x9c,0x8f,0x82,0x75,0x68,0x5d,0x5a,0x5f,0x67,0x74,0x86,0x9d,
  0xad,0xb4,0xb3,0xad,0x9f,0x8c,0x7b,0x6a,0x5a,0x4f,0x52,0x59,0x67,0x75,0x82,0x92,0x9b,0x98,0x91,0x89,0x80,0x71,0x66,0x65,
  0x69,0x73,0x77,0x7e,0x8e,0x99,0x95,0x8f,0x8b,0x85,0x7d,0x71,0x6f,0x76,0x7e,0x83,0x87,0x8f,0x99,0x9a,0x93,0x8f,0x8b,0x7e,
  0x6d,0x65,0x5d,0x56,0x50,0x4e,0x58,0x65,0x72,0x80,0x93,0xa7,0xba,0xc3,0xbf,0xb4,0xa2,0x8a,0x6c,0x51,0x40,0x39,0x3a,0x45,
  0x62,0x85,0xa2,0xb8,0xcb,0xd6,0xc9,0xad,0x91,0x73,0x56,0x3c,0x30,0x33,0x3b,0x47,0x5d,0x78,0x93,0xa6,0xb0,0xb2,0xb3,0xae,
  0xa2,0x92,0x86,0x7c,0x6f,0x65,0x5f,0x5d,0x5e,0x64,0x6e,0x7d,0x8f,0x9b,0xa4,0xa7,0xa3,0x9a,0x8b,0x7c,0x6b,0x5a,0x50,0x4f,
  0x5a,0x67,0x72,0x7a,0x83,0x8e,0x90,0x8d,0x87,0x89,0x90,0x8c,0x87,0x8b,0x96,0x9a,0x97,0x8f,0x8c,0x8a,0x7b,0x6a,0x5f,0x5f,
  0x63,0x66,0x74,0x88,0x99,0xa1,0xa5,0xad,0xab,0xa1,0x91,0x82,0x77,0x6b,0x5c,0x4e,0x49,0x4d,0x52,0x56,0x5e,0x76,0x8f,0x9e,
  0xa8,0xb2,0xbb,0xb5,0xa0,0x87,0x72,0x5e,0x4a,0x3a,0x38,0x45,0x56,0x6c,0x89,0xa6,0xbf,0xc7,0xc0,0xb3,0x9c,0x81,0x64,0x4b,
  0x3e,0x3b,0x3a,0x44,0x58,0x6f,0x87,0x98,0xa4,0xab,0xaa,0xa2,0x94,0x88,0x7d,0x76,0x6d,0x68,0x6f,0x77,0x78,0x7c,0x84,0x8f,
  0x94,0x8f,0x8f,0x95,0x93,0x8b,0x86,0x83,0x7f,0x77,0x72,0x78,0x82,0x89,0x8a,0x8c,0x8d,0x8b,0x7f,0x72,0x6f,0x6e,0x71,0x73,
  0x7b,0x8d,0xa0,0xaa,0xb1,0xb4,0xb2,0xa9,0x98,0x81,0x6b,0x5d,0x54,0x53,0x58,0x63,0x73,0x87,0x9b,0xa9,0xaf,0xaa,0xa2,0x99,
  0x89,0x72,0x5d,0x55,0x52,0x53,0x53,0x58,0x6a,0x80,0x8d,0x99,0xa2,0xab,0xab,0xa1,0x92,0x8a,0x7d,0x6d,0x62,0x5e,0x62,0x68,
  0x72,0x83,0x97,0xa2,0xa2,0x9d,0x97,0x8a,0x75,0x60,0x57,0x56,0x56,0x59,0x5e,0x6f,0x84,0x8e,0x90,0x92,0x93,0x8b,0x7e,0x6c,
  0x64,0x62,0x63,0x66,0x70,0x81,0x90,0x9c,0xa5,0xac,0xab,0xa1,0x91,0x83,0x73,0x65,0x58,0x54,0x59,0x64,0x73,0x85,0x9e,0xb3,
  0xbe,0xbf,0xb4,0xa3,0x8e,0x74,0x58,0x46,0x41,0x45,0x4e,0x5b,0x71,0x8e,0xa7,0xba,0xc5,0xc1,0xb0,0x98,0x7c,0x61,0x4b,0x3d,
  0x40,0x4d,0x5b,0x6f,0x87,0x9d,0xab,0xb2,0xae,0xa6,0x99,0x8b,0x7d,0x6d,0x5d,0x57,0x58,0x5e,0x67,0x74,0x84,0x97,0xa2,0xa3,
  0x9f,0x96,0x8b,0x7d,0x6d,0x60,0x5a,0x56,0x54,0x5d,0x6b,0x7d,0x90,0x9e,0xa5,0xa1,0x94,0x84,0x77,0x69,0x5c,0x5c,0x61,0x6c,
  0x7e,0x8d,0x97,0x9d,0xa2,0x9f,0x8f,0x7c,0x6f,0x65,0x5a,0x54,0x59,0x69,0x78,0x87,0x98,0xa2,0xa3,0x9e,0x94,0x8a,0x7f,0x78,
  0x70,0x6c,0x6f,0x75,0x7d,0x83,0x8b,0x94,0x97,0x9b,0x9e,0x9c,0x97,0x8a,0x79,0x68,0x5c,0x52,0x4c,0x50,0x5a,0x67,0x76,0x86,
  0x94,0x9d,0xa3,0xa7,0xa2,0x98,0x8c,0x7c,0x6e,0x64,0x61,0x67,0x72,0x7e,0x8b,0x99,0xa6,0xaa,0xa9,0xa1,0x98,0x8e,0x80,0x71,
  0x66,0x63,0x5f,0x5b,0x5c,0x60,0x6e,0x7c,0x86,0x8e,0x96,0x9c,0x9b,0x98,0x93,0x8e,0x86,0x7e,0x76,0x6f,0x6b,0x68,0x67,0x6d,
  0x7a,0x87,0x8d,0x94,0x9a,0x9e,0x9b,0x93,0x91,0x88,0x7b,0x72,0x6d,0x6c,0x6b,0x6a,0x70,0x7c,0x85,0x8c,0x92,0x92,0x8f,0x8e,
  0x8b,0x89,0x87,0x85,0x81,0x7f,0x7c,0x77,0x71,0x6b,0x66,0x64,0x6a,0x73,0x80,0x8e,0x98,0x9f,0xa5,0xa7,0xa2,0x98,0x8e,0x81,
  0x72,0x69,0x66,0x69,0x6d,0x77,0x82,0x8f,0x96,0x96,0x97,0x95,0x91,0x8b,0x89,0x88,0x84,0x7e,0x74,0x6d,0x6b,0x67,0x60,0x5d,
  0x68,0x77,0x81,0x88,0x92,0xa0,0xa7,0xa3,0x98,0x8e,0x86,0x7d,0x70,0x69,0x69,0x68,0x6b,0x71,0x7a,0x84,0x87,0x87,0x89,0x89,
  0x87,0x85,0x88,0x8b,0x8a,0x83,0x78,0x74,0x70,0x67,0x5d,0x5c,0x64,0x70,0x7a,0x84,0x91,0x9e,0xa4,0xab,0xaa,0xa4,0x9b,0x8c,
  0x77,0x68,0x5f,0x59,0x57,0x5a,0x63,0x71,0x7d,0x8a,0x94,0x9a,0x9b,0x99,0x98,0x93,0x88,0x7a,0x6e,0x65,0x5f,0x5c,0x59,0x5f,
  0x6d,0x7b,0x89,0x95,0x9f,0xa6,0xa6,0xa0,0x96,0x8c,0x83,0x76,0x6d,0x68,0x68,0x6c,0x6e,0x72,0x77,0x7a,0x7c,0x78,0x77,0x7a,
  0x7b,0x7a,0x7d,0x83,0x86,0x83,0x80,0x81,0x80,0x78,0x6e,0x68,0x69,0x6c,0x6e,0x74,0x7c,0x87,0x93,0x9b,0xa0,0xa3,0xa2,0x9c,
  0x90,0x83,0x7b,0x72,0x64,0x5b,0x5b,0x63,0x69,0x6e,0x78,0x89,0x98,0x9f,0xa4,0xa9,0xa2,0x91,0x81,0x72,0x67,0x59,0x4e,0x4a,
  0x50,0x5d,0x6a,0x7b,0x8c,0x9d,0xa8,0xab,0xab,0xa8,0x9c,0x8c,0x7a,0x6f,0x69,0x65,0x62,0x62,0x68,0x74,0x7d,0x85,0x92,0x9b,
  0x9e,0x9e,0x9d,0x9a,0x94,0x89,0x7a,0x72,0x6d,0x65,0x5c,0x59,0x5e,0x67,0x6b,0x72,0x7f,0x8e,0x92,0x90,0x93,0x96,0x90,0x85,
  0x7c,0x78,0x77,0x75,0x75,0x79,0x7b,0x7c,0x7d,0x7f,0x84,0x8c,0x8d,0x8d,0x94,0x9a,0x97,0x91,0x8b,0x89,0x7f,0x6c,0x5a,0x50,
  0x4e,0x4f,0x52,0x59,0x6b,0x83,0x95,0xa0,0xaa,0xb3,0xb3,0xa9,0x97,0x83,0x74,0x6b,0x61,0x5b,0x5e,0x66,0x6d,0x72,0x7b,0x86,
  0x8f,0x95,0x9e,0xa5,0xa1,0x97,0x90,0x86,0x7b,0x69,0x5a,0x50,0x50,0x55,0x5c,0x6b,0x81,0x98,0xa7,0xad,0xb0,0xb1,0xac,0x9d,
  0x90,0x81,0x74,0x6a,0x65,0x63,0x64,0x6a,0x76,0x82,0x8c,0x91,0x93,0x95,0x96,0x93,0x8b,0x80,0x78,0x75,0x6d,0x64,0x5d,0x5c,
  0x5f,0x66,0x69,0x6e,0x7d,0x8d,0x97,0x9a,0x9f,0xa0,0x9c,0x92,0x86,0x7d,0x75,0x72,0x74,0x77,0x7a,0x80,0x87,0x89,0x8d,0x90,
  0x8b,0x88,0x8a,0x89,0x85,0x84,0x88,0x8b,0x8a,0x83,0x7d,0x76,0x6d,0x64,0x5f,0x5b,0x5b,0x63,0x73,0x84,0x93,0x9f,0xa8,0xad,
  0xac,0x9b,0x87,0x7a,0x6f,0x62,0x59,0x59,0x67,0x76,0x7f,0x86,0x95,0xa5,0xad,0xaa,0xa3,0x9f,0x9c,0x8f,0x7d,0x6f,0x65,0x5a,
  0x52,0x51,0x56,0x5f,0x70,0x7f,0x8d,0x9a,0xa5,0xa8,0xa2,0x95,0x87,0x7c,0x6a,0x5d,0x58,0x59,0x5c,0x68,0x7b,0x90,0x9f,0xa5,
  0xa6,0xa8,0xa8,0x9e,0x8f,0x83,0x7f,0x7b,0x71,0x6d,0x70,0x75,0x76,0x76,0x78,0x7a,0x7a,0x78,0x74,0x73,0x72,0x72,0x75,0x78,
  0x7d,0x82,0x8b,0x92,0x94,0x8f,0x89,0x84,0x7e,0x74,0x6c,0x6a,0x6c,0x71,0x79,0x82,0x8b,0x96,0xa2,0xa2,0x99,0x92,0x89,0x79,
  0x66,0x5c,0x57,0x55,0x54,0x56,0x5a,0x67,0x77,0x88,0x93,0x9c,0xa8,0xa9,0xa1,0x97,0x8b,0x7d,0x6e,0x64,0x60,0x62,0x66,0x6e,
  0x7c,0x8e,0x9d,0xa3,0xa3,0xa2,0xa2,0x95,0x81,0x72,0x6a,0x5f,0x54,0x4e,0x52,0x5b,0x64,0x6b,0x73,0x7b,0x80,0x86,0x89,0x8a,
  0x8c,0x8c,0x89,0x87,0x83,0x7d,0x7a,0x7b,0x7f,0x7f,0x80,0x7f,0x7f,0x80,0x80,0x7e,0x7d,0x80,0x83,0x83,0x82,0x83,0x83,0x84,
  0x83,0x7f,0x7d,0x7b,0x77,0x74,0x74,0x74,0x77,0x79,0x7a,0x80,0x88,0x88,0x85,0x8a,0x8c,0x86,0x7c,0x73,0x72,0x72,0x6c,0x68,
  0x6b,0x77,0x7e,0x81,0x89,0x98,0xa7,0xaa,0xa6,0xa2,0x9b,0x8f,0x80,0x71,0x65,0x5c,0x59,0x5b,0x5f,0x66,0x72,0x7e,0x87,0x8d,
  0x91,0x92,0x8e,0x88,0x83,0x80,0x7a,0x76,0x74,0x76,0x77,0x78,0x77,0x7a,0x83,0x84,0x84,0x88,0x91,0x9b,0x9e,0x9a,0x98,0x99,
  0x96,0x8a,0x7a,0x6e,0x67,0x63,0x5f,0x5e,0x64,0x70,0x7e,0x87,0x8e,0x93,0x96,0x94,0x8d,0x83,0x7c,0x7b,0x7a,0x77,0x77,0x7f,
  0x88,0x8c,0x8e,0x8e,0x8f,0x8f,0x8e,0x88,0x83,0x82,0x80,0x7f,0x7d,0x77,0x70,0x69,0x68,0x6b,0x6d,0x70,0x77,0x80,0x85,0x8a,
  0x8d,0x8f,0x8f,0x8b,0x88,0x87,0x83,0x82,0x86,0x8a,0x8b,0x8b,0x8d,0x8f,0x89,0x7b,0x71,0x6d,0x70,0x6c,0x69,0x71,0x83,0x95,
  0xa3,0xa7,0xaa,0xa9,0x9e,0x90,0x81,0x70,0x61,0x59,0x56,0x59,0x5e,0x65,0x72,0x80,0x8d,0x96,0x9a,0x9a,0x99,0x95,0x90,0x8b,
  0x85,0x84,0x7e,0x79,0x78,0x76,0x75,0x78,0x7a,0x7e,0x84,0x89,0x89,0x88,0x86,0x84,0x82,0x7b,0x72,0x6c,0x69,0x6b,0x72,0x7d,
  0x88,0x91,0x99,0xa0,0x9f,0x92,0x83,0x76,0x6a,0x63,0x5c,0x5c,0x69,0x7c,0x88,0x91,0x9b,0xa3,0x9d,0x8d,0x80,0x79,0x74,0x70,
  0x70,0x76,0x80,0x89,0x8f,0x93,0x93,0x90,0x8a,0x82,0x78,0x71,0x6d,0x6b,0x6d,0x6e,0x6f,0x71,0x71,0x74,0x79,0x7e,0x88,0x8f,
  0x95,0x9b,0x9e,0x9a,0x8f,0x85,0x7b,0x6b,0x5c,0x56,0x5c,0x68,0x74,0x81,0x8f,0x9e,0xa8,0xa7,0xa0,0x95,0x8a,0x7f,0x72,0x67,
  0x63,0x67,0x6f,0x77,0x80,0x87,0x8c,0x8e,0x89,0x80,0x76,0x6e,0x6c,0x6a,0x6d,0x7a,0x87,0x8f,0x96,0x9d,0x9f,0x98,0x8e,0x87,
  0x83,0x7d,0x75,0x6f,0x71,0x75,0x74,0x73,0x75,0x7c,0x80,0x7c,0x75,0x75,0x7a,0x78,0x71,0x6d,0x70,0x76,0x79,0x75,0x72,0x75,
  0x81,0x8b,0x91,0x9b,0xab,0xb6,0xaf,0x9e,0x8e,0x80,0x6d,0x59,0x4f,0x51,0x5c,0x69,0x78,0x8a,0x9a,0xa2,0xa4,0x9f,0x95,0x84,
  0x75,0x69,0x61,0x59,0x58,0x5a,0x60,0x69,0x73,0x83,0x92,0x96,0x97,0x9c,0xa0,0x9f,0x9a,0x97,0x93,0x8a,0x80,0x77,0x71,0x6f,
  0x6d,0x6c,0x6e,0x74,0x7a,0x7c,0x7e,0x81,0x83,0x82,0x7f,0x7c,0x78,0x77,0x79,0x78,0x7b,0x80,0x86,0x89,0x87,0x85,0x86,0x84,
  0x7d,0x79,0x79,0x78,0x75,0x7a,0x84,0x90,0x95,0x95,0x95,0x92,0x8d,0x83,0x77,0x6f,0x6c,0x69,0x69,0x6f,0x7b,0x87,0x91,0x9c,
  0xa0,0x9d,0x96,0x8d,0x80,0x75,0x6c,0x67,0x60,0x5a,0x5b,0x62,0x6a,0x71,0x7d,0x8b,0x96,0x9c,0xa1,0xa5,0xa4,0x9e,0x93,0x85,
  0x7b,0x72,0x6e,0x6b,0x6f,0x77,0x7e,0x86,0x8d,0x90,0x91,0x90,0x8e,0x85,0x7b,0x72,0x6d,0x6a,0x67,0x6a,0x71,0x79,0x81,0x88,
  0x8c,0x8e,0x8c,0x8a,0x86,0x80,0x7b,0x77,0x72,0x75,0x80,0x8a,0x8e,0x93,0x9d,0xa5,0xa3,0x9b,0x94,0x89,0x7b,0x6d,0x60,0x5a,
  0x59,0x5b,0x61,0x6a,0x77,0x84,0x90,0x95,0x94,0x92,0x8d,0x7e,0x6c,0x62,0x5d,0x59,0x5d,0x69,0x77,0x8a,0x9f,0xae,0xba,0xbf,
  0xbc,0xaf,0x9b,0x87,0x73,0x5c,0x49,0x44,0x4a,0x58,0x64,0x72,0x83,0x93,0x9b,0x98,0x93,0x8c,0x83,0x78,0x6e,0x68,0x67,0x6b,
  0x6f,0x71,0x77,0x81,0x8d,0x91,0x8d,0x8c,0x90,0x8b,0x7e,0x7a,0x7f,0x84,0x80,0x7f,0x8b,0x95,0x98,0x93,0x90,0x8d,0x83,0x74,
  0x61,0x58,0x56,0x53,0x52,0x5b,0x6e,0x82,0x92,0x9b,0xa2,0xa7,0xa3,0x95,0x83,0x74,0x6a,0x65,0x62,0x64,0x6e,0x80,0x91,0x9d,
  0xa7,0xaf,0xac,0xa1,0x96,0x8b,0x7e,0x6e,0x61,0x5a,0x58,0x5b,0x62,0x6e,0x7a,0x88,0x93,0x98,0x9d,0x9d,0x98,0x92,0x86,0x79,
  0x71,0x6a,0x62,0x5c,0x5f,0x68,0x73,0x7a,0x84,0x8f,0x96,0x94,0x91,0x92,0x90,0x85,0x79,0x79,0x7d,0x81,0x85,0x89,0x8d,0x90,
  0x89,0x7d,0x74,0x6a,0x60,0x58,0x59,0x61,0x6d,0x7b,0x89,0x96,0x9e,0xa1,0x9d,0x93,0x87,0x7a,0x6e,0x66,0x61,0x65,0x6e,0x76,
  0x7e,0x86,0x91,0x96,0x93,0x92,0x94,0x91,0x8c,0x8b,0x8e,0x8e,0x85,0x7b,0x77,0x75,0x73,0x72,0x79,0x83,0x89,0x8c,0x8f,0x90,
  0x8c,0x82,0x75,0x68,0x5f,0x59,0x53,0x51,0x5f,0x74,0x88,0x9a,0xa7,0xae,0xb0,0xab,0x9c,0x88,0x78,0x72,0x70,0x6e,0x6b,0x72,
  0x7e,0x86,0x86,0x83,0x7d,0x75,0x6d,0x68,0x68,0x6c,0x75,0x81,0x8a,0x91,0x96,0x95,0x90,0x87,0x7e,0x7b,0x78,0x75,0x72,0x74,
  0x78,0x7d,0x7c,0x7d,0x84,0x86,0x88,0x8c,0x94,0x9a,0x98,0x92,0x8e,0x88,0x7f,0x71,0x66,0x61,0x61,0x63,0x6a,0x75,0x84,0x95,
  0x9f,0xa2,0x9b,0x8e,0x7d,0x6b,0x59,0x4b,0x48,0x51,0x64,0x7a,0x90,0xa3,0xb2,0xbc,0xbc,0xae,0x96,0x80,0x6f,0x61,0x59,0x59,
  0x60,0x6f,0x80,0x8f,0x9a,0x9f,0x9c,0x96,0x8f,0x87,0x7e,0x79,0x79,0x7a,0x78,0x78,0x78,0x78,0x74,0x6e,0x6c,0x6e,0x73,0x76,
  0x7a,0x7e,0x83,0x87,0x88,0x84,0x7f,0x7e,0x7f,0x81,0x83,0x87,0x94,0xa0,0xa3,0x9f,0x98,0x8d,0x7d,0x6f,0x65,0x64,0x67,0x71,
  0x83,0x94,0x9f,0xa2,0x9c,0x90,0x7e,0x66,0x52,0x47,0x4a,0x55,0x67,0x7f,0x98,0xac,0xb9,0xb9,0xac,0x97,0x7d,0x66,0x56,0x4b,
  0x4a,0x56,0x6b,0x84,0x9c,0xae,0xb7,0xb6,0xad,0xa0,0x90,0x7e,0x73,0x6c,0x67,0x62,0x63,0x67,0x6c,0x70,0x75,0x80,0x8a,0x90,
  0x91,0x8e,0x8d,0x8c,0x86,0x7b,0x70,0x6c,0x69,0x68,0x69,0x70,0x81,0x90,0x9b,0xa7,0xac,0xa7,0x9b,0x8a,0x77,0x60,0x4d,0x47,
  0x4f,0x5b,0x6d,0x80,0x90,0x9d,0xa5,0xa1,0x93,0x86,0x78,0x6d,0x64,0x5d,0x5d,0x68,0x79,0x85,0x8d,0x95,0x99,0x93,0x84,0x75,
  0x71,0x71,0x70,0x74,0x7e,0x89,0x93,0x9a,0x9c,0x9c,0x9a,0x92,0x87,0x7f,0x78,0x70,0x68,0x64,0x64,0x66,0x65,0x68,0x71,0x7a,
  0x80,0x83,0x89,0x8e,0x8d,0x86,0x7e,0x78,0x71,0x67,0x5d,0x5a,0x60,0x6f,0x82,0x96,0xa6,0xb5,0xc0,0xbe,0xae,0x96,0x80,0x70,
  0x60,0x53,0x51,0x57,0x63,0x74,0x87,0x9a,0xa9,0xae,0xa9,0xa1,0x95,0x83,0x6e,0x5f,0x56,0x4e,0x4c,0x52,0x5c,0x69,0x75,0x82,
  0x8f,0x97,0x9c,0x9e,0x9c,0x9b,0x98,0x92,0x87,0x7b,0x74,0x75,0x7a,0x7e,0x83,0x8b,0x93,0x96,0x95,0x91,0x8d,0x87,0x7c,0x70,
  0x67,0x62,0x60,0x63,0x69,0x71,0x79,0x81,0x87,0x89,0x84,0x7d,0x79,0x7a,0x7b,0x7b,0x7e,0x84,0x8f,0x9a,0x99,0x93,0x90,0x8c,
  0x86,0x7c,0x74,0x72,0x76,0x79,0x7b,0x81,0x89,0x93,0x99,0x99,0x95,0x8e,0x85,0x78,0x6b,0x5f,0x58,0x56,0x58,0x5f,0x63,0x6b,
  0x78,0x87,0x94,0x9b,0x9f,0xa0,0x9f,0x9a,0x8f,0x82,0x76,0x72,0x72,0x70,0x70,0x74,0x80,0x89,0x8b,0x8f,0x95,0x96,0x8f,0x84,
  0x7a,0x73,0x6f,0x67,0x60,0x5e,0x63,0x6a,0x72,0x7b,0x82,0x87,0x8a,0x8a,0x8e,0x8c,0x88,0x89,0x8c,0x8c,0x85,0x81,0x80,0x81,
  0x81,0x7f,0x81,0x87,0x8b,0x8d,0x8e,0x92,0x97,0x99,0x97,0x90,0x82,0x74,0x6c,0x64,0x5b,0x53,0x53,0x5d,0x66,0x6e,0x75,0x7d,
  0x88,0x8f,0x8f,0x8a,0x85,0x85,0x86,0x86,0x86,0x8a,0x8f,0x93,0x94,0x8e,0x8a,0x88,0x87,0x83,0x7d,0x7c,0x7f,0x82,0x80,0x7e,
  0x81,0x85,0x83,0x7e,0x7b,0x78,0x74,0x70,0x6e,0x6d,0x6a,0x66,0x68,0x70,0x75,0x76,0x7a,0x84,0x8c,0x8d,0x8b,0x8e,0x94,0x92,
  0x88,0x7e,0x7b,0x7a,0x7b,0x7f,0x86,0x91,0x9e,0xa7,0xa8,0xa2,0x97,0x8a,0x7d,0x6a,0x54,0x46,0x44,0x49,0x54,0x64,0x75,0x87,
  0x96,0x9d,0x9b,0x92,0x89,0x80,0x78,0x72,0x6d,0x6f,0x7a,0x88,0x92,0x97,0x9b,0xa0,0x9f,0x97,0x8c,0x83,0x7f,0x7b,0x76,0x71,
  0x71,0x76,0x79,0x7a,0x7b,0x7d,0x81,0x84,0x85,0x83,0x80,0x7f,0x7d,0x77,0x6e,0x65,0x61,0x63,0x67,0x70,0x81,0x93,0xa5,0xb0,
  0xb1,0xab,0xa2,0x96,0x85,0x74,0x66,0x5e,0x5e,0x65,0x6e,0x78,0x85,0x90,0x94,0x92,0x8c,0x81,0x77,0x70,0x6b,0x65,0x62,0x66,
  0x6f,0x78,0x7b,0x7c,0x7f,0x86,0x8a,0x86,0x87,0x92,0x9e,0xa2,0x9d,0x95,0x90,0x88,0x7a,0x6d,0x67,0x67,0x68,0x6b,0x71,0x7c,
  0x87,0x90,0x94,0x93,0x8e,0x85,0x7c,0x75,0x71,0x6d,0x6d,0x72,0x76,0x76,0x73,0x6e,0x6d,0x6e,0x6d,0x6a,0x70,0x82,0x92,0x9d,
  0xa9,0xb4,0xb6,0xad,0x9f,0x90,0x7f,0x6b,0x5b,0x52,0x50,0x54,0x5f,0x73,0x88,0x97,0x9f,0xa7,0xaa,0xa2,0x92,0x82,0x77,0x6f,
  0x63,0x57,0x51,0x4f,0x52,0x58,0x62,0x74,0x8c,0xa5,0xb5,0xbc,0xbe,0xbb,0xb2,0xa0,0x88,0x70,0x5c,0x4d,0x44,0x42,0x4d,0x62,
  0x7a,0x91,0xa8,0xbb,0xc0,0xbc,0xaf,0x9d,0x87,0x71,0x62,0x58,0x52,0x50,0x53,0x5b,0x66,0x6d,0x75,0x82,0x94,0xa2,0xa8,0xac,
  0xad,0xab,0xa5,0x9b,0x8e,0x7e,0x70,0x63,0x55,0x4b,0x49,0x52,0x63,0x76,0x8b,0x9d,0xab,0xb1,0xb0,0xa9,0x9e,0x8f,0x80,0x73,
  0x6a,0x5f,0x56,0x54,0x59,0x61,0x6b,0x79,0x8c,0x9e,0xa7,0xab,0xaf,0xac,0xa2,0x95,0x88,0x7c,0x6f,0x60,0x55,0x53,0x54,0x58,
  0x63,0x71,0x83,0x94,0x9f,0xa5,0xa5,0xa2,0x9b,0x8e,0x80,0x73,0x68,0x5e,0x56,0x53,0x54,0x57,0x61,0x74,0x87,0x95,0xa0,0xaa,
  0xb2,0xb3,0xab,0xa0,0x9a,0x90,0x7f,0x6a,0x5b,0x55,0x54,0x54,0x58,0x64,0x76,0x87,0x93,0x9b,0xa2,0xa5,0x9f,0x94,0x87,0x7c,
  0x71,0x66,0x5c,0x58,0x59,0x5e,0x68,0x78,0x88,0x95,0x9f,0xa7,0xa6,0x99,0x8b,0x83,0x80,0x79,0x72,0x70,0x71,0x73,0x70,0x6d,
  0x6f,0x76,0x7a,0x7c,0x80,0x86,0x8a,0x8f,0x91,0x94,0x98,0x97,0x92,0x8a,0x7f,0x73,0x69,0x63,0x62,0x60,0x62,0x6d,0x7a,0x83,
  0x8b,0x92,0x98,0x9b,0x99,0x93,0x90,0x8b,0x82,0x79,0x6e,0x63,0x5d,0x5b,0x5d,0x65,0x6f,0x7e,0x8c,0x97,0x9f,0xa5,0xa8,0xa8,
  0x9f,0x93,0x86,0x78,0x6b,0x63,0x5f,0x61,0x67,0x72,0x7c,0x82,0x87,0x8b,0x8b,0x89,0x88,0x84,0x81,0x81,0x80,0x7f,0x7f,0x7b,
  0x74,0x71,0x70,0x71,0x73,0x77,0x7e,0x87,0x8e,0x93,0x98,0x9b,0x9a,0x93,0x8a,0x80,0x75,0x6c,0x68,0x67,0x67,0x6c,0x76,0x7f,
  0x83,0x86,0x8c,0x91,0x92,0x90,0x8f,0x91,0x90,0x8a,0x83,0x7a,0x70,0x65,0x5d,0x56,0x54,0x5b,0x69,0x78,0x87,0x97,0xa7,0xb1,
  0xb5,0xb2,0xa6,0x94,0x82,0x70,0x5e,0x4d,0x44,0x47,0x51,0x5e,0x6c,0x80,0x96,0xa7,0xaf,0xb0,0xaf,0xaa,0x9d,0x8a,0x76,0x66,
  0x5a,0x51,0x4f,0x56,0x67,0x7a,0x8e,0xa1,0xae,0xb3,0xaf,0xa5,0x95,0x80,0x68,0x56,0x4e,0x4b,0x4d,0x58,0x6c,0x82,0x93,0x9e,
  0xa4,0xa4,0x9d,0x90,0x81,0x74,0x6b,0x65,0x64,0x68,0x72,0x7e,0x82,0x84,0x87,0x89,0x8b,0x86,0x82,0x84,0x88,0x89,0x89,0x8d,
  0x93,0x98,0x97,0x93,0x8e,0x86,0x7a,0x6c,0x5f,0x59,0x59,0x5b,0x61,0x6b,0x78,0x84,0x92,0x9e,0xa4,0xa2,0x9e,0x99,0x8b,0x78,
  0x65,0x58,0x52,0x51,0x56,0x65,0x7d,0x96,0xab,0xb9,0xbf,0xbb,0xae,0x97,0x7e,0x65,0x53,0x4a,0x4b,0x54,0x66,0x7c,0x91,0xa3,
  0xb0,0xb3,0xae,0xa2,0x91,0x7e,0x6c,0x5f,0x59,0x56,0x56,0x60,0x6e,0x78,0x7e,0x85,0x8f,0x95,0x97,0x97,0x97,0x98,0x96,0x91,
  0x8a,0x80,0x76,0x6f,0x6a,0x69,0x6b,0x71,0x78,0x82,0x8a,0x8b,0x8a,0x8b,0x8a,0x85,0x81,0x7e,0x7e,0x7f,0x7e,0x7b,0x7c,0x7f,
  0x7e,0x77,0x70,0x70,0x75,0x79,0x7e,0x87,0x94,0xa0,0xa5,0xa3,0x98,0x89,0x7c,0x6c,0x5a,0x4f,0x4e,0x56,0x65,0x76,0x87,0x97,
  0xa4,0xa7,0xa2,0x96,0x8b,0x7f,0x6c,0x5d,0x5a,0x5d,0x60,0x68,0x75,0x85,0x91,0x98,0x9e,0xa1,0xa1,0xa0,0x9d,0x99,0x93,0x8a,
  0x7d,0x72,0x66,0x5b,0x54,0x55,0x5d,0x67,0x74,0x83,0x8e,0x94,0x98,0x93,0x8b,0x84,0x7b,0x72,0x68,0x65,0x6b,0x72,0x76,0x7e,
  0x88,0x91,0x95,0x92,0x8f,0x8e,0x8c,0x88,0x84,0x85,0x8a,0x8c,0x88,0x83,0x7c,0x75,0x6e,0x68,0x64,0x68,0x71,0x7c,0x83,0x8a,
  0x94,0x99,0x97,0x92,0x89,0x7e,0x72,0x6a,0x62,0x5b,0x5c,0x67,0x72,0x7e,0x8a,0x95,0x9d,0xa0,0x9e,0x9b,0x96,0x8e,0x84,0x78,
  0x6d,0x66,0x62,0x5e,0x5d,0x63,0x70,0x81,0x91,0x9d,0xa4,0xa9,0xab,0xa2,0x90,0x80,0x75,0x6b,0x60,0x57,0x5a,0x64,0x6d,0x76,
  0x80,0x8f,0x9e,0xa3,0x9d,0x96,0x8f,0x86,0x7b,0x70,0x69,0x66,0x68,0x6d,0x71,0x76,0x7e,0x86,0x8d,0x94,0x96,0x95,0x94,0x93,
  0x8e,0x84,0x7c,0x7b,0x7a,0x77,0x73,0x71,0x71,0x71,0x71,0x71,0x73,0x79,0x83,0x8e,0x97,0x9f,0xa4,0xa4,0x9d,0x95,0x8c,0x7f,
  0x70,0x64,0x5e,0x5d,0x60,0x68,0x72,0x80,0x92,0x9f,0xa2,0x9e,0x98,0x8e,0x7e,0x6f,0x62,0x59,0x53,0x52,0x59,0x65,0x73,0x83,
  0x95,0xa4,0xaf,0xb5,0xb5,0xaf,0xa3,0x93,0x82,0x74,0x69,0x61,0x5b,0x5b,0x63,0x6f,0x7a,0x83,0x8d,0x96,0x9d,0x9d,0x94,0x8a,
  0x82,0x7b,0x71,0x64,0x5e,0x62,0x66,0x67,0x69,0x71,0x7b,0x7e,0x7f,0x89,0x97,0x9f,0xa0,0x9d,0x9d,0x9e,0x94,0x84,0x77,0x71,
  0x6c,0x62,0x59,0x59,0x61,0x6d,0x79,0x89,0x9a,0xa5,0xa9,0xa8,0xa3,0x98,0x88,0x75,0x67,0x5e,0x57,0x54,0x5a,0x67,0x78,0x87,
  0x92,0x9f,0xab,0xae,0xab,0xa4,0x9c,0x8d,0x77,0x60,0x51,0x49,0x45,0x45,0x4c,0x5c,0x73,0x89,0x9a,0xaa,0xb9,0xc2,0xbf,0xb3,
  0xa4,0x94,0x80,0x6a,0x58,0x4e,0x4a,0x49,0x4f,0x5c,0x6d,0x82,0x96,0xa9,0xb6,0xbc,0xbc,0xb6,0xa7,0x92,0x7a,0x63,0x51,0x43,
  0x3c,0x3f,0x4d,0x60,0x74,0x86,0x9a,0xac,0xb6,0xb6,0xaf,0xa7,0x9c,0x8a,0x77,0x67,0x5b,0x54,0x53,0x54,0x5b,0x69,0x79,0x86,
  0x93,0xa2,0xb0,0xb8,0xb5,0xab,0x9e,0x8f,0x7a,0x60,0x4d,0x46,0x48,0x51,0x5e,0x71,0x87,0x99,0xa5,0xaa,0xac,0xa9,0xa0,0x94,
  0x88,0x7c,0x6f,0x63,0x5b,0x54,0x4e,0x4f,0x54,0x5d,0x6c,0x7c,0x8e,0xa4,0xb6,0xc0,0xc2,0xbd,0xb1,0x9d,0x83,0x66,0x50,0x42,
  0x3b,0x3d,0x49,0x5c,0x75,0x8d,0x9e,0xac,0xb7,0xbc,0xb8,0xab,0x98,0x89,0x78,0x63,0x52,0x4a,0x4b,0x51,0x5d,0x6c,0x7f,0x91,
  0x9e,0xa6,0xac,0xad,0xa5,0x95,0x81,0x70,0x60,0x51,0x49,0x4c,0x58,0x68,0x79,0x8b,0x9b,0xa3,0xa5,0xa0,0x95,0x8b,0x82,0x79,
  0x6f,0x6a,0x6a,0x6a,0x6c,0x6e,0x73,0x78,0x7b,0x81,0x88,0x8e,0x92,0x98,0x9e,0xa2,0xa3,0xa0,0x97,0x8b,0x7e,0x6f,0x62,0x58,
  0x54,0x58,0x5f,0x68,0x75,0x84,0x91,0x97,0x99,0x98,0x97,0x93,0x88,0x7b,0x74,0x71,0x6f,0x6b,0x6a,0x6f,0x78,0x80,0x88,0x8f,
  0x94,0x99,0x9a,0x9b,0x9a,0x92,0x8a,0x81,0x78,0x6d,0x62,0x5b,0x5e,0x66,0x6d,0x74,0x80,0x8d,0x95,0x94,0x90,0x8e,0x88,0x7e,
  0x73,0x6c,0x69,0x6f,0x75,0x7a,0x83,0x8d,0x98,0x9e,0x9e,0x9e,0x9c,0x98,0x8d,0x82,0x7c,0x75,0x6c,0x65,0x64,0x68,0x6c,0x6f,
  0x75,0x7f,0x88,0x8b,0x8d,0x8d,0x8a,0x82,0x78,0x70,0x71,0x75,0x79,0x7f,0x87,0x91,0x97,0x97,0x92,0x8b,0x81,0x76,0x6b,0x66,
  0x65,0x69,0x72,0x7d,0x8a,0x93,0x98,0x99,0x96,0x8f,0x82,0x71,0x62,0x5c,0x5b,0x5e,0x64,0x72,0x87,0x98,0xa0,0xa5,0xa7,0xa7,
  0x9e,0x8d,0x7e,0x70,0x64,0x59,0x53,0x53,0x59,0x64,0x74,0x87,0x99,0xa5,0xad,0xb0,0xac,0x9d,0x88,0x74,0x63,0x55,0x4b,0x4c,
  0x57,0x6a,0x7d,0x8f,0x9f,0xa9,0xad,0xa7,0x98,0x84,0x70,0x60,0x57,0x54,0x58,0x64,0x71,0x7f,0x8b,0x92,0x94,0x93,0x91,0x8c,
  0x86,0x82,0x7f,0x7f,0x81,0x85,0x87,0x89,0x8b,0x8a,0x86,0x80,0x7b,0x77,0x73,0x6f,0x70,0x75,0x7b,0x80,0x84,0x88,0x8b,0x8a,
  0x86,0x81,0x7d,0x79,0x71,0x6a,0x67,0x65,0x63,0x66,0x70,0x81,0x94,0xa6,0xb5,0xbf,0xc0,0xb8,0xa7,0x8f,0x75,0x5b,0x46,0x37,
  0x37,0x41,0x52,0x68,0x83,0x9c,0xae,0xb8,0xba,0xb0,0xa0,0x8f,0x80,0x6f,0x60,0x59,0x5b,0x60,0x65,0x6c,0x76,0x80,0x8a,0x90,
  0x95,0x9a,0xa0,0xa3,0x9f,0x97,0x8c,0x80,0x74,0x66,0x5c,0x55,0x58,0x62,0x6e,0x7d,0x90,0xa4,0xb1,0xb5,0xb0,0xa5,0x96,0x83,
  0x6f,0x60,0x56,0x54,0x58,0x5e,0x66,0x71,0x7e,0x89,0x91,0x99,0xa0,0xa4,0xa7,0xa5,0x9d,0x8f,0x80,0x71,0x62,0x54,0x4c,0x4b,
  0x55,0x64,0x75,0x85,0x95,0xa5,0xaf,0xaf,0xa7,0x9e,0x92,0x85,0x76,0x6a,0x63,0x61,0x64,0x66,0x69,0x6e,0x75,0x7c,0x83,0x8c,
  0x97,0x9d,0xa1,0xa3,0x9f,0x95,0x8a,0x7e,0x70,0x61,0x57,0x56,0x5e,0x68,0x72,0x82,0x97,0xa5,0xa9,0xa5,0x9e,0x93,0x83,0x73,
  0x65,0x5d,0x5a,0x5b,0x60,0x67,0x71,0x7b,0x82,0x89,0x91,0x94,0x96,0x98,0x99,0x95,0x8d,0x84,0x7a,0x71,0x68,0x61,0x61,0x65,
  0x6c,0x77,0x84,0x92,0x9f,0xa9,0xae,0xac,0xa6,0x9b,0x8b,0x7b,0x6c,0x60,0x59,0x56,0x57,0x60,0x69,0x70,0x7a,0x87,0x90,0x93,
  0x93,0x94,0x96,0x8f,0x82,0x79,0x75,0x71,0x6a,0x66,0x68,0x72,0x7d,0x87,0x94,0xa0,0xa6,0xa5,0x9e,0x95,0x8b,0x7e,0x70,0x67,
  0x64,0x65,0x69,0x72,0x7e,0x87,0x8b,0x8c,0x8c,0x8a,0x82,0x7a,0x76,0x75,0x75,0x76,0x77,0x7a,0x80,0x82,0x7f,0x7c,0x7a,0x79,
  0x7a,0x7a,0x7b,0x83,0x8c,0x91,0x92,0x92,0x90,0x8c,0x84,0x7e,0x79,0x77,0x76,0x77,0x79,0x7a,0x7e,0x84,0x86,0x85,0x85,0x85,
  0x85,0x84,0x82,0x81,0x80,0x7c,0x76,0x72,0x72,0x74,0x76,0x77,0x79,0x7f,0x87,0x8b,0x8a,0x89,0x87,0x82,0x7b,0x73,0x6d,0x6b,
  0x6d,0x73,0x78,0x7e,0x89,0x94,0x96,0x92,0x8f,0x8d,0x86,0x79,0x6e,0x6a,0x6c,0x6f,0x72,0x76,0x7e,0x86,0x8a,0x89,0x89,0x88,
  0x87,0x87,0x88,0x8a,0x89,0x8a,0x8b,0x89,0x85,0x80,0x7c,0x7a,0x75,0x71,0x70,0x73,0x76,0x75,0x74,0x74,0x75,0x74,0x71,0x6e,
  0x6f,0x73,0x77,0x7b,0x7c,0x7e,0x84,0x86,0x83,0x81,0x83,0x86,0x89,0x8d,0x93,0x9b,0x9f,0x9f,0x9f,0x99,0x8e,0x82,0x78,0x6f,
  0x65,0x61,0x65,0x70,0x7c,0x87,0x91,0x99,0x9c,0x96,0x8a,0x7c,0x71,0x68,0x5e,0x57,0x58,0x60,0x67,0x6e,0x79,0x88,0x95,0x9c,
  0x9f,0xa1,0xa0,0x9a,0x91,0x86,0x7b,0x72,0x6b,0x65,0x63,0x68,0x72,0x7d,0x88,0x92,0x9c,0xa1,0x9e,0x98,0x91,0x87,0x7b,0x73,
  0x6d,0x6a,0x6d,0x72,0x79,0x7e,0x82,0x86,0x88,0x84,0x7d,0x78,0x76,0x77,0x78,0x7b,0x82,0x86,0x89,0x8a,0x88,0x84,0x7d,0x78,
  0x75,0x72,0x71,0x73,0x78,0x80,0x89,0x90,0x97,0x9e,0x9f,0x9a,0x91,0x87,0x7d,0x71,0x64,0x5c,0x59,0x5a,0x5f,0x6a,0x7a,0x8a,
  0x99,0xa7,0xb0,0xb0,0xa8,0x9e,0x91,0x7e,0x6a,0x5b,0x53,0x51,0x55,0x61,0x71,0x83,0x92,0x9e,0xa3,0xa3,0x9e,0x94,0x85,0x75,
  0x69,0x62,0x5e,0x5c,0x5d,0x63,0x6d,0x75,0x7d,0x85,0x8e,0x95,0x98,0x9a,0x9c,0x9a,0x95,0x8e,0x89,0x85,0x81,0x7c,0x77,0x77,
  0x79,0x7a,0x7d,0x80,0x82,0x83,0x84,0x85,0x84,0x80,0x7d,0x7c,0x79,0x76,0x73,0x6d,0x66,0x61,0x5e,0x5e,0x61,0x65,0x6f,0x7b,
  0x89,0x96,0xa0,0xa6,0xa9,0xa6,0x9d,0x93,0x87,0x79,0x6d,0x65,0x63,0x68,0x70,0x7a,0x85,0x8f,0x98,0x9a,0x99,0x94,0x8c,0x82,
  0x78,0x71,0x6c,0x68,0x65,0x64,0x67,0x6d,0x74,0x78,0x7e,0x86,0x8b,0x8f,0x91,0x92,0x90,0x8b,0x88,0x88,0x85,0x7d,0x77,0x74,
  0x72,0x6f,0x6c,0x6b,0x6e,0x73,0x78,0x7f,0x88,0x91,0x96,0x97,0x99,0x98,0x91,0x86,0x79,0x6e,0x66,0x61,0x60,0x63,0x6a,0x76,
  0x85,0x95,0xa2,0xaa,0xae,0xac,0xa4,0x97,0x86,0x73,0x63,0x55,0x4f,0x50,0x56,0x5f,0x6d,0x7e,0x8e,0x99,0xa0,0xa3,0xa1,0x9b,
  0x8f,0x82,0x78,0x6d,0x63,0x5e,0x62,0x6a,0x72,0x78,0x81,0x8e,0x9a,0x9e,0x9b,0x97,0x99,0x97,0x8c,0x81,0x7b,0x78,0x74,0x6c,
  0x67,0x68,0x6d,0x71,0x74,0x7a,0x85,0x8f,0x96,0x9b,0x9e,0x9e,0x99,0x90,0x83,0x77,0x6b,0x5e,0x56,0x57,0x5c,0x62,0x6b,0x7b,
  0x8b,0x99,0xa0,0xa4,0xa7,0xa4,0x98,0x87,0x7b,0x71,0x68,0x61,0x60,0x64,0x6d,0x78,0x86,0x94,0x9e,0xa5,0xa9,0xa9,0xa1,0x97,
  0x8c,0x7f,0x6e,0x61,0x5a,0x57,0x57,0x58,0x5f,0x6d,0x7e,0x89,0x8e,0x95,0x9b,0x9c,0x94,0x8b,0x85,0x7d,0x72,0x69,0x66,0x68,
  0x6b,0x6f,0x76,0x82,0x8f,0x98,0x9d,0xa2,0xa4,0xa0,0x96,0x8a,0x80,0x75,0x69,0x5f,0x5a,0x58,0x5b,0x62,0x6d,0x79,0x86,0x94,
  0xa0,0xa6,0xa6,0xa3,0x9d,0x91,0x82,0x74,0x6c,0x68,0x64,0x63,0x69,0x72,0x7a,0x83,0x8d,0x95,0x96,0x93,0x8f,0x8b,0x81,0x75,
  0x6b,0x65,0x61,0x60,0x62,0x69,0x72,0x7c,0x84,0x8c,0x92,0x96,0x9a,0x9b,0x9b,0x98,0x93,0x8b,0x83,0x79,0x71,0x6b,0x6b,0x6e,
  0x71,0x78,0x81,0x8b,0x93,0x95,0x95,0x8f,0x84,0x77,0x6b,0x61,0x5c,0x59,0x5b,0x62,0x6c,0x7a,0x89,0x95,0xa0,0xa9,0xab,0xa5,
  0x9c,0x94,0x8b,0x81,0x77,0x70,0x6b,0x68,0x66,0x69,0x6e,0x76,0x7e,0x84,0x8a,0x90,0x92,0x8f,0x89,0x83,0x7a,0x72,0x6e,0x6c,
  0x6e,0x73,0x7d,0x88,0x8f,0x95,0x99,0x99,0x96,0x8f,0x89,0x84,0x7c,0x74,0x6e,0x6e,0x6e,0x6c,0x6c,0x6e,0x70,0x74,0x78,0x7c,
  0x82,0x89,0x8e,0x92,0x93,0x91,0x8d,0x87,0x80,0x79,0x74,0x72,0x75,0x7a,0x7f,0x86,0x8f,0x99,0x9d,0x9b,0x98,0x91,0x87,0x7b,
  0x70,0x69,0x63,0x60,0x61,0x66,0x6d,0x73,0x78,0x7f,0x87,0x8b,0x8b,0x8b,0x8c,0x8c,0x8a,0x87,0x84,0x80,0x7b,0x76,0x73,0x75,
  0x77,0x7a,0x7d,0x81,0x83,0x85,0x88,0x8b,0x8a,0x87,0x83,0x7f,0x7b,0x77,0x75,0x75,0x75,0x77,0x7b,0x81,0x86,0x89,0x8d,0x92,
  0x94,0x92,0x8e,0x89,0x85,0x7e,0x76,0x70,0x6c,0x69,0x69,0x6c,0x72,0x79,0x80,0x86,0x8b,0x8c,0x8a,0x86,0x83,0x7f,0x7b,0x75,
  0x72,0x71,0x73,0x75,0x78,0x7c,0x82,0x88,0x8b,0x8c,0x8c,0x8e,0x8f,0x8d,0x8a,0x88,0x85,0x82,0x7d,0x79,0x76,0x75,0x76,0x79,
  0x7b,0x7b,0x7f,0x84,0x87,0x87,0x86,0x85,0x83,0x7d,0x79,0x77,0x77,0x76,0x74,0x74,0x77,0x7a,0x7f,0x84,0x88,0x8a,0x8d,0x8d,
  0x89,0x83,0x7e,0x7b,0x78,0x76,0x74,0x76,0x7b,0x7f,0x82,0x88,0x8d,0x91,0x91,0x8e,0x8a,0x86,0x7f,0x77,0x72,0x6f,0x6e,0x71,
  0x78,0x81,0x89,0x8f,0x91,0x90,0x8a,0x83,0x7c,0x76,0x70,0x6a,0x68,0x6a,0x6d,0x72,0x79,0x80,0x88,0x8c,0x8c,0x8c,0x8a,0x86,
  0x80,0x7c,0x7d,0x80,0x80,0x81,0x85,0x8a,0x8b,0x8c,0x8e,0x8e,0x8d,0x8c,0x8c,0x8a,0x85,0x7f,0x79,0x74,0x6e,0x69,0x67,0x6a,
  0x6f,0x73,0x76,0x7a,0x7f,0x82,0x83,0x81,0x7d,0x79,0x79,0x79,0x76,0x76,0x7d,0x85,0x8a,0x8d,0x90,0x92,0x8f,0x89,0x85,0x83,
  0x81,0x80,0x80,0x82,0x85,0x86,0x85,0x81,0x7c,0x79,0x75,0x71,0x71,0x72,0x76,0x7c,0x82,0x87,0x8c,0x8f,0x90,0x90,0x90,0x8c,
  0x87,0x83,0x80,0x7d,0x7c,0x7a,0x78,0x78,0x77,0x74,0x72,0x72,0x73,0x73,0x72,0x73,0x79,0x7d,0x7c,0x7d,0x82,0x86,0x86,0x84,
  0x82,0x84,0x87,0x89,0x8a,0x8c,0x90,0x90,0x8e,0x8b,0x89,0x87,0x81,0x7c,0x7b,0x7d,0x7e,0x7f,0x80,0x82,0x81,0x7f,0x7b,0x76,
  0x72,0x6f,0x6f,0x71,0x74,0x79,0x7e,0x82,0x87,0x8c,0x90,0x90,0x8d,0x8a,0x85,0x7f,0x77,0x72,0x71,0x72,0x73,0x76,0x7b,0x7e,
  0x7f,0x81,0x86,0x8b,0x89,0x87,0x89,0x8b,0x89,0x82,0x7b,0x78,0x77,0x78,0x7b,0x7f,0x85,0x8d,0x93,0x96,0x95,0x91,0x8b,0x81,
  0x76,0x6b,0x61,0x5d,0x5d,0x60,0x67,0x71,0x7b,0x81,0x86,0x88,0x88,0x85,0x82,0x80,0x80,0x82,0x87,0x8e,0x91,0x92,0x91,0x90,
  0x8c,0x85,0x7f,0x7d,0x7d,0x7b,0x7a,0x7f,0x86,0x88,0x89,0x89,0x87,0x81,0x78,0x70,0x68,0x63,0x61,0x60,0x63,0x69,0x74,0x7e,
  0x85,0x8d,0x95,0x98,0x97,0x96,0x92,0x8b,0x82,0x79,0x70,0x68,0x64,0x65,0x6b,0x73,0x7d,0x89,0x95,0x9e,0xa2,0xa2,0x9e,0x96,
  0x89,0x77,0x69,0x62,0x5d,0x5a,0x5e,0x6a,0x7b,0x8b,0x97,0xa1,0xa7,0xa6,0x9d,0x91,0x82,0x73,0x65,0x5c,0x5a,0x5d,0x63,0x6b,
  0x77,0x84,0x8e,0x97,0x9c,0x9b,0x94,0x8d,0x84,0x7b,0x73,0x6d,0x6a,0x68,0x66,0x6b,0x74,0x7a,0x7d,0x85,0x90,0x98,0x9b,0x9a,
  0x99,0x96,0x8d,0x80,0x76,0x70,0x6c,0x69,0x6a,0x71,0x79,0x7f,0x82,0x88,0x8e,0x91,0x91,0x8e,0x8a,0x85,0x7e,0x75,0x70,0x6e,
  0x6d,0x6d,0x6f,0x74,0x7b,0x7e,0x81,0x86,0x8b,0x8d,0x8b,0x88,0x86,0x84,0x7e,0x79,0x7a,0x7e,0x7e,0x7f,0x86,0x8d,0x8f,0x8b,
  0x88,0x8a,0x8a,0x84,0x7d,0x7b,0x7d,0x7e,0x7a,0x77,0x79,0x7c,0x7a,0x74,0x72,0x73,0x73,0x70,0x6f,0x74,0x7d,0x85,0x8a,0x8f,
  0x94,0x96,0x91,0x89,0x84,0x81,0x79,0x70,0x6c,0x6c,0x6c,0x6e,0x73,0x80,0x8c,0x96,0x9c,0xa4,0xa9,0xa6,0x9a,0x8e,0x86,0x7c,
  0x6f,0x65,0x62,0x65,0x6a,0x6f,0x76,0x80,0x88,0x8d,0x8e,0x8c,0x88,0x80,0x75,0x6a,0x62,0x60,0x61,0x64,0x6c,0x79,0x87,0x93,
  0x9b,0xa2,0xa6,0xa4,0x9c,0x92,0x87,0x7a,0x70,0x6b,0x69,0x6b,0x70,0x76,0x7d,0x84,0x89,0x8c,0x8b,0x89,0x88,0x84,0x7d,0x75,
  0x70,0x6c,0x69,0x68,0x6b,0x72,0x7c,0x85,0x90,0x98,0x9f,0xa0,0x9c,0x95,0x8e,0x84,0x77,0x6b,0x67,0x67,0x69,0x6f,0x78,0x83,
  0x89,0x8a,0x8a,0x85,0x7c,0x73,0x6b,0x69,0x6a,0x6d,0x74,0x7e,0x89,0x91,0x96,0x9a,0x9b,0x99,0x93,0x8e,0x89,0x83,0x7b,0x75,
  0x73,0x72,0x71,0x6f,0x70,0x74,0x78,0x7a,0x7d,0x84,0x8a,0x8b,0x89,0x86,0x82,0x7e,0x7a,0x77,0x77,0x7a,0x80,0x85,0x88,0x8d,
  0x90,0x8d,0x88,0x84,0x80,0x79,0x71,0x6d,0x70,0x74,0x77,0x7e,0x87,0x92,0x98,0x98,0x96,0x92,0x88,0x7d,0x77,0x75,0x73,0x73,
  0x77,0x7e,0x82,0x84,0x86,0x8a,0x8a,0x84,0x80,0x7f,0x7e,0x78,0x70,0x6e,0x70,0x72,0x72,0x73,0x79,0x7e,0x83,0x88,0x8e,0x91,
  0x92,0x91,0x90,0x8b,0x81,0x78,0x74,0x72,0x73,0x79,0x81,0x8d,0x98,0xa1,0xa4,0x9f,0x97,0x8a,0x78,0x64,0x55,0x4f,0x51,0x56,
  0x5f,0x70,0x84,0x94,0x9f,0xa4,0xa4,0x9d,0x91,0x84,0x79,0x70,0x6a,0x6a,0x6e,0x73,0x78,0x7f,0x87,0x8b,0x8b,0x8a,0x89,0x87,
  0x82,0x7b,0x78,0x78,0x77,0x77,0x78,0x7a,0x7d,0x81,0x86,0x8b,0x8d,0x8d,0x8c,0x88,0x81,0x79,0x74,0x72,0x71,0x72,0x77,0x7e,
  0x85,0x8c,0x92,0x93,0x8f,0x88,0x7f,0x75,0x6c,0x67,0x66,0x68,0x6f,0x7a,0x87,0x92,0x9a,0x9d,0x98,0x8e,0x80,0x72,0x66,0x5c,
  0x57,0x5b,0x66,0x73,0x81,0x8e,0x9b,0xa3,0xa4,0xa0,0x9a,0x92,0x86,0x79,0x6e,0x67,0x65,0x66,0x6b,0x71,0x79,0x83,0x8c,0x91,
  0x94,0x95,0x95,0x92,0x8a,0x7f,0x74,0x69,0x5f,0x58,0x57,0x5c,0x68,0x76,0x84,0x91,0x9c,0xa3,0xa4,0x9c,0x8f,0x82,0x79,0x72,
  0x6f,0x6f,0x72,0x79,0x83,0x8d,0x94,0x97,0x97,0x94,0x8c,0x80,0x73,0x69,0x65,0x66,0x67,0x6d,0x78,0x83,0x89,0x8b,0x8b,0x8d,
  0x8d,0x89,0x84,0x80,0x7e,0x7d,0x7d,0x7d,0x7c,0x7b,0x7c,0x7d,0x7d,0x7c,0x7b,0x7c,0x7d,0x7c,0x7c,0x7c,0x7b,0x7a,0x78,0x74,
  0x77,0x7e,0x85,0x8d,0x96,0x9c,0xa1,0xa1,0x98,0x8b,0x7e,0x73,0x6b,0x66,0x65,0x6c,0x78,0x82,0x89,0x8f,0x94,0x94,0x8f,0x85,
  0x7a,0x6f,0x67,0x63,0x63,0x66,0x6e,0x7a,0x88,0x92,0x97,0x9a,0x9d,0x9d,0x97,0x8d,0x82,0x7a,0x74,0x6f,0x69,0x6a,0x6e,0x73,
  0x78,0x7e,0x85,0x8c,0x90,0x8f,0x8c,0x89,0x84,0x7b,0x73,0x6e,0x6d,0x6f,0x76,0x80,0x8b,0x96,0xa0,0xa7,0xa8,0xa1,0x95,0x87,
  0x79,0x6c,0x61,0x5a,0x5b,0x63,0x6c,0x74,0x7d,0x86,0x8c,0x8d,0x89,0x85,0x7f,0x79,0x74,0x70,0x6f,0x75,0x7c,0x82,0x88,0x8f,
  0x96,0x99,0x98,0x97,0x94,0x8d,0x82,0x77,0x6e,0x68,0x65,0x65,0x6a,0x73,0x7d,0x86,0x90,0x97,0x99,0x97,0x90,0x85,0x79,0x6d,
  0x62,0x5d,0x5e,0x66,0x71,0x7c,0x89,0x96,0x9d,0x9d,0x98,0x90,0x85,0x79,0x6f,0x69,0x6b,0x6f,0x74,0x79,0x7e,0x81,0x82,0x82,
  0x84,0x86,0x85,0x87,0x89,0x8b,0x8b,0x88,0x85,0x82,0x7e,0x7c,0x7b,0x7b,0x7b,0x7f,0x84,0x86,0x85,0x84,0x80,0x7a,0x74,0x72,
  0x71,0x70,0x70,0x74,0x7a,0x80,0x84,0x87,0x88,0x88,0x85,0x80,0x7b,0x77,0x76,0x79,0x7f,0x84,0x89,0x8e,0x92,0x93,0x8c,0x84,
  0x7e,0x77,0x6f,0x68,0x67,0x6c,0x74,0x7c,0x84,0x8b,0x90,0x92,0x8f,0x8c,0x8a,0x88,0x86,0x81,0x7e,0x7c,0x7a,0x75,0x6f,0x6e,
  0x6f,0x71,0x76,0x80,0x8a,0x93,0x99,0x9d,0x9a,0x91,0x84,0x76,0x6a,0x60,0x57,0x54,0x5b,0x66,0x74,0x84,0x93,0x9f,0xa5,0xa1,
  0x9a,0x8f,0x81,0x74,0x6d,0x6a,0x6b,0x70,0x75,0x79,0x7e,0x86,0x8c,0x90,0x93,0x95,0x96,0x95,0x91,0x8b,0x85,0x7e,0x75,0x6d,
  0x68,0x65,0x65,0x69,0x70,0x79,0x83,0x8c,0x93,0x95,0x91,0x88,0x7f,0x74,0x68,0x63,0x64,0x6a,0x74,0x80,0x8c,0x94,0x98,0x98,
  0x92,0x8b,0x84,0x7d,0x79,0x77,0x79,0x7e,0x86,0x8d,0x90,0x90,0x8c,0x86,0x7e,0x75,0x6c,0x6a,0x6c,0x70,0x72,0x74,0x7a,0x80,
  0x81,0x83,0x84,0x87,0x8b,0x8d,0x8d,0x8c,0x8a,0x86,0x80,0x78,0x71,0x6e,0x6d,0x6e,0x74,0x7e,0x87,0x8f,0x97,0x99,0x96,0x90,
  0x88,0x7d,0x6f,0x64,0x60,0x63,0x6b,0x78,0x88,0x98,0xa4,0xa8,0xa5,0x9d,0x90,0x80,0x73,0x69,0x63,0x62,0x67,0x71,0x7a,0x80,
  0x85,0x86,0x85,0x81,0x7d,0x78,0x77,0x79,0x7e,0x84,0x86,0x87,0x88,0x88,0x85,0x84,0x82,0x82,0x82,0x82,0x82,0x81,0x7e,0x7d,
  0x7b,0x78,0x75,0x76,0x7a,0x7e,0x80,0x85,0x8b,0x8d,0x8e,0x8c,0x87,0x80,0x7a,0x75,0x6f,0x69,0x69,0x71,0x7b,0x84,0x8f,0x98,
  0x9b,0x98,0x8e,0x82,0x79,0x70,0x67,0x62,0x61,0x66,0x6e,0x75,0x7c,0x82,0x85,0x89,0x8b,0x8a,0x87,0x86,0x88,0x89,0x87,0x84,
  0x7f,0x7c,0x7b,0x79,0x76,0x79,0x81,0x8a,0x8e,0x90,0x93,0x96,0x93,0x88,0x7b,0x72,0x6e,0x69,0x62,0x60,0x67,0x71,0x79,0x7e,
  0x84,0x8c,0x91,0x92,0x8e,0x89,0x83,0x7f,0x7a,0x76,0x75,0x77,0x7a,0x7b,0x7d,0x7f,0x80,0x83,0x86,0x88,0x89,0x88,0x86,0x85,
  0x81,0x7c,0x78,0x79,0x7c,0x7d,0x7c,0x7e,0x82,0x86,0x86,0x84,0x82,0x80,0x7c,0x77,0x74,0x75,0x79,0x7f,0x82,0x85,0x8c,0x91,
  0x8f,0x87,0x7f,0x7a,0x72,0x6b,0x69,0x6d,0x75,0x7b,0x80,0x86,0x8b,0x8d,0x8d,0x8c,0x89,0x86,0x83,0x7d,0x78,0x77,0x79,0x7c,
  0x7f,0x82,0x86,0x8a,0x8b,0x88,0x87,0x88,0x85,0x81,0x7c,0x77,0x73,0x72,0x72,0x73,0x75,0x7d,0x84,0x86,0x87,0x8a,0x8b,0x89,
  0x84,0x7f,0x7b,0x77,0x77,0x79,0x7c,0x80,0x83,0x88,0x8d,0x8b,0x87,0x84,0x82,0x7d,0x75,0x6f,0x6f,0x76,0x7b,0x7e,0x85,0x8c,
  0x92,0x92,0x8d,0x88,0x87,0x86,0x82,0x7c,0x7a,0x7b,0x7c,0x7a,0x79,0x7e,0x82,0x81,0x7f,0x7f,0x7f,0x7f,0x7f,0x7f,0x7f,0x7d,
  0x7a,0x77,0x74,0x72,0x70,0x72,0x75,0x7a,0x80,0x86,0x8b,0x8f,0x91,0x8f,0x8d,0x8c,0x89,0x85,0x82,0x81,0x80,0x7e,0x7c,0x7b,
  0x7b,0x7d,0x7f,0x80,0x80,0x80,0x7f,0x7d,0x7b,0x7a,0x7c,0x7e,0x7d,0x7a,0x78,0x78,0x78,0x76,0x76,0x7c,0x82,0x87,0x89,0x88,
  0x89,0x8b,0x89,0x81,0x7b,0x7a,0x78,0x76,0x75,0x78,0x7d,0x83,0x86,0x84,0x82,0x82,0x7f,0x7b,0x78,0x76,0x79,0x7f,0x83,0x87,
  0x8b,0x8e,0x90,0x8e,0x89,0x84,0x7e,0x7a,0x76,0x74,0x73,0x75,0x79,0x7d,0x80,0x85,0x89,0x8a,0x87,0x7f,0x77,0x71,0x6e,0x6c,
  0x6c,0x70,0x77,0x7e,0x84,0x87,0x8b,0x90,0x94,0x94,0x93,0x91,0x8f,0x88,0x80,0x79,0x74,0x70,0x6d,0x6d,0x72,0x7a,0x82,0x89,
  0x8f,0x92,0x92,0x8e,0x88,0x7f,0x77,0x71,0x6e,0x6d,0x6f,0x74,0x7e,0x8a,0x93,0x98,0x9a,0x96,0x8d,0x81,0x76,0x6e,0x6b,0x6b,
  0x6c,0x6f,0x76,0x81,0x8a,0x8d,0x8e,0x8e,0x8d,0x87,0x7d,0x74,0x73,0x76,0x79,0x7d,0x83,0x8c,0x91,0x91,0x8f,0x8d,0x8c,0x89,
  0x84,0x7f,0x7d,0x7b,0x79,0x78,0x75,0x74,0x74,0x75,0x76,0x79,0x7c,0x82,0x87,0x87,0x85,0x81,0x7d,0x79,0x76,0x74,0x72,0x75,
  0x7d,0x86,0x8f,0x96,0x9b,0x9d,0x98,0x8c,0x7d,0x70,0x68,0x63,0x61,0x66,0x71,0x7c,0x84,0x8d,0x94,0x96,0x92,0x8a,0x82,0x7d,
  0x79,0x76,0x75,0x7a,0x82,0x86,0x85,0x84,0x84,0x83,0x80,0x7f,0x7f,0x81,0x83,0x83,0x82,0x81,0x7e,0x78,0x71,0x6d,0x6c,0x6c,
  0x71,0x78,0x82,0x8b,0x91,0x94,0x93,0x8c,0x81,0x78,0x71,0x6d,0x6b,0x6e,0x75,0x80,0x8c,0x92,0x96,0x96,0x92,0x89,0x7f,0x77,
  0x72,0x71,0x72,0x75,0x79,0x7e,0x81,0x83,0x82,0x80,0x80,0x80,0x7e,0x7d,0x7e,0x80,0x82,0x83,0x82,0x7f,0x7c,0x79,0x77,0x78,
  0x7a,0x7e,0x83,0x88,0x8b,0x8c,0x8a,0x84,0x7c,0x74,0x6b,0x67,0x67,0x6c,0x76,0x82,0x8c,0x95,0x9b,0x99,0x91,0x87,0x7e,0x76,
  0x6f,0x6b,0x6b,0x70,0x77,0x7e,0x86,0x8e,0x94,0x93,0x8e,0x89,0x85,0x82,0x7d,0x7a,0x7a,0x79,0x76,0x74,0x75,0x75,0x75,0x78,
  0x7c,0x83,0x88,0x89,0x89,0x88,0x85,0x7e,0x76,0x6e,0x6c,0x6d,0x71,0x78,0x83,0x8e,0x96,0x9a,0x9b,0x97,0x8f,0x84,0x77,0x6c,
  0x64,0x62,0x68,0x73,0x7f,0x8b,0x96,0x9c,0x9a,0x94,0x8b,0x83,0x7c,0x74,0x6d,0x6a,0x6d,0x72,0x78,0x7e,0x87,0x90,0x94,0x93,
  0x8f,0x89,0x82,0x79,0x70,0x69,0x68,0x6a,0x6d,0x71,0x78,0x82,0x8c,0x95,0x9b,0x9d,0x9c,0x95,0x8a,0x7d,0x71,0x67,0x60,0x61,
  0x69,0x77,0x87,0x93,0x9e,0xa2,0xa1,0x98,0x8d,0x82,0x74,0x69,0x61,0x5f,0x63,0x6a,0x74,0x7f,0x89,0x91,0x93,0x90,0x89,0x80,
  0x78,0x74,0x72,0x72,0x77,0x80,0x89,0x8e,0x91,0x93,0x91,0x8c,0x85,0x7d,0x76,0x6f,0x6a,0x69,0x6d,0x74,0x79,0x7e,0x85,0x8c,
  0x90,0x90,0x8f,0x8c,0x88,0x82,0x7d,0x7a,0x75,0x73,0x74,0x77,0x7c,0x84,0x8b,0x91,0x95,0x95,0x91,0x89,0x7d,0x71,0x68,0x65,
  0x63,0x63,0x64,0x69,0x73,0x7c,0x83,0x87,0x8a,0x8b,0x8a,0x85,0x7f,0x7d,0x7e,0x81,0x85,0x8a,0x90,0x93,0x91,0x8d,0x87,0x80,
  0x79,0x72,0x70,0x73,0x78,0x7f,0x88,0x92,0x98,0x96,0x91,0x89,0x7d,0x70,0x63,0x5a,0x57,0x5a,0x60,0x6a,0x79,0x87,0x92,0x9a,
  0xa0,0xa2,0x9e,0x97,0x8e,0x84,0x78,0x6d,0x64,0x61,0x61,0x66,0x6e,0x7a,0x88,0x93,0x9a,0x9f,0xa0,0x9d,0x94,0x88,0x7f,0x78,
  0x71,0x6b,0x69,0x6d,0x76,0x7d,0x80,0x84,0x88,0x89,0x86,0x82,0x7d,0x79,0x77,0x77,0x78,0x79,0x7e,0x84,0x87,0x87,0x84,0x80,
  0x7a,0x74,0x70,0x6e,0x71,0x77,0x7e,0x87,0x92,0x9a,0x9f,0xa2,0x9f,0x95,0x87,0x79,0x6d,0x63,0x5a,0x58,0x5f,0x6b,0x77,0x85,
  0x93,0xa0,0xa9,0xa9,0xa2,0x96,0x87,0x76,0x67,0x5b,0x53,0x52,0x58,0x63,0x70,0x7e,0x8d,0x9a,0xa2,0xa6,0xa4,0x9f,0x97,0x8c,
  0x7f,0x72,0x66,0x5f,0x5c,0x5c,0x61,0x6b,0x78,0x84,0x8f,0x97,0x9d,0x9f,0x9c,0x96,0x90,0x87,0x7d,0x74,0x72,0x74,0x76,0x78,
  0x7d,0x82,0x83,0x81,0x7d,0x7b,0x7b,0x7c,0x7e,0x82,0x88,0x8e,0x91,0x92,0x90,0x89,0x80,0x75,0x68,0x5c,0x55,0x54,0x5a,0x65,
  0x73,0x83,0x93,0xa0,0xa9,0xab,0xa6,0x9c,0x92,0x85,0x78,0x6c,0x67,0x67,0x6a,0x6e,0x75,0x7f,0x8a,0x94,0x9a,0x9e,0x9f,0x9d,
  0x96,0x8b,0x7f,0x71,0x63,0x58,0x52,0x50,0x53,0x5b,0x6a,0x7d,0x8e,0x9a,0xa4,0xab,0xa9,0x9d,0x8d,0x7e,0x74,0x6d,0x68,0x67,
  0x6d,0x78,0x80,0x87,0x8b,0x8c,0x8b,0x8a,0x88,0x85,0x82,0x82,0x85,0x88,0x87,0x84,0x81,0x7f,0x7a,0x72,0x6a,0x67,0x6a,0x6e,
  0x74,0x7c,0x86,0x90,0x96,0x95,0x91,0x8c,0x86,0x81,0x7d,0x79,0x79,0x78,0x77,0x74,0x70,0x6c,0x6b,0x6f,0x75,0x7b,0x83,0x8f,
  0x9b,0xa2,0xa1,0x9d,0x97,0x8c,0x7c,0x6b,0x5f,0x5c,0x5f,0x68,0x75,0x86,0x97,0xa2,0xa6,0xa4,0x9d,0x90,0x7f,0x6f,0x64,0x5d,
  0x5c,0x5f,0x64,0x6c,0x73,0x7a,0x81,0x87,0x8c,0x8f,0x93,0x94,0x91,0x8c,0x85,0x7f,0x7b,0x75,0x6d,0x69,0x6c,0x74,0x7d,0x86,
  0x8e,0x96,0x9a,0x97,0x8c,0x7f,0x74,0x6b,0x65,0x63,0x67,0x71,0x7f,0x8d,0x99,0xa0,0xa1,0x9d,0x91,0x82,0x73,0x6b,0x66,0x68,
  0x6f,0x78,0x82,0x8b,0x93,0x97,0x93,0x88,0x7d,0x73,0x6a,0x63,0x61,0x63,0x6a,0x71,0x76,0x7c,0x85,0x8d,0x91,0x93,0x95,0x95,
  0x92,0x8d,0x85,0x7e,0x7a,0x78,0x77,0x7a,0x80,0x88,0x90,0x96,0x99,0x99,0x94,0x89,0x7c,0x6e,0x62,0x59,0x56,0x5a,0x66,0x76,
  0x85,0x94,0x9f,0xa5,0xa3,0x97,0x88,0x78,0x69,0x5d,0x57,0x59,0x63,0x72,0x83,0x94,0xa0,0xa5,0xa5,0xa1,0x99,0x8d,0x80,0x73,
  0x6a,0x64,0x63,0x66,0x6d,0x76,0x7d,0x84,0x8c,0x92,0x96,0x9a,0x9c,0x9a,0x93,0x89,0x81,0x78,0x6e,0x67,0x67,0x68,0x6a,0x6f,
  0x79,0x84,0x8d,0x93,0x93,0x90,0x8a,0x81,0x76,0x6e,0x6d,0x6e,0x70,0x73,0x77,0x7c,0x81,0x86,0x89,0x88,0x83,0x81,0x82,0x85,
  0x87,0x8a,0x8f,0x93,0x93,0x8f,0x8a,0x83,0x7c,0x74,0x6c,0x68,0x68,0x6d,0x75,0x7f,0x88,0x8f,0x93,0x94,0x93,0x8f,0x89,0x84,
  0x80,0x7c,0x77,0x71,0x6d,0x6b,0x69,0x68,0x69,0x70,0x7b,0x83,0x8a,0x94,0x9e,0xa2,0x9d,0x92,0x85,0x79,0x6b,0x5d,0x53,0x52,
  0x57,0x63,0x73,0x85,0x95,0xa4,0xb1,0xb7,0xb6,0xab,0x9a,0x8b,0x7d,0x6e,0x5f,0x57,0x5a,0x62,0x67,0x6d,0x7a,0x8a,0x94,0x9b,
  0x9f,0x9f,0x9a,0x8f,0x80,0x70,0x62,0x59,0x52,0x4d,0x4f,0x58,0x68,0x7c,0x8f,0x9e,0xa9,0xb0,0xb0,0xa7,0x99,0x8b,0x7f,0x74,
  0x6a,0x66,0x68,0x6e,0x77,0x81,0x89,0x8c,0x8b,0x8a,0x88,0x84,0x80,0x7e,0x7e,0x81,0x82,0x80,0x81,0x83,0x80,0x79,0x70,0x68,
  0x63,0x60,0x62,0x69,0x75,0x83,0x91,0x9e,0xa7,0xac,0xac,0xa4,0x96,0x86,0x74,0x61,0x51,0x49,0x48,0x4e,0x5a,0x6b,0x83,0x9b,
  0xad,0xb9,0xc3,0xc4,0xb6,0x9f,0x85,0x6c,0x54,0x41,0x36,0x39,0x49,0x60,0x7b,0x98,0xb0,0xc0,0xc8,0xc5,0xb7,0x9f,0x83,0x68,
  0x53,0x45,0x3e,0x42,0x4f,0x60,0x70,0x82,0x92,0x9f,0xa6,0xa6,0xa1,0x9a,0x93,0x8c,0x84,0x7d,0x76,0x73,0x70,0x6c,0x67,0x67,
  0x6d,0x75,0x7b,0x7f,0x88,0x93,0x9b,0x9d,0x9d,0x9d,0x9b,0x93,0x86,0x78,0x6b,0x60,0x59,0x56,0x58,0x5e,0x69,0x77,0x87,0x96,
  0xa3,0xae,0xb4,0xb3,0xaa,0x99,0x87,0x74,0x61,0x4f,0x40,0x3a,0x3e,0x4b,0x5d,0x73,0x8c,0xa8,0xbd,0xc5,0xc3,0xbd,0xb1,0x9e,
  0x85,0x6e,0x5f,0x54,0x4c,0x4b,0x53,0x64,0x77,0x89,0x98,0xa5,0xae,0xb1,0xae,0xa5,0x96,0x82,0x6f,0x5f,0x50,0x45,0x41,0x46,
  0x51,0x5f,0x6e,0x80,0x95,0xa8,0xb5,0xba,0xb9,0xb2,0xa5,0x94,0x80,0x6e,0x61,0x5a,0x56,0x57,0x5c,0x66,0x74,0x84,0x90,0x9a,
  0xa2,0xa4,0xa1,0x9b,0x93,0x88,0x7d,0x72,0x67,0x5d,0x55,0x54,0x59,0x5f,0x67,0x73,0x84,0x96,0xa3,0xad,0xb3,0xb6,0xb1,0xa2,
  0x8f,0x7d,0x6c,0x5d,0x50,0x49,0x47,0x4c,0x58,0x69,0x7c,0x90,0xa5,0xb7,0xbf,0xbc,0xb3,0xa5,0x93,0x7d,0x67,0x54,0x46,0x40,
  0x41,0x4b,0x5c,0x74,0x8f,0xa5,0xb5,0xbe,0xc0,0xba,0xab,0x96,0x7f,0x6a,0x58,0x4b,0x45,0x48,0x53,0x63,0x76,0x88,0x97,0xa2,
  0xa9,0xab,0xa7,0x9c,0x8f,0x84,0x7a,0x6f,0x68,0x66,0x67,0x6a,0x6b,0x6b,0x6e,0x73,0x79,0x81,0x89,0x91,0x97,0x9c,0x9f,0x9f,
  0x9d,0x97,0x8e,0x83,0x75,0x66,0x5b,0x55,0x56,0x5c,0x6b,0x7c,0x8e,0x9c,0xa7,0xae,0xae,0xa8,0x9c,0x89,0x74,0x60,0x52,0x49,
  0x44,0x48,0x53,0x63,0x75,0x89,0x9f,0xb1,0xba,0xbb,0xb6,0xa9,0x95,0x7f,0x6c,0x5e,0x55,0x52,0x56,0x62,0x72,0x83,0x94,0xa5,
  0xae,0xad,0xa4,0x95,0x85,0x75,0x69,0x61,0x5f,0x60,0x65,0x6c,0x74,0x7c,0x83,0x87,0x88,0x86,0x84,0x82,0x7f,0x7e,0x80,0x84,
  0x87,0x89,0x88,0x87,0x87,0x84,0x7f,0x7c,0x7a,0x77,0x74,0x76,0x7b,0x81,0x85,0x88,0x8c,0x90,0x8e,0x8a,0x88,0x85,0x80,0x78,
  0x6f,0x69,0x65,0x64,0x67,0x6e,0x7a,0x86,0x8f,0x95,0x9a,0x9d,0x9a,0x91,0x85,0x79,0x6e,0x64,0x61,0x66,0x70,0x7d,0x88,0x92,
  0x9a,0x9e,0x9b,0x93,0x8a,0x80,0x73,0x67,0x61,0x61,0x65,0x6b,0x76,0x83,0x8c,0x8e,0x8e,0x90,0x8e,0x89,0x82,0x7d,0x7b,0x78,
  0x76,0x77,0x7d,0x84,0x89,0x8d,0x8f,0x92,0x93,0x8f,0x89,0x82,0x7b,0x72,0x68,0x61,0x61,0x65,0x6d,0x78,0x83,0x8d,0x95,0x99,
  0x9a,0x95,0x8b,0x80,0x73,0x6a,0x64,0x63,0x66,0x70,0x80,0x8d,0x94,0x97,0x98,0x95,0x8d,0x84,0x7c,0x79,0x75,0x74,0x76,0x7d,
  0x85,0x8a,0x8c,0x8a,0x86,0x7f,0x76,0x71,0x70,0x72,0x79,0x81,0x89,0x8f,0x93,0x95,0x91,0x89,0x7e,0x73,0x6b,0x64,0x5e,0x5f,
  0x65,0x70,0x7b,0x85,0x8f,0x9a,0xa5,0xaa,0xa9,0xa3,0x99,0x89,0x77,0x65,0x58,0x51,0x53,0x5b,0x68,0x7b,0x90,0xa4,0xb4,0xba,
  0xb7,0xac,0x98,0x7e,0x61,0x48,0x3a,0x38,0x41,0x51,0x68,0x82,0x9b,0xad,0xb7,0xb7,0xad,0x9e,0x8c,0x7c,0x6e,0x67,0x68,0x6d,
  0x74,0x7b,0x81,0x86,0x89,0x87,0x84,0x83,0x81,0x7e,0x7a,0x79,0x7c,0x81,0x86,0x86,0x85,0x85,0x80,0x79,0x72,0x6f,0x6d,0x6b,
  0x6c,0x70,0x78,0x82,0x8c,0x97,0xa1,0xa9,0xaa,0xa4,0x98,0x88,0x75,0x60,0x4c,0x41,0x3e,0x42,0x50,0x69,0x87,0xa3,0xb7,0xc3,
  0xc6,0xbf,0xad,0x93,0x78,0x60,0x4b,0x3e,0x3e,0x4a,0x5d,0x72,0x8b,0xa4,0xb5,0xbb,0xb7,0xae,0xa1,0x8e,0x78,0x64,0x57,0x50,
  0x4f,0x53,0x5d,0x6e,0x7f,0x8c,0x94,0x9a,0x9d,0x9d,0x96,0x8e,0x86,0x7f,0x77,0x70,0x6d,0x6e,0x71,0x75,0x7a,0x7e,0x82,0x82,
  0x82,0x84,0x85,0x85,0x84,0x85,0x87,0x87,0x87,0x89,0x8b,0x89,0x83,0x7c,0x77,0x71,0x6a,0x66,0x69,0x72,0x7d,0x88,0x94,0x9f,
  0xa7,0xa7,0x9f,0x90,0x81,0x6f,0x5e,0x52,0x4c,0x4e,0x57,0x63,0x70,0x80,0x8f,0x9b,0xa2,0xa3,0xa1,0x9c,0x95,0x8b,0x82,0x7c,
  0x79,0x77,0x76,0x76,0x76,0x79,0x7c,0x81,0x87,0x8b,0x8d,0x8f,0x8e,0x8a,0x84,0x7f,0x7a,0x72,0x6a,0x67,0x69,0x6d,0x71,0x77,
  0x7f,0x86,0x89,0x89,0x88,0x88,0x87,0x84,0x83,0x83,0x82,0x82,0x82,0x80,0x7e,0x7d,0x7b,0x78,0x76,0x78,0x7c,0x82,0x87,0x8c,
  0x91,0x93,0x93,0x8f,0x8a,0x85,0x7f,0x79,0x73,0x6e,0x6a,0x6a,0x6d,0x73,0x79,0x80,0x88,0x8f,0x92,0x94,0x94,0x93,0x8e,0x86,
  0x7d,0x73,0x6c,0x66,0x63,0x62,0x65,0x6c,0x75,0x7e,0x87,0x8e,0x95,0x9a,0x9a,0x95,0x8e,0x87,0x7f,0x77,0x71,0x6f,0x71,0x76,
  0x7b,0x80,0x85,0x88,0x89,0x88,0x85,0x83,0x82,0x81,0x80,0x7f,0x81,0x84,0x84,0x81,0x7d,0x7b,0x77,0x73,0x72,0x73,0x76,0x7a,
  0x80,0x87,0x8d,0x91,0x90,0x8c,0x88,0x81,0x76,0x6d,0x66,0x63,0x62,0x64,0x6b,0x78,0x85,0x91,0x9c,0xa5,0xa9,0xa5,0x9b,0x8e,
  0x81,0x73,0x67,0x60,0x60,0x65,0x6d,0x76,0x84,0x92,0x9c,0xa0,0xa0,0x9c,0x94,0x88,0x79,0x6c,0x64,0x61,0x5f,0x5e,0x63,0x6c,
  0x75,0x7c,0x83,0x8b,0x8f,0x8f,0x8c,0x8a,0x86,0x82,0x7d,0x7a,0x7a,0x7b,0x7c,0x7e,0x83,0x86,0x86,0x86,0x87,0x87,0x85,0x83,
  0x84,0x86,0x88,0x89,0x8a,0x89,0x87,0x83,0x7c,0x74,0x6d,0x69,0x68,0x69,0x6f,0x79,0x84,0x8a,0x8e,0x92,0x91,0x8a,0x80,0x76,
  0x6e,0x69,0x65,0x63,0x66,0x6e,0x7a,0x86,0x91,0x9b,0xa3,0xa6,0xa4,0x9d,0x94,0x8b,0x80,0x75,0x6c,0x67,0x67,0x6a,0x6e,0x75,
  0x7e,0x86,0x8d,0x91,0x93,0x92,0x8c,0x85,0x7d,0x75,0x6f,0x6c,0x6c,0x6d,0x71,0x78,0x7e,0x83,0x86,0x8b,0x8e,0x8d,0x89,0x85,
  0x81,0x7e,0x7a,0x74,0x71,0x70,0x71,0x72,0x72,0x77,0x7e,0x85,0x8b,0x8e,0x91,0x94,0x94,0x91,0x8c,0x88,0x83,0x7d,0x78,0x74,
  0x72,0x73,0x78,0x7f,0x84,0x88,0x8b,0x8f,0x90,0x8d,0x86,0x7e,0x77,0x71,0x6d,0x6a,0x6b,0x6e,0x73,0x77,0x7b,0x7f,0x84,0x87,
  0x88,0x88,0x89,0x8b,0x89,0x84,0x7d,0x79,0x77,0x75,0x73,0x71,0x72,0x76,0x7b,0x81,0x88,0x8f,0x94,0x98,0x98,0x96,0x92,0x8c,
  0x85,0x7e,0x78,0x75,0x77,0x78,0x7b,0x7e,0x81,0x85,0x86,0x84,0x83,0x82,0x80,0x7c,0x77,0x72,0x6e,0x6a,0x66,0x65,0x67,0x6b,
  0x70,0x76,0x7e,0x87,0x8e,0x91,0x95,0x98,0x99,0x95,0x8f,0x8a,0x86,0x81,0x7c,0x79,0x7b,0x7f,0x82,0x84,0x85,0x84,0x84,0x86,
  0x86,0x84,0x84,0x87,0x87,0x81,0x79,0x73,0x6f,0x69,0x63,0x5e,0x60,0x69,0x73,0x7c,0x88,0x93,0x9b,0x9f,0x9d,0x97,0x8d,0x80,
  0x73,0x68,0x60,0x5b,0x5d,0x66,0x72,0x7d,0x8a,0x96,0xa0,0xa3,0xa2,0x9d,0x98,0x91,0x85,0x78,0x6f,0x6b,0x6b,0x6b,0x6f,0x76,
  0x7f,0x86,0x8a,0x8c,0x8b,0x8a,0x87,0x83,0x7c,0x75,0x71,0x6f,0x70,0x72,0x75,0x78,0x7d,0x80,0x80,0x7e,0x7d,0x7d,0x7b,0x78,
  0x7a,0x7f,0x85,0x8a,0x8f,0x92,0x93,0x91,0x8a,0x81,0x75,0x6c,0x64,0x61,0x65,0x6d,0x76,0x84,0x95,0xa6,0xb0,0xb0,0xaa,0xa0,
  0x91,0x7c,0x68,0x5b,0x55,0x52,0x54,0x5e,0x70,0x83,0x93,0x9e,0xa6,0xa9,0xa4,0x98,0x86,0x74,0x63,0x56,0x4e,0x4b,0x4e,0x57,
  0x67,0x79,0x89,0x96,0xa2,0xab,0xaf,0xaa,0xa0,0x97,0x8d,0x81,0x76,0x6f,0x6d,0x70,0x75,0x7d,0x85,0x8b,0x8c,0x8b,0x8b,0x8a,
  0x86,0x81,0x7e,0x7d,0x7b,0x79,0x79,0x7a,0x78,0x76,0x73,0x70,0x6d,0x6a,0x6b,0x6e,0x74,0x7c,0x85,0x8e,0x95,0x99,0x9b,0x98,
  0x90,0x86,0x7b,0x6f,0x67,0x64,0x65,0x6b,0x76,0x85,0x94,0xa0,0xa9,0xae,0xad,0xa6,0x9a,0x8a,0x77,0x67,0x5b,0x55,0x55,0x58,
  0x60,0x6d,0x7c,0x8a,0x95,0x9c,0x9e,0x9d,0x96,0x8c,0x81,0x76,0x6b,0x63,0x5f,0x5f,0x64,0x6b,0x75,0x80,0x8b,0x94,0x9a,0x9d,
  0x9d,0x97,0x8f,0x87,0x81,0x7a,0x75,0x72,0x72,0x75,0x78,0x79,0x7c,0x80,0x83,0x85,0x88,0x8b,0x8e,0x90,0x8f,0x8d,0x89,0x83,
  0x7b,0x73,0x6c,0x66,0x64,0x68,0x70,0x79,0x81,0x89,0x93,0x97,0x95,0x90,0x8a,0x80,0x75,0x6a,0x64,0x60,0x5f,0x62,0x69,0x74,
  0x7e,0x88,0x93,0x9c,0xa3,0xa4,0xa0,0x9a,0x91,0x88,0x7e,0x76,0x71,0x6e,0x6e,0x72,0x79,0x81,0x88,0x8e,0x92,0x94,0x92,0x8b,
  0x84,0x7d,0x77,0x70,0x6b,0x69,0x69,0x6a,0x6b,0x6f,0x75,0x79,0x7c,0x7e,0x80,0x83,0x84,0x82,0x81,0x82,0x83,0x82,0x80,0x80,
  0x81,0x82,0x83,0x83,0x85,0x86,0x87,0x8a,0x8e,0x91,0x91,0x90,0x90,0x8e,0x8a,0x83,0x7d,0x77,0x71,0x6b,0x66,0x65,0x69,0x6e,
  0x76,0x7e,0x86,0x8b,0x8e,0x8f,0x8c,0x86,0x80,0x7b,0x75,0x6e,0x6b,0x6c,0x70,0x72,0x78,0x81,0x8a,0x90,0x94,0x98,0x9a,0x98,
  0x92,0x8b,0x83,0x7a,0x72,0x6d,0x6d,0x6e,0x71,0x77,0x80,0x89,0x8f,0x93,0x96,0x96,0x91,0x88,0x7d,0x74,0x6f,0x6b,0x69,0x6b,
  0x70,0x75,0x7c,0x82,0x88,0x8c,0x8f,0x8e,0x8a,0x86,0x81,0x7b,0x75,0x71,0x71,0x73,0x74,0x77,0x7b,0x81,0x86,0x88,0x89,0x8b,
  0x8b,0x89,0x86,0x84,0x83,0x81,0x7f,0x7f,0x81,0x82,0x82,0x82,0x82,0x82,0x7e,0x7a,0x78,0x79,0x7b,0x7d,0x7f,0x82,0x85,0x86,
  0x85,0x84,0x81,0x7e,0x7c,0x7a,0x75,0x70,0x6e,0x6f,0x71,0x74,0x7a,0x7f,0x82,0x84,0x86,0x88,0x86,0x82,0x7f,0x7e,0x7d,0x7a,
  0x79,0x7b,0x7f,0x84,0x88,0x8c,0x91,0x93,0x93,0x90,0x8d,0x88,0x80,0x79,0x76,0x75,0x76,0x77,0x7a,0x7d,0x80,0x80,0x80,0x7f,
  0x7e,0x7b,0x7a,0x78,0x75,0x6f,0x6a,0x6b,0x6f,0x74,0x78,0x7e,0x86,0x8d,0x90,0x90,0x8f,0x8d,0x88,0x82,0x7c,0x77,0x74,0x75,
  0x7a,0x80,0x87,0x8e,0x93,0x96,0x95,0x8f,0x89,0x83,0x7c,0x74,0x6e,0x6d,0x6f,0x71,0x73,0x77,0x7b,0x7f,0x82,0x84,0x87,0x88,
  0x89,0x88,0x85,0x80,0x7a,0x77,0x76,0x73,0x71,0x71,0x75,0x79,0x7c,0x7f,0x84,0x8a,0x8e,0x8f,0x8f,0x8d,0x89,0x84,0x82,0x81,
  0x7e,0x7c,0x7c,0x7d,0x7d,0x7d,0x7d,0x7d,0x7f,0x7f,0x82,0x85,0x89,0x8c,0x8d,0x8b,0x89,0x84,0x7e,0x76,0x71,0x6d,0x6b,0x6c,
  0x6e,0x73,0x78,0x7f,0x87,0x8c,0x8f,0x8f,0x8c,0x87,0x81,0x7c,0x77,0x74,0x72,0x72,0x73,0x76,0x79,0x7f,0x87,0x8e,0x92,0x94,
  0x97,0x97,0x93,0x8d,0x88,0x82,0x7b,0x73,0x6e,0x6d,0x6e,0x71,0x76,0x7c,0x81,0x88,0x8e,0x92,0x92,0x8f,0x8b,0x85,0x7b,0x71,
  0x6b,0x6a,0x6a,0x6c,0x6f,0x74,0x77,0x78,0x7b,0x7e,0x81,0x83,0x87,0x8c,0x8f,0x8e,0x8c,0x8b,0x89,0x84,0x7d,0x78,0x77,0x77,
  0x77,0x79,0x7c,0x82,0x88,0x8e,0x92,0x93,0x93,0x91,0x8e,0x87,0x7e,0x77,0x71,0x6c,0x69,0x6a,0x6c,0x6f,0x72,0x77,0x7e,0x84,
  0x88,0x8a,0x8c,0x8c,0x89,0x83,0x7e,0x7b,0x76,0x70,0x6d,0x6f,0x70,0x70,0x72,0x7b,0x86,0x8e,0x92,0x96,0x99,0x98,0x93,0x8c,
  0x86,0x83,0x7f,0x7a,0x75,0x72,0x70,0x70,0x71,0x74,0x79,0x80,0x86,0x8c,0x92,0x95,0x93,0x8e,0x88,0x80,0x77,0x6e,0x68,0x66,
  0x66,0x68,0x6c,0x75,0x80,0x8a,0x92,0x98,0x9c,0x9b,0x95,0x8c,0x82,0x79,0x71,0x6a,0x66,0x66,0x6a,0x6f,0x75,0x7d,0x85,0x8e,
  0x94,0x98,0x98,0x96,0x93,0x8f,0x89,0x83,0x7c,0x74,0x6f,0x6b,0x6a,0x6b,0x6d,0x74,0x7c,0x83,0x88,0x8e,0x92,0x93,0x91,0x8d,
  0x88,0x81,0x78,0x6e,0x68,0x65,0x65,0x66,0x69,0x70,0x79,0x83,0x8c,0x96,0xa0,0xa5,0xa3,0x9d,0x95,0x8c,0x81,0x75,0x6a,0x65,
  0x63,0x65,0x6a,0x74,0x82,0x8f,0x98,0xa0,0xa4,0xa1,0x99,0x8d,0x81,0x74,0x66,0x5b,0x56,0x57,0x5c,0x65,0x71,0x7e,0x8a,0x92,
  0x97,0x9b,0x9c,0x9a,0x93,0x89,0x7e,0x74,0x6b,0x65,0x63,0x64,0x6b,0x72,0x79,0x80,0x89,0x93,0x9a,0x9d,0x9e,0x9e,0x9a,0x93,
  0x8b,0x83,0x7b,0x73,0x6d,0x69,0x69,0x6a,0x6e,0x73,0x79,0x80,0x87,0x8d,0x91,0x93,0x95,0x94,0x8e,0x84,0x78,0x6e,0x65,0x5d,
  0x5a,0x5c,0x63,0x6d,0x78,0x85,0x95,0xa1,0xa7,0xaa,0xa8,0x9f,0x90,0x80,0x74,0x69,0x5e,0x5a,0x60,0x69,0x72,0x7d,0x8c,0x9a,
  0xa4,0xa8,0xa8,0xa4,0x99,0x8a,0x7b,0x6d,0x62,0x5a,0x56,0x57,0x5d,0x67,0x72,0x7f,0x8d,0x98,0xa0,0xa5,0xa4,0xa0,0x98,0x8b,
  0x7f,0x74,0x69,0x61,0x5d,0x5e,0x64,0x6c,0x74,0x7c,0x84,0x8d,0x92,0x95,0x98,0x9b,0x9b,0x96,0x8f,0x89,0x82,0x7a,0x72,0x6d,
  0x6a,0x69,0x6b,0x70,0x7a,0x85,0x8e,0x96,0x9b,0x9c,0x98,0x8f,0x87,0x7d,0x70,0x63,0x5a,0x58,0x5b,0x61,0x68,0x74,0x83,0x8f,
  0x97,0x9a,0x9d,0x9e,0x9b,0x92,0x86,0x7b,0x72,0x69,0x61,0x5d,0x60,0x67,0x70,0x7b,0x87,0x95,0xa3,0xac,0xb1,0xb0,0xa9,0x9b,
  0x8a,0x79,0x6a,0x5d,0x54,0x53,0x57,0x5e,0x67,0x74,0x83,0x90,0x97,0x9b,0x9e,0x9e,0x98,0x8c,0x80,0x75,0x6d,0x64,0x5a,0x56,
  0x5a,0x61,0x6b,0x76,0x83,0x91,0x9c,0xa3,0xa5,0xa5,0xa1,0x97,0x8a,0x7c,0x71,0x67,0x61,0x61,0x68,0x71,0x7a,0x85,0x91,0x9b,
  0x9e,0x9d,0x9b,0x98,0x90,0x82,0x74,0x6b,0x64,0x5e,0x5a,0x5c,0x63,0x6b,0x71,0x7a,0x86,0x93,0x9c,0x9f,0x9e,0x9b,0x93,0x88,
  0x7c,0x70,0x66,0x60,0x5f,0x63,0x6a,0x74,0x80,0x8d,0x97,0x9d,0x9e,0x9d,0x9c,0x97,0x8f,0x85,0x7d,0x76,0x6f,0x68,0x65,0x67,
  0x6b,0x71,0x76,0x7d,0x86,0x8d,0x93,0x97,0x98,0x95,0x8e,0x84,0x7a,0x6f,0x66,0x61,0x60,0x63,0x6a,0x73,0x7d,0x87,0x92,0x9a,
  0x9e,0x9e,0x9b,0x95,0x8a,0x7f,0x76,0x70,0x6b,0x68,0x69,0x6f,0x78,0x80,0x88,0x90,0x98,0x9d,0x9d,0x9a,0x97,0x91,0x88,0x7a,
  0x6d,0x64,0x5c,0x57,0x57,0x5d,0x69,0x76,0x82,0x8d,0x97,0xa0,0xa4,0xa1,0x9b,0x91,0x85,0x77,0x68,0x5f,0x5b,0x5c,0x62,0x6c,
  0x7a,0x87,0x94,0x9e,0xa5,0xa5,0xa1,0x99,0x8e,0x81,0x74,0x6a,0x65,0x64,0x66,0x6b,0x73,0x7d,0x87,0x8f,0x95,0x99,0x9b,0x99,
  0x94,0x8c,0x82,0x78,0x6d,0x64,0x5d,0x5b,0x5f,0x67,0x72,0x7d,0x88,0x91,0x98,0x99,0x97,0x93,0x8d,0x85,0x7d,0x77,0x72,0x6f,
  0x6d,0x6d,0x71,0x75,0x79,0x80,0x86,0x8a,0x8e,0x91,0x93,0x94,0x92,0x8d,0x85,0x7d,0x75,0x6e,0x67,0x64,0x68,0x6f,0x76,0x7e,
  0x89,0x94,0x9a,0x9c,0x99,0x92,0x89,0x7d,0x71,0x66,0x60,0x5f,0x60,0x65,0x6e,0x79,0x83,0x8b,0x91,0x96,0x97,0x94,0x90,0x8d,
  0x88,0x83,0x7d,0x77,0x71,0x6d,0x69,0x69,0x6f,0x77,0x7e,0x86,0x90,0x99,0x9d,0x9d,0x9a,0x94,0x8b,0x7f,0x72,0x68,0x64,0x61,
  0x60,0x64,0x6d,0x75,0x7d,0x84,0x8b,0x91,0x94,0x94,0x92,0x8f,0x8a,0x83,0x7d,0x76,0x6f,0x69,0x67,0x69,0x6e,0x77,0x82,0x8e,
  0x9a,0xa3,0xa7,0xa5,0x9f,0x93,0x82,0x72,0x64,0x59,0x53,0x54,0x5e,0x6f,0x82,0x92,0x9e,0xa7,0xaa,0xa5,0x9a,0x8a,0x7b,0x6d,
  0x63,0x5d,0x5d,0x62,0x69,0x72,0x7c,0x86,0x8d,0x92,0x95,0x96,0x94,0x90,0x8b,0x86,0x81,0x7a,0x74,0x70,0x6f,0x6f,0x70,0x72,
  0x76,0x7c,0x83,0x88,0x8b,0x8e,0x90,0x8f,0x8b,0x86,0x84,0x81,0x7e,0x7b,0x7a,0x7a,0x7a,0x79,0x78,0x79,0x7c,0x7e,0x7f,0x82,
  0x87,0x8c,0x8f,0x8f,0x8d,0x88,0x7f,0x75,0x6b,0x63,0x5f,0x60,0x66,0x71,0x7f,0x8d,0x99,0xa1,0xa3,0xa0,0x97,0x8a,0x7a,0x6b,
  0x62,0x60,0x62,0x67,0x70,0x7b,0x88,0x94,0x9c,0x9f,0x9e,0x9a,0x94,0x8c,0x83,0x7c,0x76,0x6f,0x69,0x67,0x68,0x6c,0x70,0x74,
  0x7b,0x83,0x89,0x8c,0x8d,0x8c,0x8b,0x87,0x82,0x7d,0x7a,0x77,0x77,0x79,0x7c,0x7e,0x80,0x83,0x84,0x83,0x81,0x7f,0x7c,0x7b,
  0x7c,0x7f,0x82,0x86,0x89,0x89,0x87,0x83,0x7f,0x7a,0x75,0x71,0x71,0x75,0x7b,0x82,0x8b,0x91,0x95,0x95,0x90,0x88,0x80,0x77,
  0x6e,0x68,0x65,0x67,0x6b,0x72,0x7b,0x83,0x8a,0x8f,0x92,0x92,0x91,0x8f,0x8d,0x88,0x82,0x7b,0x74,0x6d,0x6a,0x69,0x6a,0x6f,
  0x75,0x7d,0x86,0x90,0x97,0x9a,0x98,0x93,0x8d,0x86,0x7d,0x75,0x70,0x70,0x73,0x77,0x7c,0x81,0x86,0x89,0x88,0x85,0x82,0x7e,
  0x7a,0x77,0x78,0x7b,0x7e,0x7f,0x7f,0x7f,0x7e,0x7b,0x79,0x78,0x78,0x79,0x7c,0x80,0x86,0x8b,0x8c,0x8c,0x8b,0x89,0x85,0x81,
  0x7e,0x7d,0x7d,0x7d,0x7e,0x7d,0x7c,0x7b,0x7b,0x7d,0x80,0x85,0x8a,0x8e,0x91,0x94,0x92,0x8c,0x82,0x77,0x6b,0x61,0x5a,0x58,
  0x5d,0x67,0x75,0x84,0x94,0xa1,0xa8,0xa8,0xa3,0x98,0x89,0x78,0x69,0x5f,0x59,0x59,0x61,0x6d,0x78,0x84,0x8f,0x99,0x9e,0x9f,
  0x9c,0x97,0x92,0x89,0x7f,0x76,0x6f,0x6a,0x66,0x65,0x67,0x6d,0x75,0x7e,0x89,0x94,0x9d,0x9f,0x9b,0x93,0x88,0x7d,0x70,0x64,
  0x5e,0x5e,0x63,0x6d,0x7a,0x87,0x93,0x9b,0x9e,0x9c,0x96,0x8d,0x84,0x7c,0x76,0x73,0x72,0x72,0x71,0x71,0x71,0x72,0x73,0x75,
  0x77,0x7c,0x81,0x88,0x90,0x98,0x9c,0x9a,0x95,0x8d,0x84,0x7a,0x70,0x69,0x66,0x67,0x6b,0x71,0x78,0x80,0x88,0x8f,0x93,0x94,
  0x93,0x91,0x8e,0x88,0x80,0x78,0x72,0x6c,0x66,0x62,0x64,0x6b,0x75,0x7f,0x89,0x94,0x9e,0xa4,0xa2,0x9c,0x93,0x86,0x77,0x69,
  0x5f,0x5b,0x5b,0x63,0x6f,0x7d,0x8a,0x96,0xa1,0xa7,0xa5,0x9e,0x94,0x88,0x7a,0x6b,0x60,0x5a,0x58,0x5b,0x60,0x6a,0x76,0x84,
  0x91,0x9c,0xa2,0xa5,0xa4,0x9e,0x93,0x84,0x78,0x6e,0x65,0x5f,0x5e,0x63,0x6c,0x76,0x82,0x8d,0x97,0x9e,0xa0,0x9d,0x97,0x8f,
  0x85,0x7a,0x71,0x6c,0x6a,0x69,0x6d,0x75,0x7d,0x84,0x88,0x8a,0x8c,0x8b,0x87,0x82,0x7e,0x7c,0x7a,0x76,0x74,0x74,0x75,0x77,
  0x79,0x7c,0x80,0x84,0x86,0x86,0x88,0x8a,0x8c,0x8c,0x8b,0x89,0x87,0x85,0x81,0x7b,0x76,0x73,0x72,0x70,0x6e,0x71,0x78,0x7f,
  0x84,0x8b,0x92,0x96,0x96,0x92,0x8d,0x87,0x7e,0x75,0x6e,0x69,0x65,0x67,0x6c,0x73,0x7a,0x82,0x8a,0x92,0x98,0x9c,0x9c,0x98,
  0x91,0x87,0x79,0x6d,0x64,0x60,0x61,0x66,0x6f,0x7b,0x87,0x91,0x99,0x9c,0x99,0x92,0x8a,0x80,0x74,0x69,0x65,0x67,0x6b,0x70,
  0x79,0x85,0x90,0x96,0x97,0x97,0x94,0x8e,0x85,0x7b,0x74,0x70,0x6e,0x6d,0x6f,0x74,0x7a,0x7e,0x82,0x86,0x8b,0x8e,0x8d,0x8a,
  0x88,0x84,0x7e,0x79,0x75,0x73,0x73,0x75,0x79,0x7f,0x84,0x89,0x8c,0x8b,0x87,0x80,0x7a,0x74,0x70,0x72,0x78,0x7e,0x84,0x8a,
  0x8f,0x91,0x8e,0x88,0x7e,0x75,0x6c,0x66,0x65,0x6a,0x73,0x7d,0x86,0x90,0x96,0x99,0x96,0x90,0x88,0x80,0x77,0x70,0x6c,0x6b,
  0x6f,0x75,0x7c,0x83,0x89,0x8e,0x8f,0x8e,0x8b,0x88,0x83,0x7d,0x77,0x73,0x73,0x73,0x75,0x77,0x7b,0x7f,0x84,0x88,0x8d,0x90,
  0x90,0x8e,0x88,0x80,0x76,0x6d,0x67,0x66,0x68,0x6f,0x78,0x81,0x89,0x8f,0x93,0x92,0x8c,0x86,0x80,0x7a,0x75,0x72,0x74,0x79,
  0x7d,0x81,0x85,0x88,0x89,0x87,0x83,0x81,0x80,0x80,0x7f,0x7d,0x7e,0x81,0x82,0x82,0x7f,0x7e,0x7e,0x7c,0x7a,0x78,0x79,0x7a,
  0x7b,0x7b,0x7c,0x7d,0x7f,0x7f,0x80,0x82,0x85,0x87,0x8a,0x8c,0x8d,0x8b,0x88,0x84,0x7c,0x74,0x6e,0x6b,0x6c,0x70,0x78,0x80,
  0x89,0x90,0x94,0x95,0x90,0x8a,0x84,0x7e,0x77,0x70,0x6e,0x71,0x77,0x7b,0x80,0x86,0x8b,0x8e,0x8c,0x89,0x85,0x81,0x7c,0x78,
  0x75,0x72,0x72,0x75,0x77,0x7a,0x7e,0x85,0x8c,0x91,0x94,0x96,0x97,0x93,0x8b,0x81,0x76,0x6e,0x69,0x65,0x66,0x6a,0x72,0x7c,
  0x87,0x8f,0x95,0x96,0x95,0x91,0x88,0x7d,0x73,0x6e,0x6c,0x6d,0x71,0x77,0x7e,0x85,0x89,0x8a,0x8a,0x88,0x85,0x81,0x7e,0x7b,
  0x7c,0x7d,0x80,0x84,0x87,0x89,0x8a,0x8a,0x89,0x87,0x85,0x82,0x7e,0x7a,0x75,0x70,0x6e,0x6d,0x6e,0x6f,0x73,0x7a,0x83,0x8b,
  0x8f,0x92,0x94,0x91,0x8a,0x82,0x7b,0x77,0x76,0x77,0x7b,0x81,0x87,0x8c,0x8f,0x90,0x8d,0x86,0x7d,0x74,0x6d,0x68,0x67,0x6a,
  0x71,0x7a,0x83,0x8b,0x91,0x94,0x93,0x90,0x89,0x80,0x77,0x70,0x6a,0x69,0x6b,0x70,0x78,0x81,0x88,0x8c,0x90,0x93,0x94,0x92,
  0x8d,0x87,0x82,0x7a,0x72,0x6e,0x6f,0x72,0x74,0x78,0x7f,0x85,0x8b,0x8d,0x8e,0x8b,0x86,0x7e,0x77,0x6f,0x68,0x67,0x6a,0x70,
  0x79,0x84,0x90,0x98,0x9c,0x9d,0x9a,0x92,0x87,0x7a,0x6f,0x67,0x63,0x63,0x68,0x70,0x78,0x81,0x8b,0x93,0x98,0x99,0x98,0x95,
  0x8f,0x87,0x7e,0x76,0x6f,0x6a,0x67,0x67,0x69,0x6f,0x77,0x7f,0x86,0x8c,0x8f,0x90,0x8c,0x86,0x7f,0x79,0x74,0x71,0x73,0x78,
  0x7f,0x86,0x8d,0x94,0x98,0x97,0x92,0x8a,0x81,0x77,0x6e,0x6b,0x6b,0x6d,0x72,0x79,0x80,0x85,0x89,0x8a,0x89,0x85,0x80,0x7c,
  0x79,0x75,0x73,0x76,0x7a,0x7e,0x82,0x87,0x8c,0x8e,0x8c,0x8a,0x87,0x81,0x7a,0x74,0x72,0x73,0x76,0x7b,0x82,0x8a,0x90,0x94,
  0x95,0x94,0x8f,0x88,0x7d,0x72,0x68,0x60,0x5c,0x5d,0x62,0x6b,0x77,0x83,0x8e,0x97,0x9d,0x9f,0x9c,0x95,0x8e,0x85,0x7c,0x73,
  0x6e,0x6e,0x72,0x76,0x7b,0x82,0x8a,0x8f,0x91,0x90,0x8d,0x88,0x81,0x79,0x71,0x6c,0x6c,0x6d,0x6f,0x73,0x79,0x80,0x85,0x89,
  0x8d,0x90,0x8e,0x89,0x84,0x7e,0x78,0x72,0x70,0x71,0x72,0x75,0x7a,0x80,0x86,0x8a,0x8c,0x8e,0x8e,0x8c,0x88,0x85,0x82,0x81,
  0x7f,0x7e,0x7c,0x7a,0x7a,0x7a,0x7a,0x79,0x78,0x78,0x7a,0x7b,0x7d,0x80,0x84,0x87,0x88,0x89,0x88,0x87,0x86,0x84,0x82,0x7f,
  0x7c,0x79,0x76,0x74,0x73,0x74,0x77,0x7a,0x7f,0x84,0x88,0x8b,0x8d,0x8e,0x8c,0x87,0x80,0x79,0x73,0x6d,0x6a,0x6c,0x72,0x79,
  0x81,0x89,0x90,0x96,0x98,0x95,0x8e,0x86,0x7e,0x76,0x6f,0x6a,0x6a,0x6f,0x76,0x7d,0x83,0x8b,0x93,0x97,0x97,0x94,0x90,0x89,
  0x7e,0x73,0x6d,0x69,0x66,0x65,0x67,0x6d,0x75,0x7d,0x84,0x8b,0x91,0x94,0x93,0x8f,0x89,0x82,0x7b,0x75,0x71,0x70,0x72,0x75,
  0x7a,0x80,0x88,0x8e,0x92,0x93,0x92,0x90,0x8b,0x83,0x7d,0x7a,0x78,0x77,0x76,0x78,0x7b,0x7d,0x7d,0x7e,0x7e,0x7d,0x7a,0x78,
  0x78,0x7a,0x7b,0x7a,0x7c,0x7f,0x81,0x81,0x82,0x82,0x82,0x81,0x7f,0x7d,0x7d,0x7e,0x82,0x86,0x8b,0x8f,0x92,0x93,0x90,0x8c,
  0x85,0x7e,0x78,0x72,0x6d,0x69,0x68,0x6b,0x70,0x77,0x7f,0x86,0x8d,0x92,0x94,0x93,0x90,0x8b,0x85,0x7c,0x72,0x6b,0x68,0x66,
  0x66,0x6c,0x77,0x83,0x8d,0x96,0x9f,0xa1,0x9d,0x96,0x8b,0x7e,0x6f,0x62,0x5b,0x5c,0x61,0x6a,0x76,0x83,0x90,0x9b,0xa0,0x9f,
  0x9b,0x94,0x89,0x7c,0x72,0x6d,0x6c,0x6c,0x6e,0x74,0x7c,0x83,0x87,0x8a,0x8e,0x91,0x91,0x8c,0x86,0x82,0x7c,0x74,0x6d,0x6b,
  0x6c,0x6e,0x72,0x79,0x82,0x8a,0x8e,0x8f,0x90,0x8c,0x84,0x7a,0x74,0x72,0x71,0x71,0x73,0x7a,0x85,0x8d,0x91,0x93,0x94,0x92,
  0x8a,0x80,0x79,0x76,0x75,0x74,0x78,0x7f,0x86,0x89,0x8a,0x8a,0x8a,0x87,0x81,0x79,0x73,0x6f,0x6c,0x6b,0x6f,0x75,0x7a,0x7d,
  0x82,0x88,0x8c,0x8b,0x89,0x88,0x85,0x7f,0x78,0x71,0x6f,0x6f,0x6f,0x70,0x77,0x81,0x8c,0x94,0x9a,0xa0,0xa3,0x9e,0x93,0x88,
  0x7f,0x74,0x6a,0x64,0x66,0x6c,0x71,0x77,0x81,0x8d,0x95,0x97,0x94,0x8c,0x82,0x75,0x6a,0x62,0x60,0x62,0x67,0x70,0x7c,0x88,
  0x92,0x98,0x9b,0x9b,0x97,0x8e,0x85,0x7b,0x72,0x6b,0x68,0x6a,0x70,0x78,0x7f,0x86,0x8f,0x96,0x98,0x93,0x8e,0x89,0x81,0x77,
  0x6f,0x6d,0x6d,0x6e,0x6f,0x75,0x7f,0x89,0x90,0x93,0x92,0x8f,0x88,0x7f,0x76,0x70,0x6e,0x6f,0x73,0x79,0x82,0x8b,0x91,0x95,
  0x95,0x92,0x8a,0x7e,0x70,0x64,0x5b,0x59,0x5d,0x67,0x75,0x85,0x95,0xa2,0xab,0xae,0xa8,0x9c,0x8d,0x7e,0x70,0x64,0x5f,0x60,
  0x66,0x6e,0x79,0x88,0x96,0xa0,0xa6,0xa6,0xa0,0x94,0x84,0x72,0x62,0x58,0x54,0x55,0x5d,0x68,0x77,0x87,0x95,0x9e,0xa4,0xa3,
  0x9b,0x8f,0x80,0x6f,0x60,0x58,0x57,0x5c,0x67,0x75,0x86,0x98,0xa6,0xae,0xaf,0xaa,0xa0,0x93,0x83,0x75,0x6b,0x65,0x65,0x68,
  0x6e,0x75,0x7e,0x87,0x8d,0x8f,0x8e,0x89,0x81,0x78,0x71,0x6d,0x6d,0x70,0x76,0x7d,0x84,0x8a,0x90,0x92,0x8e,0x88,0x81,0x78,
  0x70,0x69,0x67,0x6a,0x73,0x7e,0x88,0x92,0x9b,0xa1,0xa1,0x9c,0x91,0x84,0x78,0x6e,0x65,0x61,0x64,0x6e,0x79,0x84,0x8c,0x94,
  0x98,0x98,0x92,0x8a,0x80,0x74,0x6a,0x62,0x60,0x63,0x6b,0x76,0x80,0x8a,0x93,0x9a,0x9d,0x9b,0x96,0x8f,0x86,0x7b,0x70,0x68,
  0x62,0x63,0x67,0x6e,0x76,0x81,0x8d,0x96,0x9d,0x9e,0x9a,0x91,0x85,0x78,0x6d,0x67,0x65,0x68,0x6e,0x78,0x83,0x8d,0x94,0x98,
  0x9a,0x96,0x8c,0x81,0x76,0x6c,0x66,0x65,0x69,0x70,0x78,0x7f,0x87,0x8c,0x8d,0x8b,0x88,0x84,0x80,0x7a,0x74,0x70,0x70,0x72,
  0x74,0x75,0x79,0x7f,0x83,0x87,0x8c,0x92,0x95,0x92,0x8e,0x8c,0x88,0x82,0x7a,0x75,0x74,0x74,0x76,0x7a,0x81,0x89,0x8f,0x90,
  0x8d,0x87,0x80,0x77,0x70,0x6b,0x6b,0x6e,0x74,0x7b,0x82,0x87,0x89,0x89,0x88,0x84,0x7d,0x76,0x72,0x70,0x72,0x76,0x7e,0x86,
  0x8e,0x93,0x94,0x93,0x8f,0x89,0x7f,0x77,0x73,0x72,0x72,0x74,0x7a,0x81,0x87,0x8a,0x8c,0x8d,0x8c,0x8a,0x87,0x83,0x7e,0x78,
  0x70,0x6a,0x67,0x66,0x68,0x6e,0x78,0x83,0x8d,0x96,0x9d,0xa0,0x9f,0x98,0x8c,0x7e,0x70,0x64,0x5d,0x5d,0x63,0x6d,0x7a,0x89,
  0x95,0x9d,0x9e,0x9a,0x91,0x85,0x78,0x6d,0x67,0x66,0x6b,0x73,0x7d,0x86,0x8d,0x92,0x93,0x91,0x8d,0x86,0x80,0x7a,0x74,0x70,
  0x70,0x72,0x76,0x7b,0x80,0x84,0x86,0x87,0x88,0x88,0x87,0x84,0x82,0x7f,0x7b,0x77,0x75,0x74,0x75,0x77,0x7b,0x80,0x84,0x87,
  0x89,0x89,0x88,0x84,0x80,0x7c,0x79,0x78,0x7a,0x7e,0x84,0x8a,0x8e,0x91,0x92,0x91,0x8c,0x82,0x77,0x70,0x6a,0x65,0x64,0x69,
  0x73,0x7d,0x84,0x89,0x8c,0x8d,0x8b,0x87,0x82,0x7e,0x7b,0x7a,0x79,0x79,0x7b,0x7d,0x7f,0x7f,0x7e,0x7c,0x7a,0x7a,0x7c,0x7f,
  0x83,0x88,0x8d,0x90,0x8f,0x8d,0x89,0x85,0x7e,0x78,0x75,0x75,0x77,0x7a,0x7e,0x82,0x85,0x86,0x84,0x7f,0x7a,0x77,0x76,0x74,
  0x72,0x73,0x77,0x7b,0x7f,0x82,0x86,0x89,0x8a,0x89,0x87,0x86,0x85,0x85,0x83,0x80,0x7d,0x7a,0x77,0x74,0x73,0x74,0x77,0x7b,
  0x80,0x85,0x8a,0x8f,0x90,0x8d,0x88,0x84,0x7f,0x79,0x75,0x73,0x73,0x76,0x7a,0x7d,0x80,0x82,0x84,0x83,0x81,0x81,0x81,0x82,
  0x83,0x87,0x8a,0x8d,0x8e,0x8d,0x89,0x82,0x79,0x70,0x6a,0x67,0x69,0x6d,0x74,0x7d,0x85,0x8c,0x8f,0x8f,0x8d,0x89,0x83,0x7c,
  0x76,0x72,0x71,0x73,0x77,0x7c,0x81,0x87,0x8d,0x92,0x94,0x95,0x94,0x91,0x8b,0x81,0x79,0x73,0x6d,0x69,0x68,0x6b,0x71,0x7a,
  0x83,0x8c,0x95,0x9a,0x99,0x91,0x87,0x7b,0x6f,0x64,0x5e,0x5d,0x60,0x67,0x72,0x80,0x8c,0x95,0x9b,0x9f,0x9f,0x99,0x91,0x8b,
  0x85,0x81,0x7d,0x7b,0x7a,0x7a,0x7b,0x7a,0x7b,0x7c,0x7d,0x7d,0x7d,0x7e,0x80,0x81,0x81,0x7f,0x7e,0x7c,0x79,0x75,0x74,0x74,
  0x76,0x78,0x7a,0x7b,0x7d,0x80,0x82,0x83,0x86,0x8b,0x8f,0x90,0x90,0x8f,0x8e,0x8b,0x86,0x80,0x7a,0x74,0x70,0x6f,0x6f,0x73,
  0x7c,0x85,0x8c,0x8f,0x92,0x92,0x8d,0x83,0x78,0x6e,0x66,0x61,0x61,0x66,0x70,0x7c,0x87,0x90,0x96,0x99,0x99,0x96,0x91,0x8b,
  0x83,0x7b,0x75,0x71,0x6f,0x70,0x74,0x79,0x7c,0x81,0x84,0x88,0x8a,0x8b,0x8c,0x8b,0x86,0x81,0x7c,0x77,0x71,0x6d,0x6c,0x6e,
  0x72,0x76,0x7c,0x84,0x8a,0x8c,0x8b,0x88,0x85,0x82,0x7f,0x7f,0x82,0x86,0x89,0x89,0x89,0x8a,0x87,0x82,0x7c,0x78,0x74,0x70,
  0x70,0x73,0x79,0x7f,0x84,0x89,0x8a,0x88,0x81,0x7a,0x75,0x70,0x6e,0x70,0x75,0x79,0x7e,0x84,0x88,0x8b,0x8b,0x8b,0x8a,0x8a,
  0x88,0x87,0x86,0x85,0x84,0x82,0x81,0x7f,0x7e,0x7d,0x7d,0x7f,0x81,0x83,0x84,0x85,0x84,0x81,0x7b,0x73,0x6b,0x64,0x60,0x60,
  0x65,0x70,0x7d,0x89,0x92,0x97,0x99,0x97,0x92,0x8a,0x83,0x7f,0x7d,0x7b,0x7b,0x7d,0x81,0x85,0x89,0x8a,0x89,0x87,0x84,0x81,
  0x7e,0x7c,0x7c,0x7c,0x7c,0x7b,0x7a,0x7a,0x79,0x77,0x76,0x78,0x7a,0x7c,0x7e,0x80,0x82,0x82,0x7f,0x7e,0x7d,0x7e,0x7e,0x81,
  0x86,0x8b,0x8e,0x8f,0x8e,0x8c,0x88,0x82,0x7b,0x76,0x73,0x71,0x71,0x74,0x7a,0x80,0x85,0x89,0x8b,0x89,0x85,0x80,0x7b,0x76,
  0x72,0x71,0x72,0x75,0x7a,0x80,0x87,0x8d,0x91,0x92,0x91,0x8e,0x89,0x83,0x7d,0x77,0x73,0x71,0x72,0x74,0x79,0x7f,0x85,0x8b,
  0x90,0x92,0x92,0x90,0x8b,0x85,0x7e,0x76,0x6e,0x68,0x65,0x65,0x6a,0x70,0x79,0x82,0x8a,0x8e,0x90,0x90,0x8c,0x88,0x83,0x7f,
  0x7c,0x7a,0x7c,0x7f,0x83,0x86,0x88,0x88,0x86,0x83,0x7e,0x79,0x75,0x73,0x73,0x76,0x7a,0x7e,0x84,0x89,0x8c,0x8b,0x87,0x82,
  0x7e,0x79,0x74,0x72,0x73,0x76,0x7a,0x7e,0x82,0x87,0x8c,0x8f,0x8f,0x8f,0x8c,0x87,0x82,0x7c,0x77,0x73,0x71,0x71,0x73,0x78,
  0x7e,0x86,0x8c,0x91,0x93,0x91,0x8b,0x82,0x79,0x6e,0x65,0x5f,0x5f,0x64,0x6c,0x76,0x83,0x90,0x99,0x9c,0x9d,0x99,0x91,0x87,
  0x7d,0x77,0x72,0x6e,0x6d,0x70,0x75,0x7b,0x81,0x86,0x8a,0x8d,0x8e,0x8d,0x8b,0x88,0x84,0x80,0x7c,0x78,0x75,0x73,0x73,0x74,
  0x75,0x78,0x7c,0x80,0x82,0x84,0x85,0x85,0x84,0x82,0x7f,0x7d,0x7d,0x7d,0x7d,0x7f,0x82,0x84,0x85,0x84,0x82,0x81,0x7f,0x7c,
  0x7a,0x79,0x7a,0x7c,0x7e,0x80,0x83,0x85,0x86,0x86,0x85,0x82,0x7f,0x7c,0x7a,0x77,0x77,0x7a,0x7e,0x82,0x85,0x88,0x8a,0x8a,
  0x88,0x86,0x83,0x7e,0x7a,0x77,0x75,0x74,0x74,0x75,0x78,0x7d,0x82,0x87,0x8c,0x90,0x90,0x8c,0x87,0x82,0x7d,0x76,0x6e,0x6a,
  0x6b,0x6e,0x73,0x7a,0x83,0x8d,0x96,0x9a,0x99,0x95,0x8e,0x85,0x7a,0x72,0x6d,0x6c,0x6c,0x6f,0x75,0x7d,0x83,0x87,0x8b,0x8c,
  0x8a,0x86,0x81,0x7d,0x78,0x74,0x72,0x74,0x78,0x7c,0x7f,0x82,0x86,0x89,0x8a,0x88,0x86,0x84,0x81,0x7d,0x7a,0x78,0x78,0x7b,
  0x7e,0x80,0x83,0x88,0x8b,0x8b,0x89,0x85,0x82,0x7e,0x7a,0x77,0x76,0x77,0x79,0x7c,0x7e,0x81,0x84,0x85,0x84,0x81,0x7e,0x7a,
  0x77,0x75,0x73,0x74,0x76,0x7b,0x80,0x83,0x86,0x89,0x8a,0x8a,0x89,0x87,0x84,0x81,0x7e,0x7b,0x79,0x7a,0x7c,0x7e,0x80,0x83,
  0x84,0x85,0x86,0x86,0x85,0x82,0x81,0x80,0x7d,0x7a,0x77,0x76,0x77,0x77,0x77,0x79,0x7c,0x7d,0x7e,0x80,0x84,0x87,0x88,0x87,
  0x86,0x84,0x82,0x81,0x7f,0x7d,0x7b,0x7b,0x7b,0x7c,0x7c,0x7d,0x7d,0x7d,0x7f,0x81,0x83,0x85,0x86,0x86,0x86,0x84,0x81,0x7f,
  0x7d,0x7c,0x79,0x77,0x77,0x79,0x7a,0x7b,0x7f,0x84,0x88,0x89,0x89,0x88,0x85,0x81,0x7c,0x79,0x77,0x76,0x76,0x77,0x7a,0x7f,
  0x83,0x87,0x89,0x89,0x88,0x85,0x82,0x7f,0x7c,0x7a,0x79,0x79,0x7b,0x7c,0x7e,0x80,0x83,0x84,0x83,0x83,0x83,0x83,0x81,0x80,
  0x80,0x81,0x82,0x81,0x7f,0x7f,0x7f,0x7e,0x7d,0x7c,0x7b,0x7b,0x7a,0x7a,0x7b,0x7c,0x7e,0x80,0x82,0x84,0x87,0x89,0x88,0x85,
  0x81,0x7b,0x76,0x72,0x70,0x6f,0x72,0x77,0x7e,0x86,0x8c,0x92,0x95,0x96,0x93,0x8d,0x85,0x7c,0x73,0x6d,0x6b,0x6d,0x72,0x7a,
  0x83,0x89,0x8d,0x90,0x90,0x8e,0x88,0x81,0x7b,0x76,0x72,0x6e,0x6e,0x72,0x76,0x7a,0x7f,0x84,0x89,0x8a,0x88,0x86,0x84,0x81,
  0x7d,0x7a,0x79,0x79,0x7a,0x7c,0x80,0x85,0x89,0x8c,0x8d,0x8e,0x8d,0x89,0x83,0x7d,0x78,0x74,0x72,0x73,0x76,0x7a,0x7e,0x82,
  0x84,0x85,0x86,0x84,0x80,0x7c,0x78,0x76,0x74,0x73,0x75,0x7a,0x80,0x86,0x8c,0x8f,0x8e,0x8c,0x89,0x86,0x82,0x7d,0x78,0x76,
  0x75,0x75,0x77,0x7a,0x80,0x85,0x88,0x8a,0x8c,0x8d,0x8c,0x87,0x81,0x7c,0x77,0x74,0x72,0x71,0x73,0x77,0x7b,0x7f,0x82,0x85,
  0x87,0x86,0x85,0x83,0x80,0x7c,0x78,0x77,0x79,0x7b,0x7e,0x82,0x86,0x89,0x89,0x87,0x85,0x84,0x81,0x7d,0x79,0x78,0x78,0x78,
  0x79,0x7d,0x83,0x88,0x8b,0x8c,0x8a,0x86,0x81,0x7a,0x75,0x71,0x70,0x71,0x74,0x7a,0x7f,0x85,0x89,0x8c,0x8d,0x8c,0x8a,0x86,
  0x80,0x7b,0x77,0x74,0x73,0x74,0x77,0x7d,0x84,0x89,0x8b,0x8c,0x8a,0x87,0x82,0x7e,0x79,0x73,0x6e,0x6c,0x6e,0x72,0x77,0x7e,
  0x86,0x8d,0x92,0x95,0x95,0x91,0x8c,0x85,0x7e,0x78,0x73,0x71,0x72,0x74,0x78,0x7e,0x82,0x85,0x87,0x88,0x89,0x88,0x85,0x82,
  0x7e,0x7b,0x78,0x77,0x77,0x77,0x78,0x79,0x7a,0x7c,0x7e,0x81,0x83,0x86,0x86,0x86,0x86,0x84,0x81,0x7d,0x7b,0x7b,0x7c,0x7e,
  0x80,0x82,0x85,0x87,0x87,0x86,0x86,0x85,0x84,0x82,0x81,0x7f,0x7e,0x7c,0x7b,0x7c,0x7d,0x7e,0x7f,0x80,0x81,0x81,0x7f,0x7e,
  0x7e,0x7d,0x7d,0x7d,0x7e,0x7f,0x80,0x80,0x7f,0x7f,0x7e,0x7c,0x79,0x77,0x76,0x76,0x77,0x7b,0x81,0x88,0x90,0x96,0x98,0x99,
  0x95,0x8f,0x87,0x7e,0x76,0x6f,0x69,0x67,0x69,0x70,0x78,0x80,0x88,0x8f,0x94,0x94,0x90,0x8a,0x82,0x78,0x6f,0x69,0x66,0x68,
  0x6d,0x75,0x7f,0x8a,0x92,0x97,0x99,0x97,0x92,0x8b,0x82,0x7a,0x72,0x6d,0x6c,0x6e,0x74,0x7b,0x82,0x87,0x8a,0x8d,0x8c,0x87,
  0x82,0x7d,0x79,0x75,0x73,0x73,0x76,0x7a,0x7e,0x82,0x85,0x87,0x88,0x87,0x84,0x80,0x7d,0x7b,0x7a,0x7b,0x7d,0x82,0x87,0x8b,
  0x8c,0x8c,0x89,0x83,0x7d,0x76,0x71,0x6e,0x6e,0x70,0x75,0x7c,0x83,0x8a,0x8f,0x93,0x93,0x90,0x8a,0x82,0x7a,0x73,0x6f,0x6c,
  0x6d,0x70,0x76,0x7d,0x83,0x8a,0x8f,0x90,0x8e,0x8c,0x88,0x82,0x7a,0x74,0x73,0x73,0x74,0x76,0x7b,0x81,0x85,0x87,0x87,0x87,
  0x84,0x80,0x7b,0x78,0x75,0x74,0x74,0x76,0x7a,0x7f,0x83,0x87,0x8a,0x8b,0x8a,0x88,0x84,0x7f,0x7c,0x7a,0x79,0x7a,0x7c,0x7f,
  0x82,0x85,0x87,0x89,0x88,0x86,0x83,0x80,0x7d,0x78,0x75,0x75,0x76,0x79,0x7b,0x7e,0x81,0x83,0x84,0x84,0x82,0x80,0x7d,0x79,
  0x76,0x74,0x74,0x75,0x76,0x79,0x7d,0x81,0x86,0x8a,0x8e,0x8f,0x90,0x8f,0x8c,0x87,0x83,0x7e,0x7a,0x77,0x76,0x77,0x7b,0x7e,
  0x81,0x83,0x85,0x85,0x83,0x7f,0x7c,0x79,0x78,0x79,0x7a,0x7b,0x7d,0x7f,0x81,0x83,0x83,0x83,0x83,0x82,0x81,0x80,0x7f,0x7f,
  0x7f,0x7f,0x81,0x83,0x85,0x86,0x87,0x88,0x86,0x83,0x7f,0x7b,0x76,0x72,0x6f,0x6e,0x71,0x75,0x7b,0x82,0x8a,0x8f,0x91,0x90,
  0x8c,0x86,0x7f,0x78,0x73,0x72,0x73,0x75,0x79,0x7f,0x87,0x8d,0x90,0x91,0x91,0x8d,0x87,0x7f,0x77,0x71,0x6f,0x6e,0x6f,0x72,
  0x77,0x7d,0x83,0x89,0x8d,0x8f,0x8e,0x8b,0x88,0x82,0x7c,0x75,0x71,0x6f,0x6f,0x71,0x76,0x7d,0x85,0x8a,0x8c,0x8d,0x8d,0x8a,
  0x83,0x7e,0x7b,0x79,0x77,0x77,0x79,0x7d,0x81,0x84,0x86,0x87,0x85,0x82,0x7e,0x7a,0x78,0x76,0x76,0x77,0x7a,0x7e,0x80,0x83,
  0x86,0x89,0x89,0x87,0x84,0x81,0x7f,0x7b,0x78,0x77,0x78,0x7a,0x7c,0x7f,0x83,0x87,0x89,0x8a,0x8a,0x89,0x86,0x82,0x7e,0x7b,
  0x78,0x77,0x76,0x77,0x7a,0x7e,0x81,0x83,0x84,0x83,0x80,0x7b,0x77,0x76,0x74,0x73,0x74,0x79,0x7e,0x82,0x86,0x8a,0x8e,0x91,
  0x8f,0x8c,0x89,0x84,0x7f,0x7c,0x7b,0x7b,0x7c,0x7d,0x7f,0x81,0x82,0x82,0x83,0x83,0x81,0x7e,0x7b,0x79,0x78,0x77,0x77,0x77,
  0x7a,0x7e,0x81,0x83,0x85,0x87,0x89,0x89,0x86,0x84,0x83,0x82,0x7e,0x7b,0x79,0x7a,0x7b,0x7d,0x80,0x83,0x88,0x8b,0x8b,0x8a,
  0x86,0x82,0x7d,0x77,0x72,0x6f,0x6e,0x6f,0x72,0x77,0x7d,0x84,0x89,0x8d,0x8e,0x8d,0x8a,0x85,0x81,0x7d,0x78,0x76,0x77,0x79,
  0x7b,0x7d,0x80,0x83,0x87,0x89,0x89,0x89,0x89,0x86,0x81,0x7c,0x7a,0x78,0x76,0x74,0x77,0x7b,0x7f,0x82,0x85,0x88,0x89,0x87,
  0x83,0x7f,0x7c,0x77,0x73,0x72,0x75,0x7a,0x7d,0x81,0x86,0x8a,0x8a,0x88,0x85,0x83,0x80,0x7d,0x7c,0x7d,0x7f,0x82,0x83,0x83,
  0x84,0x85,0x84,0x82,0x7d,0x78,0x75,0x73,0x71,0x72,0x77,0x7d,0x83,0x89,0x8e,0x90,0x8e,0x8b,0x87,0x81,0x7a,0x75,0x72,0x72,
  0x72,0x74,0x7a,0x81,0x88,0x8d,0x90,0x92,0x91,0x8d,0x86,0x7e,0x78,0x73,0x6f,0x6d,0x70,0x74,0x7a,0x7e,0x82,0x87,0x8b,0x8d,
  0x8a,0x86,0x80,0x79,0x73,0x70,0x70,0x72,0x75,0x79,0x80,0x86,0x8b,0x8e,0x90,0x91,0x90,0x8b,0x85,0x7f,0x7b,0x76,0x73,0x75,
  0x79,0x7c,0x7d,0x7f,0x80,0x80,0x7d,0x7a,0x78,0x79,0x79,0x7b,0x7d,0x82,0x86,0x88,0x87,0x85,0x83,0x81,0x7e,0x7c,0x7b,0x7c,
  0x7d,0x7f,0x83,0x87,0x8b,0x8d,0x8d,0x8b,0x88,0x84,0x80,0x7c,0x79,0x77,0x76,0x76,0x76,0x76,0x76,0x78,0x7a,0x7d,0x7f,0x81,
  0x82,0x82,0x82,0x82,0x81,0x80,0x7f,0x7e,0x7c,0x7b,0x7a,0x7c,0x7f,0x81,0x84,0x87,0x89,0x8a,0x8a,0x89,0x86,0x82,0x7e,0x7a,
  0x78,0x76,0x76,0x77,0x7a,0x7c,0x7f,0x81,0x84,0x86,0x87,0x89,0x89,0x87,0x84,0x80,0x7b,0x76,0x73,0x72,0x72,0x74,0x77,0x7c,
  0x82,0x87,0x8a,0x8c,0x8d,0x8b,0x87,0x83,0x7f,0x7b,0x78,0x77,0x77,0x78,0x7a,0x7c,0x7f,0x82,0x83,0x82,0x82,0x80,0x7e,0x7c,
  0x7a,0x7b,0x7d,0x80,0x83,0x84,0x85,0x85,0x85,0x83,0x81,0x80,0x7f,0x7e,0x7d,0x7e,0x81,0x84,0x85,0x85,0x86,0x87,0x85,0x83,
  0x80,0x7e,0x7c,0x79,0x76,0x74,0x74,0x76,0x79,0x7e,0x83,0x87,0x88,0x89,0x88,0x86,0x82,0x7e,0x7a,0x77,0x75,0x73,0x75,0x79,
  0x7e,0x83,0x88,0x8d,0x90,0x91,0x8f,0x8c,0x87,0x82,0x7c,0x77,0x73,0x72,0x72,0x75,0x79,0x7c,0x80,0x84,0x86,0x86,0x85,0x84,
  0x82,0x7e,0x7b,0x79,0x78,0x79,0x7a,0x7c,0x7f,0x81,0x82,0x83,0x85,0x87,0x88,0x87,0x86,0x84,0x83,0x82,0x82,0x82,0x82,0x82,
  0x81,0x7f,0x7d,0x7b,0x7a,0x7a,0x7a,0x7a,0x7a,0x7c,0x7e,0x80,0x81,0x82,0x84,0x83,0x81,0x7d,0x7a,0x78,0x77,0x77,0x78,0x7c,
  0x7f,0x82,0x85,0x89,0x8c,0x8c,0x89,0x86,0x82,0x7e,0x7c,0x7a,0x79,0x78,0x7a,0x7c,0x7f,0x83,0x86,0x88,0x89,0x88,0x85,0x82,
  0x7f,0x7c,0x7b,0x7a,0x79,0x78,0x78,0x78,0x79,0x7b,0x7e,0x83,0x87,0x89,0x89,0x88,0x87,0x84,0x81,0x7e,0x7c,0x7a,0x78,0x78,
  0x79,0x7a,0x7c,0x7e,0x80,0x81,0x82,0x83,0x83,0x82,0x81,0x81,0x81,0x80,0x7f,0x7f,0x7f,0x7d,0x7c,0x7a,0x79,0x78,0x79,0x7b,
  0x7e,0x82,0x86,0x89,0x8b,0x8b,0x89,0x86,0x82,0x7e,0x7b,0x78,0x76,0x76,0x79,0x7d,0x81,0x85,0x88,0x89,0x88,0x85,0x82,0x7f,
  0x7c,0x79,0x76,0x74,0x73,0x72,0x74,0x77,0x7b,0x80,0x85,0x8a,0x8c,0x8d,0x8d,0x8c,0x8a,0x86,0x80,0x7a,0x76,0x73,0x72,0x73,
  0x77,0x7d,0x82,0x87,0x8c,0x8e,0x8e,0x8d,0x89,0x83,0x7c,0x77,0x74,0x72,0x73,0x74,0x78,0x7b,0x7d,0x7f,0x80,0x82,0x82,0x82,
  0x81,0x81,0x82,0x84,0x86,0x87,0x87,0x86,0x84,0x80,0x7c,0x79,0x78,0x79,0x7a,0x7c,0x7f,0x81,0x83,0x84,0x84,0x85,0x84,0x82,
  0x80,0x7d,0x7b,0x7b,0x7c,0x7d,0x7e,0x7f,0x80,0x82,0x83,0x84,0x86,0x87,0x87,0x87,0x85,0x83,0x7f,0x7b,0x77,0x74,0x73,0x72,
  0x73,0x75,0x7a,0x80,0x87,0x8d,0x90,0x91,0x8f,0x8c,0x87,0x81,0x7b,0x76,0x72,0x71,0x71,0x73,0x77,0x7d,0x81,0x85,0x88,0x89,
  0x89,0x88,0x87,0x85,0x82,0x7f,0x7d,0x7c,0x7b,0x7b,0x7a,0x7b,0x7e,0x80,0x81,0x81,0x83,0x84,0x84,0x83,0x81,0x7f,0x7c,0x7a,
  0x78,0x79,0x7a,0x7c,0x7e,0x80,0x81,0x83,0x83,0x84,0x82,0x80,0x7e,0x7d,0x7d,0x7d,0x7f,0x80,0x81,0x82,0x82,0x81,0x80,0x80,
  0x7f,0x7e,0x7d,0x7e,0x7f,0x80,0x80,0x81,0x83,0x84,0x84,0x82,0x7f,0x7c,0x79,0x76,0x74,0x72,0x74,0x78,0x7c,0x80,0x84,0x88,
  0x8b,0x8c,0x8c,0x89,0x87,0x85,0x82,0x7e,0x7a,0x78,0x76,0x75,0x76,0x79,0x7d,0x81,0x85,0x88,0x89,0x88,0x87,0x84,0x80,0x7d,
  0x7a,0x78,0x77,0x76,0x78,0x7a,0x7e,0x81,0x84,0x85,0x85,0x84,0x84,0x82,0x80,0x80,0x7f,0x7d,0x7b,0x7b,0x7d,0x7e,0x7f,0x80,
  0x81,0x81,0x80,0x7e,0x7e,0x7d,0x7d,0x7f,0x82,0x84,0x85,0x84,0x84,0x83,0x82,0x80,0x7d,0x7b,0x7c,0x7d,0x7f,0x81,0x82,0x83,
  0x85,0x86,0x87,0x87,0x86,0x85,0x84,0x80,0x7b,0x77,0x73,0x70,0x6f,0x70,0x74,0x79,0x7d,0x81,0x85,0x8a,0x8d,0x8c,0x89,0x86,
  0x82,0x7d,0x78,0x75,0x76,0x77,0x79,0x7b,0x7f,0x83,0x86,0x89,0x8b,0x8a,0x87,0x84,0x82,0x80,0x7d,0x7a,0x7a,0x7b,0x7b,0x7c,
  0x7d,0x7f,0x81,0x82,0x82,0x82,0x83,0x83,0x82,0x82,0x81,0x80,0x7f,0x7d,0x7c,0x7b,0x7a,0x79,0x7a,0x7b,0x7d,0x7f,0x80,0x81,
  0x83,0x86,0x88,0x88,0x87,0x86,0x84,0x82,0x7e,0x7a,0x76,0x73,0x71,0x71,0x74,0x79,0x7f,0x85,0x8b,0x8f,0x91,0x92,0x8f,0x8b,
  0x85,0x7e,0x78,0x73,0x6f,0x6e,0x6f,0x73,0x79,0x80,0x85,0x89,0x8b,0x8c,0x8b,0x88,0x84,0x80,0x7c,0x78,0x76,0x76,0x77,0x78,
  0x7a,0x7d,0x81,0x84,0x87,0x89,0x8b,0x8a,0x87,0x83,0x7f,0x7b,0x77,0x75,0x74,0x76,0x77,0x7a,0x7e,0x82,0x85,0x86,0x87,0x87,
  0x86,0x83,0x80,0x7e,0x7c,0x7c,0x7c,0x7c,0x7d,0x7e,0x7e,0x7e,0x7d,0x7d,0x7d,0x7d,0x7d,0x7e,0x80,0x83,0x84,0x84,0x84,0x84,
  0x81,0x7f,0x7d,0x7d,0x7d,0x7d,0x7d,0x7e,0x7f,0x7f,0x80,0x81,0x83,0x85,0x85,0x85,0x85,0x84,0x82,0x7f,0x7d,0x7b,0x78,0x76,
  0x75,0x75,0x77,0x7a,0x7d,0x81,0x85,0x88,0x8a,0x8a,0x89,0x86,0x82,0x7e,0x7a,0x77,0x76,0x77,0x7a,0x7e,0x83,0x86,0x89,0x8b,
  0x8a,0x87,0x83,0x7f,0x7b,0x78,0x75,0x73,0x74,0x77,0x7b,0x7f,0x82,0x86,0x89,0x8a,0x8a,0x8a,0x89,0x85,0x81,0x7d,0x79,0x77,
  0x76,0x77,0x79,0x7d,0x81,0x84,0x85,0x85,0x84,0x82,0x80,0x7d,0x7b,0x7a,0x7a,0x7a,0x7c,0x7e,0x80,0x82,0x83,0x85,0x85,0x84,
  0x82,0x80,0x7f,0x7e,0x7d,0x7d,0x7f,0x82,0x83,0x84,0x86,0x87,0x87,0x86,0x85,0x84,0x82,0x7f,0x7b,0x78,0x76,0x76,0x77,0x79,
  0x7c,0x7f,0x82,0x83,0x83,0x83,0x82,0x80,0x7e,0x7c,0x7b,0x7a,0x7b,0x7d,0x7f,0x82,0x84,0x86,0x87,0x87,0x86,0x84,0x82,0x80,
  0x7f,0x7d,0x7b,0x7b,0x7c,0x7e,0x7f,0x80,0x80,0x81,0x82,0x81,0x81,0x81,0x82,0x80,0x7e,0x7e,0x7f,0x7f,0x7e,0x7e,0x80,0x81,
  0x80,0x7e,0x7e,0x7f,0x7f,0x7e,0x7d,0x7e,0x7f,0x7f,0x7f,0x80,0x82,0x83,0x83,0x82,0x82,0x80,0x7f,0x7e,0x7d,0x7c,0x7b,0x7b,
  0x7c,0x7f,0x82,0x85,0x87,0x87,0x86,0x83,0x80,0x7e,0x7c,0x79,0x78,0x77,0x78,0x7b,0x7d,0x7f,0x82,0x84,0x85,0x86,0x85,0x84,
  0x82,0x81,0x80,0x7f,0x7e,0x7e,0x7e,0x7f,0x7f,0x80,0x7f,0x7f,0x7e,0x7d,0x7d,0x7d,0x7e,0x7f,0x80,0x80,0x7f,0x7e,0x7d,0x7c,
  0x7c,0x7c,0x7d,0x7e,0x7f,0x7f,0x81,0x83,0x85,0x86,0x87,0x88,0x88,0x87,0x84,0x81,0x7e,0x7b,0x78,0x76,0x74,0x75,0x78,0x7b,
  0x7f,0x83,0x87,0x88,0x87,0x84,0x81,0x7e,0x79,0x74,0x71,0x71,0x73,0x77,0x7c,0x82,0x87,0x8b,0x8c,0x8c,0x8a,0x87,0x83,0x80,
  0x7e,0x7b,0x79,0x79,0x7b,0x7f,0x82,0x84,0x85,0x86,0x85,0x82,0x7e,0x7c,0x7b,0x79,0x78,0x77,0x78,0x7b,0x7d,0x7f,0x81,0x84,
  0x85,0x85,0x85,0x84,0x83,0x82,0x7f,0x7c,0x7b,0x7b,0x7c,0x7e,0x81,0x83,0x84,0x83,0x82,0x7f,0x7d,0x7a,0x78,0x77,0x78,0x79,
  0x7c,0x80,0x84,0x88,0x8a,0x8b,0x8a,0x87,0x82,0x7d,0x79,0x78,0x78,0x79,0x7a,0x7d,0x81,0x83,0x84,0x84,0x84,0x84,0x82,0x7f,
  0x7c,0x7b,0x7a,0x7a,0x7b,0x7c,0x7d,0x7e,0x7f,0x82,0x84,0x85,0x86,0x86,0x85,0x83,0x81,0x80,0x7f,0x7e,0x7c,0x7a,0x7a,0x7b,
  0x7d,0x7f,0x80,0x82,0x82,0x81,0x7f,0x7d,0x7c,0x7b,0x7b,0x7a,0x7c,0x7e,0x7f,0x81,0x83,0x86,0x88,0x88,0x87,0x86,0x85,0x83,
  0x81,0x80,0x7e,0x7d,0x7b,0x7a,0x7a,0x7c,0x7d,0x7d,0x7f,0x7f,0x80,0x7f,0x7f,0x7f,0x7e,0x7d,0x7c,0x7b,0x7a,0x7b,0x7c,0x80,
  0x82,0x85,0x86,0x87,0x86,0x85,0x82,0x7f,0x7d,0x7b,0x79,0x77,0x77,0x7a,0x7f,0x83,0x86,0x88,0x8a,0x89,0x87,0x85,0x84,0x82,
  0x7e,0x79,0x76,0x75,0x74,0x75,0x77,0x7a,0x7e,0x81,0x83,0x84,0x86,0x86,0x85,0x84,0x82,0x7f,0x7d,0x7b,0x7a,0x7b,0x7e,0x7f,
  0x81,0x82,0x84,0x85,0x85,0x84,0x83,0x80,0x7e,0x7c,0x7b,0x7b,0x7d,0x7f,0x81,0x83,0x84,0x84,0x84,0x85,0x84,0x83,0x80,0x7e,
  0x7a,0x78,0x78,0x79,0x7b,0x7d,0x7e,0x7f,0x7e,0x7e,0x7f,0x7f,0x7f,0x7e,0x7e,0x7e,0x7e,0x80,0x84,0x87,0x8b,0x8d,0x8d,0x8b,
  0x88,0x84,0x7f,0x79,0x75,0x72,0x70,0x71,0x74,0x79,0x80,0x86,0x8a,0x8d,0x8e,0x8d,0x89,0x84,0x7e,0x78,0x72,0x6e,0x6d,0x6f,
  0x73,0x7a,0x81,0x87,0x8d,0x90,0x90,0x8f,0x8d,0x8a,0x86,0x80,0x7a,0x75,0x73,0x73,0x75,0x78,0x7d,0x81,0x84,0x85,0x84,0x83,
  0x82,0x80,0x7d,0x7a,0x78,0x76,0x75,0x76,0x7a,0x7f,0x83,0x88,0x8b,0x8c,0x8d,0x8c,0x89,0x86,0x83,0x7f,0x7b,0x79,0x79,0x7a,
  0x7b,0x7c,0x7c,0x7c,0x7c,0x7c,0x7d,0x7e,0x7f,0x7f,0x7f,0x7e,0x7f,0x80,0x81,0x82,0x82,0x82,0x80,0x7d,0x79,0x78,0x78,0x79,
  0x7a,0x7c,0x7f,0x81,0x84,0x87,0x8b,0x8e,0x8f,0x8d,0x8a,0x86,0x81,0x7c,0x77,0x74,0x72,0x71,0x72,0x75,0x79,0x7e,0x83,0x87,
  0x88,0x87,0x84,0x80,0x7c,0x78,0x75,0x74,0x74,0x75,0x79,0x7f,0x85,0x8b,0x8f,0x90,0x8e,0x89,0x83,0x7e,0x7a,0x77,0x75,0x75,
  0x76,0x78,0x7c,0x81,0x86,0x8b,0x8d,0x8d,0x8a,0x86,0x82,0x7e,0x7b,0x79,0x76,0x75,0x74,0x75,0x78,0x7a,0x7d,0x80,0x82,0x82,
  0x81,0x81,0x81,0x81,0x81,0x82,0x82,0x83,0x83,0x83,0x85,0x87,0x88,0x87,0x83,0x80,0x7d,0x7b,0x7b,0x7c,0x7d,0x7f,0x80,0x81,
  0x82,0x83,0x83,0x83,0x81,0x7d,0x79,0x76,0x75,0x75,0x78,0x7b,0x7f,0x83,0x85,0x85,0x85,0x86,0x86,0x83,0x7f,0x7c,0x7a,0x79,
  0x79,0x7b,0x7e,0x82,0x85,0x86,0x88,0x89,0x8a,0x88,0x85,0x80,0x7a,0x75,0x71,0x70,0x71,0x74,0x78,0x7d,0x81,0x85,0x88,0x8b,
  0x8d,0x8d,0x8a,0x87,0x83,0x7f,0x7b,0x79,0x7a,0x7b,0x7d,0x7f,0x80,0x82,0x83,0x84,0x84,0x83,0x81,0x7f,0x7d,0x7b,0x7a,0x79,
  0x7a,0x7a,0x7a,0x7a,0x7c,0x7d,0x7e,0x7f,0x7f,0x7f,0x7d,0x7c,0x7c,0x7d,0x80,0x83,0x84,0x84,0x84,0x84,0x83,0x83,0x82,0x82,
  0x83,0x83,0x82,0x80,0x81,0x82,0x83,0x83,0x83,0x82,0x81,0x7e,0x7c,0x79,0x78,0x77,0x77,0x78,0x79,0x7b,0x7d,0x80,0x83,0x85,
  0x85,0x85,0x84,0x82,0x80,0x7e,0x7c,0x7c,0x7b,0x7a,0x7b,0x7e,0x82,0x84,0x86,0x87,0x86,0x84,0x81,0x7f,0x7f,0x80,0x80,0x81,
  0x81,0x82,0x81,0x81,0x81,0x80,0x7e,0x7b,0x79,0x78,0x77,0x79,0x7b,0x7d,0x80,0x82,0x84,0x84,0x84,0x84,0x83,0x81,0x7f,0x7d,
  0x7b,0x7b,0x7c,0x7e,0x81,0x84,0x86,0x87,0x88,0x89,0x89,0x87,0x84,0x80,0x7b,0x77,0x75,0x75,0x77,0x7a,0x7d,0x7f,0x81,0x82,
  0x83,0x83,0x84,0x83,0x81,0x7f,0x7e,0x7c,0x7c,0x7c,0x7d,0x7f,0x80,0x82,0x82,0x81,0x81,0x81,0x81,0x81,0x80,0x80,0x7f,0x7f,
  0x80,0x81,0x81,0x80,0x7f,0x7e,0x7d,0x7d,0x7d,0x7d,0x7d,0x7e,0x7f,0x81,0x83,0x85,0x87,0x88,0x88,0x85,0x81,0x7d,0x78,0x75,
  0x75,0x75,0x77,0x7b,0x7e,0x82,0x85,0x89,0x8b,0x8b,0x89,0x84,0x7f,0x7a,0x76,0x73,0x73,0x74,0x77,0x7a,0x7d,0x81,0x85,0x88,
  0x89,0x89,0x87,0x84,0x81,0x7e,0x7c,0x7b,0x7b,0x7a,0x7a,0x7c,0x7e,0x81,0x85,0x87,0x88,0x88,0x86,0x83,0x80,0x7e,0x7d,0x7d,
  0x7c,0x7b,0x7b,0x7b,0x7d,0x7e,0x80,0x81,0x80,0x7f,0x7c,0x7b,0x7b,0x7c,0x7e,0x80,0x82,0x84,0x84,0x83,0x81,0x7e,0x7b,0x78,
  0x77,0x77,0x79,0x7c,0x81,0x87,0x8b,0x8d,0x8d,0x8b,0x88,0x84,0x7f,0x7c,0x79,0x77,0x74,0x74,0x77,0x7c,0x81,0x85,0x87,0x89,
  0x88,0x86,0x83,0x80,0x7f,0x7c,0x7a,0x77,0x76,0x76,0x77,0x7a,0x7e,0x83,0x87,0x8a,0x8a,0x89,0x87,0x84,0x81,0x7e,0x7b,0x77,
  0x76,0x77,0x7a,0x7d,0x7f,0x81,0x83,0x84,0x84,0x83,0x82,0x82,0x80,0x7f,0x7e,0x7e,0x7f,0x7f,0x7f,0x7f,0x7f,0x7d,0x7c,0x7b,
  0x7b,0x7c,0x7f,0x81,0x83,0x85,0x86,0x86,0x86,0x85,0x83,0x81,0x7e,0x7b,0x78,0x77,0x77,0x7a,0x7d,0x81,0x83,0x85,0x86,0x87,
  0x87,0x85,0x83,0x81,0x7e,0x7b,0x79,0x78,0x78,0x79,0x7a,0x7d,0x80,0x82,0x83,0x84,0x86,0x86,0x85,0x81,0x7e,0x7b,0x79,0x79,
  0x79,0x7b,0x7e,0x80,0x81,0x82,0x83,0x85,0x85,0x84,0x82,0x80,0x7e,0x7c,0x7a,0x7b,0x7c,0x7d,0x7e,0x7f,0x80,0x81,0x81,0x81,
  0x82,0x82,0x82,0x81,0x80,0x80,0x82,0x84,0x85,0x85,0x84,0x81,0x7e,0x7b,0x79,0x77,0x76,0x76,0x77,0x79,0x7c,0x7f,0x82,0x85,
  0x87,0x87,0x87,0x85,0x84,0x83,0x80,0x7d,0x7a,0x78,0x77,0x76,0x77,0x7b,0x7f,0x83,0x86,0x87,0x89,0x89,0x88,0x85,0x82,0x7f,
  0x7b,0x78,0x76,0x77,0x7a,0x7d,0x82,0x85,0x88,0x89,0x88,0x87,0x84,0x81,0x7e,0x7a,0x78,0x77,0x78,0x7a,0x7d,0x7f,0x82,0x83,
  0x84,0x84,0x83,0x83,0x83,0x82,0x82,0x81,0x81,0x80,0x7e,0x7d,0x7c,0x7b,0x7b,0x7a,0x7a,0x7c,0x7e,0x80,0x81,0x82,0x82,0x82,
  0x81,0x83,0x83,0x84,0x84,0x83,0x81,0x7f,0x7d,0x7a,0x79,0x79,0x79,0x79,0x7b,0x7f,0x84,0x89,0x8d,0x90,0x90,0x8e,0x8a,0x83,
  0x7c,0x76,0x73,0x72,0x72,0x73,0x78,0x7d,0x82,0x86,0x88,0x89,0x87,0x84,0x7f,0x7b,0x79,0x77,0x76,0x77,0x7a,0x7d,0x80,0x83,
  0x85,0x87,0x87,0x85,0x84,0x84,0x83,0x81,0x7f,0x7e,0x7c,0x7a,0x79,0x79,0x7b,0x7d,0x7f,0x82,0x84,0x85,0x84,0x83,0x81,0x7f,
  0x7d,0x7b,0x7a,0x79,0x7a,0x7b,0x7d,0x7f,0x81,0x82,0x82,0x82,0x82,0x82,0x81,0x80,0x81,0x82,0x83,0x84,0x85,0x85,0x84,0x82,
  0x80,0x7e,0x7b,0x78,0x76,0x75,0x77,0x79,0x7c,0x80,0x82,0x84,0x85,0x85,0x83,0x80,0x7e,0x7c,0x7b,0x7a,0x7b,0x7c,0x7e,0x80,
  0x82,0x83,0x84,0x86,0x86,0x86,0x84,0x81,0x7e,0x7b,0x78,0x76,0x76,0x78,0x7a,0x7e,0x80,0x83,0x86,0x89,0x8a,0x88,0x86,0x81,
  0x7c,0x77,0x73,0x71,0x71,0x74,0x78,0x7e,0x83,0x89,0x8d,0x8f,0x8f,0x8d,0x89,0x84,0x7e,0x78,0x75,0x74,0x76,0x78,0x7c,0x81,
  0x84,0x87,0x8a,0x8a,0x88,0x84,0x80,0x7c,0x79,0x76,0x75,0x76,0x78,0x7a,0x7d,0x80,0x82,0x84,0x85,0x85,0x84,0x82,0x7f,0x7d,
  0x7b,0x7b,0x7c,0x7e,0x80,0x82,0x84,0x85,0x86,0x86,0x84,0x82,0x80,0x7e,0x7c,0x7b,0x7d,0x7f,0x82,0x85,0x86,0x86,0x86,0x84,
  0x81,0x7d,0x78,0x75,0x74,0x74,0x76,0x79,0x7e,0x84,0x89,0x8c,0x8d,0x8c,0x89,0x83,0x7d,0x78,0x74,0x72,0x73,0x76,0x7a,0x80,
  0x87,0x8c,0x8f,0x90,0x8f,0x8c,0x87,0x81,0x7b,0x76,0x72,0x6f,0x6f,0x71,0x75,0x79,0x7e,0x82,0x85,0x87,0x89,0x89,0x86,0x82,
  0x80,0x7e,0x7c,0x7b,0x7c,0x7f,0x81,0x82,0x84,0x86,0x86,0x84,0x82,0x81,0x7f,0x7e,0x7e,0x7e,0x7e,0x7e,0x7f,0x7f,0x7f,0x7e,
  0x7c,0x7b,0x79,0x79,0x79,0x7a,0x7b,0x7e,0x80,0x82,0x85,0x87,0x88,0x87,0x85,0x82,0x7f,0x7c,0x79,0x77,0x76,0x78,0x7a,0x7c,
  0x80,0x83,0x86,0x88,0x88,0x88,0x86,0x82,0x7d,0x79,0x77,0x75,0x75,0x76,0x78,0x7b,0x7e,0x82,0x85,0x88,0x89,0x8a,0x88,0x85,
  0x82,0x7f,0x7d,0x7a,0x79,0x79,0x7a,0x7c,0x7d,0x7f,0x80,0x82,0x83,0x83,0x83,0x84,0x83,0x82,0x81,0x80,0x7f,0x7d,0x7c,0x7c,
  0x7c,0x7c,0x7c,0x7c,0x7b,0x7b,0x7a,0x7b,0x7c,0x7f,0x81,0x83,0x85,0x86,0x86,0x85,0x84,0x82,0x7f,0x7d,0x7c,0x7b,0x7c,0x7e,
  0x80,0x83,0x85,0x87,0x88,0x87,0x85,0x82,0x7f,0x7c,0x7a,0x78,0x78,0x78,0x78,0x7a,0x7d,0x81,0x83,0x85,0x87,0x87,0x87,0x85,
  0x83,0x80,0x7c,0x79,0x77,0x76,0x77,0x79,0x7b,0x7d,0x7f,0x82,0x86,0x88,0x89,0x8a,0x89,0x88,0x86,0x82,0x7f,0x7c,0x7a,0x78,
  0x78,0x78,0x78,0x78,0x7a,0x7c,0x7f,0x81,0x84,0x86,0x87,0x87,0x86,0x85,0x83,0x81,0x7e,0x7b,0x79,0x79,0x79,0x7a,0x7d,0x7f,
  0x81,0x84,0x86,0x87,0x87,0x85,0x84,0x81,0x7e,0x7c,0x7b,0x7a,0x7a,0x7b,0x7d,0x7f,0x81,0x82,0x84,0x85,0x86,0x85,0x84,0x82,
  0x80,0x7e,0x7c,0x7b,0x7b,0x7a,0x7a,0x7b,0x7b,0x7b,0x7d,0x7f,0x82,0x84,0x85,0x87,0x89,0x88,0x87,0x84,0x80,0x7d,0x7a,0x77,
  0x75,0x75,0x75,0x78,0x7c,0x80,0x84,0x87,0x88,0x89,0x89,0x87,0x85,0x81,0x7d,0x7a,0x78,0x77,0x78,0x79,0x7b,0x7e,0x82,0x85,
  0x87,0x88,0x89,0x88,0x85,0x82,0x80,0x7e,0x7c,0x7c,0x7c,0x7d,0x7e,0x80,0x81,0x82,0x82,0x80,0x7f,0x7e,0x7c,0x7a,0x79,0x7a,
  0x7b,0x7e,0x80,0x83,0x84,0x85,0x84,0x83,0x81,0x7e,0x7d,0x7b,0x7a,0x7b,0x7e,0x81,0x84,0x86,0x87,0x87,0x86,0x84,0x80,0x7c,
  0x79,0x76,0x75,0x75,0x78,0x7c,0x80,0x84,0x88,0x8b,0x8c,0x8a,0x87,0x84,0x80,0x7d,0x7a,0x78,0x77,0x77,0x78,0x7b,0x7e,0x81,
  0x82,0x83,0x84,0x84,0x83,0x81,0x80,0x7e,0x7d,0x7b,0x7b,0x7b,0x7d,0x7f,0x81,0x82,0x84,0x84,0x83,0x81,0x80,0x7e,0x7c,0x7b,
  0x7a,0x7a,0x7c,0x7e,0x80,0x83,0x86,0x87,0x87,0x86,0x83,0x81,0x7e,0x7b,0x7a,0x79,0x79,0x7b,0x7d,0x80,0x81,0x83,0x83,0x82,
  0x81,0x80,0x7f,0x7e,0x7e,0x7e,0x7e,0x7f,0x80,0x80,0x81,0x82,0x81,0x80,0x7f,0x7f,0x7e,0x7d,0x7d,0x7e,0x7f,0x7e,0x7e,0x7d,
  0x7d,0x7e,0x7f,0x81,0x83,0x84,0x85,0x86,0x86,0x85,0x83,0x81,0x7e,0x7d,0x7b,0x7b,0x7c,0x7d,0x7f,0x80,0x80,0x80,0x7f,0x7e,
  0x7c,0x7b,0x7b,0x7b,0x7b,0x7c,0x7d,0x80,0x82,0x84,0x85,0x85,0x84,0x83,0x81,0x80,0x80,0x80,0x7f,0x7f,0x7f,0x7f,0x7f,0x80,
  0x81,0x81,0x81,0x81,0x81,0x80,0x7f,0x7e,0x7e,0x7e,0x7d,0x7c,0x7b,0x7b,0x7c,0x7e,0x7f,0x81,0x82,0x83,0x83,0x83,0x83,0x81,
  0x80,0x7f,0x7f,0x80,0x80,0x81,0x82,0x82,0x82,0x82,0x80,0x7f,0x7e,0x7c,0x7b,0x7b,0x7b,0x7b,0x7d,0x7e,0x80,0x82,0x84,0x85,
  0x84,0x82,0x81,0x7f,0x7d,0x7c,0x7c,0x7d,0x7e,0x7f,0x80,0x82,0x84,0x85,0x85,0x84,0x82,0x80,0x7d,0x7b,0x7a,0x79,0x7a,0x7c,
  0x7e,0x80,0x82,0x84,0x85,0x85,0x84,0x82,0x80,0x7e,0x7c,0x7a,0x78,0x78,0x7a,0x7c,0x7f,0x81,0x84,0x86,0x87,0x86,0x85,0x84,
  0x81,0x7e,0x7b,0x7a,0x7a,0x7b,0x7b,0x7d,0x81,0x83,0x84,0x84,0x83,0x82,0x7f,0x7c,0x79,0x78,0x79,0x7a,0x7c,0x7f,0x82,0x84,
  0x85,0x85,0x84,0x82,0x7f,0x7d,0x7a,0x78,0x78,0x78,0x7b,0x7f,0x82,0x85,0x87,0x88,0x88,0x86,0x83,0x80,0x7d,0x7b,0x79,0x78,
  0x79,0x7c,0x7f,0x82,0x84,0x86,0x87,0x86,0x84,0x80,0x7d,0x79,0x76,0x73,0x71,0x73,0x76,0x7a,0x7e,0x83,0x87,0x8a,0x8b,0x8a,
  0x88,0x85,0x81,0x7d,0x7a,0x78,0x78,0x7a,0x7d,0x81,0x86,0x88,0x89,0x89,0x87,0x84,0x80,0x7c,0x79,0x76,0x75,0x76,0x78,0x7b,
  0x7d,0x7f,0x81,0x81,0x82,0x81,0x81,0x80,0x81,0x82,0x82,0x82,0x82,0x82,0x81,0x81,0x82,0x82,0x82,0x80,0x80,0x80,0x80,0x7f,
  0x7f,0x7e,0x7e,0x7e,0x7e,0x7e,0x7e,0x7f,0x7f,0x7f,0x7e,0x7e,0x7d,0x7d,0x7d,0x7d,0x7e,0x7f,0x81,0x83,0x85,0x86,0x87,0x86,
  0x84,0x82,0x7f,0x7d,0x7c,0x7c,0x7c,0x7d,0x80,0x82,0x84,0x85,0x85,0x85,0x84,0x81,0x7d,0x7a,0x78,0x77,0x78,0x7a,0x7c,0x7e,
  0x80,0x81,0x82,0x82,0x81,0x80,0x7f,0x7e,0x7d,0x7e,0x7f,0x80,0x82,0x83,0x85,0x85,0x85,0x84,0x83,0x81,0x7f,0x7e,0x7d,0x7c,
  0x7b,0x7b,0x7d,0x7e,0x7f,0x80,0x81,0x82,0x83,0x83,0x82,0x81,0x7f,0x7e,0x7c,0x7a,0x7a,0x7b,0x7d,0x7e,0x80,0x82,0x84,0x85,
  0x85,0x83,0x82,0x80,0x7e,0x7d,0x7c,0x7c,0x7d,0x7f,0x81,0x82,0x82,0x82,0x81,0x80,0x7f,0x7d,0x7b,0x7b,0x7b,0x7c,0x7e,0x80,
  0x81,0x82,0x82,0x81,0x80,0x7e,0x7d,0x7c,0x7c,0x7c,0x7d,0x7f,0x81,0x82,0x84,0x85,0x86,0x86,0x85,0x84,0x83,0x81,0x7f,0x7d,
  0x7c,0x7b,0x7a,0x7b,0x7c,0x7d,0x7f,0x81,0x82,0x83,0x84,0x83,0x82,0x80,0x7d,0x7b,0x79,0x77,0x76,0x77,0x79,0x7c,0x80,0x83,
  0x86,0x88,0x89,0x89,0x88,0x86,0x83,0x81,0x7f,0x7d,0x7b,0x7b,0x7b,0x7c,0x7c,0x7e,0x7f,0x80,0x81,0x82,0x82,0x82,0x81,0x80,
  0x7f,0x7e,0x7c,0x7b,0x7a,0x7b,0x7b,0x7c,0x7d,0x7f,0x81,0x83,0x84,0x85,0x85,0x84,0x83,0x83,0x83,0x82,0x82,0x81,0x80,0x7f,
  0x7e,0x7d,0x7d,0x7d,0x7f,0x80,0x81,0x82,0x82,0x82,0x81,0x7f,0x7e,0x7d,0x7b,0x79,0x78,0x78,0x79,0x7b,0x7d,0x7f,0x81,0x83,
  0x84,0x85,0x85,0x85,0x85,0x84,0x83,0x83,0x82,0x81,0x80,0x7e,0x7d,0x7c,0x7b,0x7b,0x7b,0x7c,0x7e,0x7f,0x80,0x81,0x83,0x83,
  0x84,0x84,0x84,0x83,0x82,0x80,0x7f,0x7d,0x7c,0x7b,0x7d,0x7d,0x7d,0x7d,0x7f,0x80,0x81,0x82,0x82,0x82,0x81,0x7f,0x7d,0x7c,
  0x7a,0x7a,0x79,0x7b,0x7c,0x7e,0x80,0x82,0x84,0x85,0x85,0x84,0x83,0x82,0x7f,0x7c,0x7b,0x7b,0x7b,0x7b,0x7c,0x7f,0x82,0x85,
  0x86,0x86,0x86,0x85,0x83,0x81,0x7f,0x7f,0x7f,0x7e,0x7d,0x7d,0x7e,0x7e,0x7f,0x7f,0x7f,0x7f,0x7e,0x7e,0x7e,0x7e,0x7e,0x7e,
  0x7f,0x80,0x81,0x80,0x80,0x7f,0x7e,0x7d,0x7b,0x7a,0x79,0x79,0x79,0x7b,0x7d,0x80,0x82,0x84,0x86,0x88,0x89,0x89,0x89,0x87,
  0x83,0x80,0x7d,0x7a,0x79,0x78,0x79,0x7b,0x7d,0x80,0x83,0x85,0x86,0x86,0x83,0x80,0x7c,0x79,0x75,0x73,0x74,0x77,0x7b,0x7f,
  0x83,0x87,0x8a,0x8c,0x8c,0x8a,0x86,0x82,0x7e,0x7a,0x77,0x77,0x78,0x79,0x7c,0x7f,0x82,0x85,0x87,0x88,0x87,0x85,0x83,0x7f,
  0x7c,0x79,0x77,0x77,0x77,0x78,0x79,0x7c,0x7f,0x82,0x84,0x85,0x85,0x84,0x82,0x80,0x7e,0x7e,0x7f,0x81,0x83,0x85,0x86,0x86,
  0x86,0x84,0x81,0x7e,0x7b,0x77,0x74,0x74,0x76,0x79,0x7d,0x82,0x86,0x89,0x8a,0x89,0x87,0x84,0x80,0x7c,0x79,0x78,0x78,0x7a,
  0x7e,0x83,0x87,0x8a,0x8a,0x89,0x86,0x81,0x7d,0x78,0x74,0x72,0x71,0x72,0x76,0x7a,0x80,0x87,0x8b,0x8e,0x8e,0x8c,0x88,0x83,
  0x7e,0x79,0x75,0x73,0x72,0x73,0x77,0x7c,0x82,0x87,0x8a,0x8c,0x8c,0x8a,0x87,0x83,0x7f,0x7c,0x79,0x78,0x78,0x79,0x7c,0x80,
  0x84,0x87,0x87,0x86,0x84,0x82,0x7e,0x7b,0x78,0x77,0x76,0x78,0x7a,0x7e,0x82,0x85,0x87,0x87,0x85,0x82,0x7f,0x7c,0x79,0x78,
  0x77,0x78,0x7a,0x7c,0x7f,0x82,0x85,0x86,0x85,0x84,0x83,0x81,0x7f,0x7e,0x7e,0x7f,0x81,0x82,0x83,0x84,0x85,0x85,0x83,0x81,
  0x7e,0x7b,0x78,0x76,0x75,0x75,0x77,0x79,0x7c,0x7f,0x82,0x85,0x88,0x89,0x88,0x86,0x84,0x81,0x7e,0x7c,0x7b,0x7a,0x79,0x7a,
  0x7c,0x7f,0x81,0x84,0x87,0x87,0x87,0x85,0x82,0x7e,0x7c,0x7b,0x7a,0x7a,0x7b,0x7c,0x7d,0x7f,0x80,0x82,0x83,0x83,0x81,0x7f,
  0x7e,0x7d,0x7c,0x7c,0x7d,0x7f,0x80,0x82,0x84,0x85,0x85,0x84,0x81,0x7f,0x7d,0x7b,0x7a,0x7a,0x7b,0x7d,0x7d,0x7d,0x7e,0x7f,
  0x7f,0x80,0x81,0x81,0x81,0x80,0x80,0x80,0x81,0x83,0x84,0x84,0x85,0x85,0x85,0x86,0x86,0x86,0x84,0x81,0x7e,0x7b,0x79,0x78,
  0x77,0x78,0x7a,0x7c,0x7e,0x81,0x83,0x84,0x84,0x84,0x82,0x80,0x7d,0x7b,0x7a,0x7a,0x7b,0x7c,0x7c,0x7d,0x7e,0x7f,0x81,0x82,
  0x82,0x83,0x83,0x82,0x82,0x82,0x83,0x83,0x82,0x81,0x80,0x7f,0x7d,0x7d,0x7e,0x7f,0x81,0x82,0x83,0x84,0x83,0x82,0x81,0x80,
  0x7f,0x7d,0x7b,0x7b,0x7b,0x7c,0x7e,0x80,0x81,0x81,0x80,0x80,0x80,0x80,0x81,0x80,0x7f,0x7e,0x7d,0x7b,0x7a,0x7a,0x7b,0x7c,
  0x7c,0x7d,0x80,0x83,0x86,0x88,0x8a,0x8a,0x88,0x84,0x80,0x7d,0x7a,0x79,0x78,0x78,0x7a,0x7b,0x7d,0x7f,0x81,0x83,0x84,0x84,
  0x83,0x82,0x80,0x7f,0x7f,0x7e,0x7d,0x7c,0x7b,0x7c,0x7d,0x7f,0x80,0x81,0x82,0x83,0x83,0x83,0x84,0x85,0x84,0x83,0x81,0x7f,
  0x7d,0x7c,0x7c,0x7c,0x7d,0x7e,0x7d,0x7c,0x7c,0x7c,0x7d,0x7e,0x80,0x81,0x82,0x81,0x81,0x81,0x81,0x80,0x7e,0x7c,0x7b,0x7b,
  0x7c,0x7e,0x81,0x84,0x86,0x87,0x87,0x86,0x85,0x82,0x7e,0x7a,0x78,0x76,0x75,0x76,0x78,0x7c,0x80,0x83,0x86,0x88,0x89,0x88,
  0x87,0x86,0x84,0x81,0x7e,0x7b,0x7a,0x7a,0x7b,0x7d,0x7f,0x80,0x81,0x82,0x83,0x84,0x83,0x83,0x81,0x7f,0x7d,0x7b,0x7a,0x79,
  0x7a,0x7c,0x7d,0x7f,0x80,0x82,0x82,0x81,0x80,0x7f,0x7e,0x7d,0x7c,0x7d,0x7e,0x81,0x83,0x84,0x84,0x83,0x82,0x80,0x7f,0x7e,
  0x7d,0x7c,0x7c,0x7c,0x7e,0x80,0x82,0x83,0x83,0x84,0x83,0x83,0x82,0x81,0x81,0x81,0x81,0x80,0x7f,0x7f,0x7e,0x7d,0x7d,0x7d,
  0x7e,0x7e,0x7e,0x7e,0x7e,0x7e,0x7f,0x7f,0x7e,0x7d,0x7c,0x7c,0x7c,0x7d,0x7e,0x7f,0x80,0x81,0x82,0x83,0x84,0x84,0x83,0x82,
  0x81,0x81,0x80,0x7f,0x7e,0x7e,0x7d,0x7c,0x7c,0x7b,0x7c,0x7d,0x7f,0x81,0x83,0x84,0x84,0x84,0x82,0x81,0x80,0x7e,0x7d,0x7c,
  0x7c,0x7c,0x7e,0x80,0x83,0x84,0x85,0x85,0x84,0x83,0x82,0x80,0x7f,0x7e,0x7d,0x7c,0x7b,0x7a,0x7a,0x7a,0x7a,0x7a,0x7a,0x7b,
  0x7c,0x7e,0x80,0x83,0x85,0x86,0x86,0x85,0x83,0x82,0x81,0x7f,0x7e,0x7d,0x7c,0x7d,0x7d,0x7f,0x80,0x82,0x83,0x83,0x83,0x83,
  0x82,0x81,0x80,0x7f,0x7e,0x7c,0x7b,0x7b,0x7b,0x7c,0x7e,0x7f,0x81,0x83,0x85,0x87,0x88,0x87,0x85,0x82,0x7f,0x7c,0x79,0x76,
  0x76,0x77,0x79,0x7b,0x7e,0x81,0x84,0x87,0x88,0x88,0x86,0x84,0x81,0x7d,0x7b,0x79,0x78,0x78,0x78,0x7b,0x7d,0x80,0x83,0x85,
  0x86,0x87,0x86,0x85,0x82,0x7f,0x7d,0x7a,0x79,0x79,0x79,0x7a,0x7c,0x7e,0x81,0x83,0x85,0x86,0x86,0x85,0x84,0x82,0x80,0x7e,
  0x7d,0x7c,0x7c,0x7d,0x7e,0x80,0x81,0x82,0x82,0x81,0x80,0x7f,0x7e,0x7d,0x7d,0x7e,0x7f,0x80,0x80,0x81,0x81,0x81,0x80,0x7f,
  0x7d,0x7c,0x7a,0x7a,0x7b,0x7c,0x7e,0x81,0x83,0x85,0x85,0x85,0x84,0x82,0x7f,0x7d,0x7b,0x7a,0x79,0x7a,0x7c,0x7e,0x81,0x83,
  0x85,0x86,0x86,0x86,0x85,0x83,0x81,0x7f,0x7c,0x7a,0x79,0x79,0x7a,0x7c,0x7f,0x82,0x84,0x86,0x86,0x86,0x85,0x83,0x80,0x7d,
  0x7a,0x79,0x78,0x79,0x7b,0x7d,0x80,0x81,0x83,0x83,0x82,0x81,0x80,0x7f,0x7e,0x7e,0x7e,0x7f,0x7f,0x81,0x82,0x82,0x82,0x82,
  0x81,0x80,0x7f,0x7f,0x7e,0x7e,0x7d,0x7d,0x7e,0x80,0x81,0x82,0x83,0x83,0x83,0x82,0x80,0x7f,0x7d,0x7b,0x79,0x79,0x79,0x7a,
  0x7b,0x7e,0x82,0x85,0x88,0x89,0x89,0x88,0x86,0x82,0x7f,0x7d,0x7b,0x79,0x79,0x7a,0x7c,0x7e,0x81,0x82,0x84,0x84,0x83,0x82,
  0x81,0x80,0x7e,0x7d,0x7d,0x7d,0x7e,0x7e,0x7e,0x7f,0x7f,0x80,0x80,0x81,0x81,0x81,0x81,0x80,0x80,0x7f,0x7f,0x7f,0x7f,0x7e,
  0x7e,0x7e,0x7e,0x7d,0x7d,0x7e,0x7f,0x7f,0x80,0x81,0x81,0x82,0x82,0x83,0x83,0x82,0x80,0x7f,0x7d,0x7c,0x7b,0x7a,0x7b,0x7d,
  0x7e,0x80,0x83,0x85,0x86,0x87,0x87,0x86,0x83,0x80,0x7d,0x7b,0x79,0x77,0x77,0x79,0x7b,0x7d,0x80,0x82,0x85,0x85,0x84,0x83,
  0x82,0x80,0x7e,0x7d,0x7c,0x7c,0x7b,0x7b,0x7c,0x7d,0x7f,0x80,0x80,0x81,0x81,0x81,0x80,0x80,0x7f,0x7f,0x7f,0x7e,0x7e,0x7e,
  0x7f,0x80,0x80,0x82,0x83,0x83,0x83,0x82,0x82,0x81,0x80,0x7f,0x7e,0x7e,0x7d,0x7d,0x7e,0x7e,0x7f,0x7f,0x7f,0x7f,0x7f,0x7f,
  0x7f,0x80,0x81,0x82,0x82,0x83,0x83,0x82,0x81,0x7f,0x7d,0x7b,0x79,0x79,0x79,0x7b,0x7d,0x80,0x81,0x83,0x84,0x84,0x83,0x82,
  0x81,0x80,0x7e,0x7c,0x7b,0x7b,0x7b,0x7c,0x7e,0x80,0x82,0x83,0x84,0x85,0x86,0x86,0x85,0x84,0x82,0x80,0x7e,0x7c,0x7b,0x7b,
  0x7c,0x7e,0x7f,0x80,0x82,0x83,0x83,0x82,0x82,0x81,0x7f,0x7d,0x7b,0x7a,0x7b,0x7c,0x7d,0x7f,0x81,0x83,0x84,0x85,0x85,0x84,
  0x82,0x7f,0x7e,0x7d,0x7c,0x7b,0x7b,0x7c,0x7d,0x7e,0x80,0x81,0x82,0x82,0x82,0x82,0x81,0x80,0x80,0x7f,0x7f,0x80,0x80,0x81,
  0x81,0x81,0x82,0x81,0x81,0x80,0x7f,0x7e,0x7c,0x7b,0x7b,0x7c,0x7d,0x7f,0x81,0x83,0x84,0x85,0x85,0x84,0x83,0x81,0x7f,0x7d,
  0x7c,0x7b,0x7a,0x7b,0x7c,0x7e,0x80,0x81,0x83,0x84,0x83,0x82,0x81,0x80,0x7f,0x7d,0x7c,0x7b,0x7b,0x7c,0x7d,0x7e,0x80,0x81,
  0x81,0x81,0x81,0x81,0x81,0x80,0x7f,0x7f,0x7f,0x7f,0x80,0x80,0x81,0x80,0x80,0x80,0x80,0x80,0x7f,0x7f,0x7f,0x7e,0x7e,0x7e,
  0x7f,0x7f,0x80,0x81,0x81,0x81,0x80,0x7f,0x7e,0x7d,0x7e,0x7e,0x7f,0x7f,0x80,0x81,0x83,0x83,0x84,0x84,0x83,0x81,0x7f,0x7d,
  0x7c,0x7a,0x79,0x79,0x7a,0x7b,0x7b,0x7d,0x80,0x82,0x84,0x84,0x84,0x83,0x82,0x80,0x7e,0x7c,0x7b,0x7b,0x7b,0x7c,0x7e,0x81,
  0x84,0x85,0x86,0x86,0x85,0x84,0x82,0x81,0x80,0x7f,0x7e,0x7e,0x7e,0x7e,0x7f,0x7f,0x7f,0x7f,0x7e,0x7e,0x7d,0x7e,0x7f,0x80,
  0x81,0x82,0x82,0x82,0x81,0x81,0x80,0x7e,0x7d,0x7c,0x7b,0x7b,0x7b,0x7d,0x7f,0x81,0x83,0x84,0x84,0x85,0x85,0x84,0x83,0x82,
  0x80,0x7e,0x7c,0x7b,0x7b,0x7c,0x7d,0x7e,0x80,0x82,0x83,0x83,0x83,0x83,0x82,0x80,0x7e,0x7d,0x7b,0x7b,0x7b,0x7c,0x7d,0x7f,
  0x80,0x81,0x82,0x82,0x82,0x82,0x82,0x82,0x81,0x81,0x80,0x80,0x80,0x80,0x80,0x7f,0x7f,0x7f,0x7f,0x7f,0x7f,0x7f,0x7f,0x7e,
  0x7e,0x7e,0x7f,0x7f,0x80,0x81,0x81,0x80,0x80,0x7f,0x7f,0x7f,0x7f,0x7e,0x7e,0x7e,0x7e,0x7e,0x7f,0x81,0x83,0x84,0x84,0x84,
  0x83,0x82,0x80,0x7e,0x7c,0x7a,0x79,0x78,0x78,0x7a,0x7c,0x7f,0x82,0x85,0x86,0x87,0x86,0x84,0x82,0x80,0x7e,0x7c,0x7b,0x7b,
  0x7b,0x7c,0x7e,0x80,0x81,0x83,0x84,0x85,0x85,0x84,0x83,0x81,0x7f,0x7e,0x7c,0x7c,0x7b,0x7c,0x7d,0x7d,0x7e,0x7f,0x7f,0x80,
  0x80,0x7f,0x7f,0x7e,0x7d,0x7c,0x7c,0x7c,0x7e,0x80,0x81,0x81,0x81,0x80,0x80,0x80,0x7f,0x80,0x80,0x81,0x81,0x82,0x82,0x83,
  0x84,0x84,0x83,0x81,0x80,0x7e,0x7c,0x7a,0x7a,0x7b,0x7c,0x7e,0x7f,0x80,0x81,0x83,0x83,0x83,0x83,0x82,0x80,0x7f,0x7d,0x7c,
  0x7b,0x7b,0x7b,0x7b,0x7d,0x80,0x82,0x84,0x85,0x86,0x86,0x85,0x84,0x82,0x80,0x7d,0x7b,0x79,0x79,0x79,0x7a,0x7c,0x7f,0x82,
  0x84,0x85,0x85,0x84,0x83,0x81,0x7f,0x7d,0x7c,0x7a,0x79,0x79,0x7a,0x7c,0x7e,0x80,0x83,0x84,0x85,0x85,0x85,0x84,0x83,0x81,
  0x80,0x7e,0x7d,0x7c,0x7c,0x7d,0x7d,0x7e,0x7f,0x80,0x81,0x82,0x81,0x81,0x81,0x80,0x7f,0x7e,0x7e,0x7e,0x7f,0x7f,0x7f,0x80,
  0x80,0x80,0x80,0x80,0x80,0x7f,0x7f,0x7f,0x7e,0x7f,0x80,0x81,0x81,0x82,0x81,0x80,0x7f,0x7e,0x7d,0x7d,0x7c,0x7c,0x7d,0x7d,
  0x7e,0x7f,0x80,0x81,0x82,0x82,0x81,0x81,0x80,0x7f,0x7e,0x7d,0x7d,0x7d,0x7d,0x7e,0x7f,0x81,0x83,0x85,0x87,0x87,0x87,0x86,
  0x84,0x82,0x7f,0x7d,0x7c,0x7a,0x7a,0x7a,0x7b,0x7d,0x7f,0x80,0x82,0x83,0x84,0x84,0x83,0x82,0x81,0x7f,0x7d,0x7b,0x7a,0x7a,
  0x7a,0x7b,0x7c,0x7d,0x7f,0x80,0x81,0x83,0x84,0x85,0x85,0x84,0x82,0x81,0x80,0x80,0x7f,0x7f,0x7f,0x80,0x80,0x7f,0x7f,0x7f,
  0x7f,0x7f,0x7f,0x7e,0x7e,0x7f,0x7f,0x7f,0x80,0x81,0x81,0x80,0x80,0x80,0x80,0x7f,0x7f,0x80,0x81,0x81,0x82,0x82,0x82,0x82,
  0x81,0x7f,0x7e,0x7d,0x7b,0x7b,0x7b,0x7c,0x7c,0x7d,0x7f,0x80,0x82,0x83,0x84,0x84,0x85,0x84,0x83,0x81,0x7f,0x7d,0x7b,0x7a,
  0x79,0x79,0x79,0x7a,0x7c,0x7f,0x82,0x85,0x87,0x88,0x88,0x87,0x84,0x81,0x7e,0x7b,0x79,0x78,0x78,0x79,0x7a,0x7d,0x7f,0x81,
  0x83,0x83,0x83,0x83,0x82,0x82,0x81,0x80,0x7f,0x7e,0x7e,0x7d,0x7d,0x7d,0x7d,0x7e,0x7f,0x7f,0x80,0x82,0x83,0x83,0x82,0x82,
  0x81,0x7f,0x7e,0x7d,0x7d,0x7d,0x7e,0x7f,0x80,0x81,0x82,0x82,0x83,0x82,0x81,0x80,0x7e,0x7d,0x7b,0x7a,0x7a,0x7a,0x7b,0x7b,
  0x7b,0x7d,0x7f,0x80,0x81,0x82,0x84,0x85,0x85,0x85,0x84,0x83,0x82,0x80,0x7f,0x7e,0x7d,0x7d,0x7d,0x7e,0x7f,0x80,0x81,0x81,
  0x82,0x82,0x82,0x82,0x82,0x81,0x80,0x80,0x7f,0x7e,0x7e,0x7d,0x7c,0x7b,0x7a,0x7a,0x7b,0x7c,0x7e,0x81,0x83,0x84,0x85,0x86,
  0x86,0x84,0x82,0x80,0x7e,0x7d,0x7c,0x7c,0x7c,0x7d,0x7e,0x7f,0x80,0x81,0x81,0x81,0x81,0x81,0x80,0x7f,0x7e,0x7e,0x7d,0x7d,
  0x7e,0x7f,0x80,0x81,0x82,0x83,0x83,0x83,0x83,0x82,0x81,0x7f,0x7e,0x7d,0x7c,0x7c,0x7d,0x7d,0x7e,0x7f,0x7f,0x80,0x80,0x81,
  0x81,0x81,0x80,0x80,0x80,0x80,0x80,0x80,0x80,0x80,0x7f,0x7e,0x7e,0x7d,0x7d,0x7d,0x7e,0x7f,0x81,0x82,0x82,0x83,0x83,0x84,
  0x83,0x82,0x81,0x80,0x7e,0x7d,0x7d,0x7c,0x7c,0x7c,0x7c,0x7c,0x7d,0x7d,0x7f,0x80,0x81,0x81,0x81,0x80,0x80,0x7f,0x7e,0x7d,
  0x7d,0x7d,0x7e,0x7f,0x80,0x82,0x83,0x84,0x84,0x84,0x82,0x81,0x80,0x7f,0x7f,0x80,0x80,0x80,0x81,0x82,0x82,0x81,0x81,0x80,
  0x7e,0x7d,0x7c,0x7b,0x7b,0x7b,0x7c,0x7d,0x7d,0x7d,0x7c,0x7d,0x7e,0x7e,0x7f,0x7f,0x80,0x81,0x81,0x81,0x81,0x81,0x81,0x80,
  0x80,0x80,0x80,0x81,0x82,0x82,0x82,0x82,0x81,0x80,0x80,0x7f,0x7f,0x7e,0x7e,0x7f,0x7f,0x80,0x80,0x81,0x81,0x7f,0x7e,0x7d,
  0x7c,0x7b,0x7b,0x7d,0x7f,0x80,0x81,0x82,0x82,0x82,0x82,0x82,0x81,0x81,0x80,0x7f,0x7f,0x7f,0x7f,0x80,0x80,0x81,0x81,0x80,
  0x80,0x7f,0x7f,0x7e,0x7e,0x7d,0x7d,0x7d,0x7e,0x7f,0x7f,0x80,0x81,0x81,0x81,0x81,0x82,0x82,0x82,0x81,0x80,0x7f,0x7e,0x7d,
  0x7e,0x7f,0x80,0x81,0x81,0x81,0x81,0x81,0x81,0x80,0x7f,0x7e,0x7c,0x7b,0x7b,0x7c,0x7d,0x7e,0x80,0x81,0x82,0x82,0x81,0x80,
  0x80,0x7f,0x7f,0x7f,0x80,0x81,0x82,0x84,0x85,0x86,0x85,0x83,0x81,0x80,0x7e,0x7d,0x7c,0x7b,0x7b,0x7c,0x7d,0x7e,0x80,0x81,
  0x81,0x80,0x7f,0x7e,0x7d,0x7c,0x7b,0x7c,0x7d,0x7e,0x7e,0x7f,0x7f,0x80,0x81,0x81,0x81,0x81,0x81,0x80,0x80,0x80,0x80,0x81,
  0x81,0x82,0x82,0x83,0x83,0x83,0x83,0x83,0x81,0x80,0x7f,0x7d,0x7d,0x7c,0x7c,0x7c,0x7d,0x7d,0x7e,0x7f,0x80,0x81,0x81,0x7f,
  0x7e,0x7c,0x7b,0x7a,0x7b,0x7c,0x7e,0x80,0x80,0x81,0x81,0x81,0x81,0x81,0x81,0x80,0x7f,0x7f,0x7f,0x7f,0x80,0x81,0x82,0x82,
  0x81,0x81,0x80,0x80,0x7f,0x7e,0x7e,0x7e,0x7e,0x7e,0x7e,0x7f,0x7f,0x7f,0x7f,0x7f,0x7f,0x7f,0x80,0x81,0x81,0x81,0x81,0x81,
  0x81,0x81,0x81,0x81,0x81,0x80,0x7e,0x7e,0x7d,0x7d,0x7e,0x7e,0x7f,0x7e,0x7e,0x7e,0x7e,0x7e,0x7f,0x7f,0x80,0x80,0x7f,0x7f,
  0x7e,0x7f,0x7f,0x7f,0x7f,0x7f,0x80,0x80,0x81,0x82,0x83,0x83,0x83,0x82,0x81,0x81,0x80,0x7f,0x7f,0x7e,0x7d,0x7d,0x7d,0x7e,
  0x80,0x81,0x81,0x81,0x81,0x7f,0x7e,0x7e,0x7e,0x7e,0x7e,0x7e,0x7f,0x7f,0x7f,0x80,0x81,0x82,0x82,0x81,0x81,0x81,0x80,0x7f,
  0x7f,0x7f,0x7f,0x7f,0x7f,0x7f,0x80,0x81,0x82,0x82,0x82,0x82,0x81,0x80,0x80,0x7f,0x7e,0x7d,0x7c,0x7b,0x7b,0x7c,0x7e,0x7f,
  0x80,0x81,0x81,0x80,0x7f,0x7f,0x7f,0x7f,0x80,0x80,0x80,0x80,0x80,0x81,0x82,0x82,0x82,0x81,0x81,0x80,0x80,0x80,0x80,0x80,
  0x80,0x80,0x80,0x81,0x81,0x81,0x81,0x80,0x7f,0x7e,0x7d,0x7c,0x7c,0x7c,0x7c,0x7d,0x7e,0x7f,0x80,0x81,0x82,0x83,0x84,0x83,
  0x81,0x7f,0x7e,0x7d,0x7c,0x7d,0x7d,0x7e,0x7e,0x7f,0x81,0x82,0x83,0x83,0x82,0x80,0x7e,0x7d,0x7c,0x7c,0x7c,0x7d,0x7e,0x80,
  0x81,0x82,0x82,0x84,0x85,0x84,0x83,0x82,0x81,0x7f,0x7e,0x7d,0x7d,0x7d,0x7c,0x7c,0x7d,0x7e,0x7f,0x80,0x81,0x81,0x81,0x80,
  0x80,0x80,0x80,0x80,0x7f,0x7f,0x7f,0x7f,0x7f,0x7f,0x80,0x80,0x80,0x7f,0x7e,0x7e,0x7e,0x7e,0x7f,0x80,0x80,0x80,0x80,0x81,
  0x82,0x82,0x83,0x82,0x81,0x80,0x7f,0x7d,0x7c,0x7d,0x7e,0x7e,0x7e,0x7f,0x80,0x82,0x82,0x82,0x83,0x82,0x82,0x80,0x7e,0x7d,
  0x7d,0x7d,0x7d,0x7c,0x7c,0x7d,0x7e,0x7f,0x81,0x82,0x83,0x82,0x82,0x81,0x80,0x7f,0x7f,0x7e,0x7e,0x7d,0x7d,0x7e,0x7f,0x80,
  0x82,0x84,0x84,0x84,0x83,0x82,0x80,0x7e,0x7d,0x7b,0x7a,0x7a,0x7a,0x7c,0x7e,0x80,0x82,0x83,0x83,0x83,0x82,0x81,0x80,0x7f,
  0x7e,0x7d,0x7c,0x7c,0x7c,0x7e,0x7f,0x80,0x80,0x81,0x81,0x80,0x80,0x7f,0x7f,0x7f,0x7f,0x80,0x80,0x81,0x81,0x82,0x82,0x82,
  0x81,0x7f,0x7e,0x7d,0x7c,0x7b,0x7c,0x7c,0x7d,0x7e,0x80,0x82,0x84,0x85,0x85,0x84,0x82,0x80,0x7e,0x7c,0x7a,0x7a,0x7a,0x7b,
  0x7d,0x7f,0x82,0x84,0x85,0x85,0x85,0x83,0x81,0x7e,0x7b,0x79,0x78,0x79,0x7a,0x7c,0x7f,0x82,0x85,0x88,0x89,0x89,0x87,0x84,
  0x80,0x7d,0x7a,0x78,0x77,0x78,0x7a,0x7c,0x7f,0x82,0x85,0x86,0x87,0x86,0x84,0x81,0x7f,0x7c,0x7b,0x7a,0x79,0x7a,0x7c,0x7d,
  0x7f,0x81,0x82,0x84,0x84,0x83,0x82,0x80,0x7f,0x7e,0x7e,0x7e,0x7e,0x7e,0x7f,0x7f,0x80,0x82,0x82,0x83,0x82,0x81,0x80,0x7f,
  0x7e,0x7d,0x7d,0x7e,0x7e,0x7f,0x80,0x81,0x82,0x82,0x82,0x81,0x7f,0x7d,0x7c,0x7b,0x7b,0x7c,0x7d,0x80,0x81,0x83,0x84,0x85,
  0x85,0x83,0x81,0x7e,0x7c,0x79,0x78,0x78,0x7a,0x7c,0x7f,0x82,0x84,0x87,0x88,0x88,0x86,0x84,0x82,0x7e,0x7b,0x79,0x77,0x77,
  0x79,0x7b,0x7e,0x81,0x83,0x85,0x86,0x86,0x85,0x83,0x80,0x7d,0x7b,0x79,0x79,0x7a,0x7b,0x7d,0x80,0x82,0x85,0x86,0x86,0x86,
  0x84,0x82,0x7f,0x7c,0x7a,0x79,0x79,0x7b,0x7d,0x7f,0x81,0x83,0x84,0x84,0x84,0x82,0x80,0x7e,0x7c,0x7a,0x7a,0x7b,0x7d,0x7f,
  0x82,0x84,0x86,0x86,0x85,0x84,0x81,0x7e,0x7b,0x79,0x78,0x79,0x7a,0x7d,0x7f,0x82,0x84,0x86,0x86,0x85,0x84,0x81,0x7e,0x7c,
  0x7a,0x79,0x78,0x79,0x7b,0x7d,0x80,0x82,0x84,0x86,0x86,0x86,0x85,0x83,0x81,0x7f,0x7d,0x7b,0x7b,0x7b,0x7c,0x7e,0x81,0x83,
  0x84,0x85,0x85,0x84,0x82,0x80,0x7e,0x7b,0x7a,0x79,0x7a,0x7b,0x7d,0x7f,0x81,0x82,0x82,0x81,0x80,0x7f,0x7e,0x7d,0x7d,0x7d,
  0x7d,0x7e,0x7f,0x81,0x82,0x83,0x84,0x84,0x83,0x83,0x82,0x81,0x80,0x80,0x7f,0x7f,0x7f,0x7f,0x80,0x80,0x80,0x81,0x81,0x80,
  0x7f,0x7e,0x7d,0x7d,0x7c,0x7b,0x7b,0x7b,0x7c,0x7d,0x7e,0x80,0x82,0x84,0x84,0x84,0x84,0x83,0x81,0x7f,0x7d,0x7c,0x7c,0x7c,
  0x7d,0x7f,0x81,0x83,0x84,0x84,0x84,0x83,0x82,0x80,0x7e,0x7d,0x7c,0x7b,0x7b,0x7b,0x7c,0x7e,0x7f,0x81,0x82,0x82,0x82,0x82,
  0x81,0x80,0x7f,0x7e,0x7d,0x7d,0x7d,0x7d,0x7e,0x80,0x82,0x83,0x83,0x84,0x84,0x83,0x81,0x7f,0x7e,0x7c,0x7b,0x7b,0x7b,0x7c,
  0x7e,0x7f,0x81,0x82,0x83,0x83,0x82,0x81,0x80,0x7e,0x7d,0x7b,0x7b,0x7c,0x7d,0x7e,0x80,0x81,0x82,0x82,0x82,0x82,0x82,0x81,
  0x80,0x7f,0x7e,0x7d,0x7d,0x7d,0x7e,0x7e,0x7f,0x80,0x80,0x80,0x81,0x81,0x81,0x80,0x80,0x7f,0x7e,0x7d,0x7d,0x7d,0x7d,0x7e,
  0x7f,0x7f,0x80,0x80,0x81,0x81,0x81,0x81,0x80,0x80,0x80,0x7f,0x80,0x80,0x81,0x81,0x81,0x82,0x81,0x81,0x80,0x80,0x7f,0x7e,
  0x7e,0x7e,0x7e,0x7e,0x7f,0x7f,0x7e,0x7e,0x7d,0x7c,0x7c,0x7c,0x7d,0x7d,0x7e,0x80,0x80,0x81,0x82,0x82,0x83,0x83,0x83,0x83,
  0x82,0x82,0x81,0x80,0x80,0x80,0x80,0x7f,0x7f,0x7f,0x7f,0x7f,0x7f,0x80,0x80,0x7f,0x7e,0x7d,0x7d,0x7c,0x7d,0x7d,0x7e,0x7f,
  0x80,0x81,0x82,0x82,0x82,0x82,0x81,0x80,0x7f,0x7f,0x7f,0x7f,0x7f,0x80,0x80,0x81,0x81,0x81,0x81,0x81,0x81,0x80,0x80,0x7f,
  0x7f,0x7f,0x7f,0x7e,0x7e,0x7d,0x7d,0x7d,0x7d,0x7d,0x7e,0x7f,0x80,0x81,0x82,0x83,0x84,0x84,0x84,0x83,0x82,0x80,0x7f,0x7d,
  0x7d,0x7c,0x7c,0x7c,0x7d,0x7e,0x80,0x81,0x82,0x84,0x84,0x84,0x83,0x82,0x81,0x7f,0x7d,0x7c,0x7b,0x7a,0x7a,0x7b,0x7c,0x7e,
  0x80,0x82,0x84,0x85,0x85,0x84,0x82,0x81,0x7f,0x7d,0x7c,0x7b,0x7b,0x7c,0x7d,0x7e,0x80,0x82,0x83,0x84,0x85,0x85,0x84,0x83,
  0x82,0x80,0x7f,0x7d,0x7b,0x7a,0x7a,0x7a,0x7b,0x7c,0x7e,0x80,0x82,0x83,0x84,0x85,0x84,0x83,0x81,0x7f,0x7d,0x7c,0x7a,0x7a,
  0x7a,0x7b,0x7c,0x7e,0x81,0x83,0x85,0x85,0x86,0x85,0x84,0x83,0x81,0x80,0x7f,0x7e,0x7c,0x7b,0x7b,0x7b,0x7b,0x7c,0x7d,0x7f,
  0x80,0x81,0x82,0x82,0x83,0x83,0x83,0x82,0x80,0x7f,0x7e,0x7d,0x7d,0x7c,0x7d,0x7d,0x7e,0x7f,0x80,0x81,0x82,0x83,0x83,0x83,
  0x83,0x82,0x81,0x7f,0x7d,0x7c,0x7b,0x7a,0x7a,0x7b,0x7d,0x7f,0x81,0x82,0x84,0x85,0x85,0x84,0x83,0x82,0x80,0x7e,0x7c,0x7b,
  0x7b,0x7b,0x7c,0x7d,0x7f,0x80,0x81,0x82,0x82,0x82,0x82,0x82,0x81,0x80,0x7f,0x7e,0x7d,0x7c,0x7c,0x7d,0x7d,0x7e,0x7f,0x80,
  0x81,0x82,0x82,0x83,0x83,0x82,0x81,0x80,0x7f,0x7f,0x7f,0x7e,0x7e,0x7e,0x7e,0x7f,0x7f,0x7f,0x80,0x80,0x80,0x80,0x80,0x81,
  0x81,0x81,0x80,0x80,0x7f,0x7e,0x7e,0x7d,0x7c,0x7c,0x7d,0x7e,0x7e,0x7f,0x80,0x81,0x82,0x82,0x82,0x82,0x82,0x81,0x80,0x80,
  0x7f,0x7f,0x7e,0x7e,0x7e,0x7e,0x7f,0x7f,0x80,0x81,0x82,0x82,0x83,0x83,0x83,0x82,0x81,0x80,0x7f,0x7d,0x7c,0x7b,0x7b,0x7b,
  0x7c,0x7d,0x7e,0x7f,0x80,0x81,0x82,0x82,0x82,0x81,0x80,0x7f,0x7e,0x7e,0x7e,0x7e,0x7e,0x7e,0x7f,0x80,0x80,0x81,0x82,0x83,
  0x83,0x83,0x82,0x81,0x80,0x7f,0x7f,0x7e,0x7e,0x7d,0x7d,0x7e,0x7f,0x7f,0x80,0x82,0x82,0x82,0x81,0x81,0x81,0x80,0x80,0x7f,
  0x7f,0x7e,0x7e,0x7d,0x7d,0x7e,0x7e,0x7e,0x7f,0x80,0x81,0x81,0x82,0x82,0x82,0x81,0x80,0x7f,0x7e,0x7e,0x7d,0x7d,0x7e,0x7d,
  0x7d,0x7d,0x7e,0x80,0x81,0x82,0x83,0x84,0x84,0x83,0x82,0x81,0x80,0x7f,0x7d,0x7c,0x7c,0x7c,0x7d,0x7e,0x7f,0x80,0x81,0x81,
  0x81,0x80,0x80,0x7f,0x7f,0x7e,0x7e,0x7e,0x7e,0x7e,0x7f,0x7f,0x7f,0x7f,0x7f,0x80,0x80,0x80,0x81,0x81,0x81,0x81,0x81,0x80,
  0x7f,0x7f,0x7f,0x7e,0x7e,0x7e,0x7e,0x7f,0x7f,0x80,0x81,0x81,0x81,0x80,0x80,0x80,0x80,0x80,0x80,0x80,0x7f,0x7d,0x7c,0x7b,
  0x7b,0x7c,0x7c,0x7e,0x7f,0x80,0x81,0x82,0x84,0x84,0x83,0x81,0x80,0x7e,0x7c,0x7c,0x7c,0x7d,0x7e,0x7f,0x80,0x81,0x82,0x82,
  0x82,0x82,0x82,0x81,0x81,0x80,0x80,0x80,0x80,0x80,0x80,0x7f,0x7d,0x7c,0x7c,0x7c,0x7d,0x7d,0x7e,0x7f,0x80,0x81,0x82,0x83,
  0x83,0x82,0x81,0x7f,0x7e,0x7d,0x7d,0x7d,0x7e,0x7e,0x7e,0x7e,0x7f,0x80,0x81,0x82,0x83,0x84,0x84,0x83,0x82,0x80,0x7f,0x7d,
  0x7b,0x7a,0x7a,0x7a,0x7c,0x7f,0x83,0x86,0x87,0x88,0x87,0x86,0x83,0x81,0x7e,0x7b,0x79,0x78,0x78,0x79,0x7c,0x7e,0x81,0x82,
  0x82,0x83,0x82,0x82,0x81,0x80,0x7f,0x7e,0x7d,0x7d,0x7c,0x7d,0x7d,0x7e,0x7f,0x80,0x81,0x81,0x82,0x83,0x84,0x84,0x84,0x83,
  0x81,0x80,0x7f,0x7e,0x7e,0x7e,0x7e,0x7d,0x7d,0x7d,0x7d,0x7d,0x7e,0x7e,0x7e,0x7f,0x81,0x82,0x83,0x84,0x83,0x82,0x80,0x7e,
  0x7c,0x7b,0x7a,0x7a,0x7b,0x7c,0x7e,0x81,0x84,0x86,0x88,0x88,0x87,0x84,0x81,0x7d,0x7a,0x78,0x78,0x78,0x7a,0x7c,0x7e,0x81,
  0x83,0x85,0x87,0x87,0x86,0x84,0x81,0x7e,0x7c,0x7a,0x79,0x78,0x79,0x7a,0x7c,0x7f,0x81,0x84,0x85,0x86,0x86,0x84,0x82,0x80,
  0x7e,0x7c,0x7b,0x7a,0x7a,0x7b,0x7d,0x7f,0x82,0x84,0x85,0x85,0x83,0x81,0x80,0x7f,0x7e,0x7d,0x7c,0x7d,0x7d,0x7e,0x7f,0x80,
  0x81,0x81,0x81,0x80,0x7f,0x7f,0x80,0x80,0x81,0x82,0x82,0x82,0x81,0x80,0x7f,0x7e,0x7d,0x7c,0x7b,0x7b,0x7c,0x7d,0x7f,0x80,
  0x82,0x83,0x83,0x83,0x82,0x81,0x80,0x7f,0x7e,0x7d,0x7c,0x7d,0x7d,0x7f,0x80,0x81,0x82,0x83,0x83,0x83,0x83,0x82,0x81,0x80,
  0x7e,0x7d,0x7c,0x7d,0x7e,0x7f,0x81,0x82,0x82,0x82,0x81,0x80,0x7f,0x7e,0x7d,0x7c,0x7b,0x7b,0x7b,0x7d,0x7f,0x81,0x82,0x83,
  0x83,0x82,0x81,0x80,0x80,0x80,0x7f,0x80,0x80,0x81,0x81,0x82,0x82,0x81,0x80,0x7e,0x7d,0x7d,0x7d,0x7e,0x7f,0x80,0x81,0x81,
  0x82,0x82,0x82,0x81,0x80,0x7e,0x7d,0x7b,0x7b,0x7b,0x7d,0x7e,0x7f,0x81,0x82,0x83,0x83,0x83,0x82,0x81,0x80,0x7f,0x7d,0x7d,
  0x7d,0x7e,0x7f,0x80,0x81,0x82,0x83,0x83,0x82,0x82,0x81,0x7f,0x7d,0x7b,0x7a,0x7a,0x7b,0x7c,0x7e,0x80,0x82,0x83,0x84,0x84,
  0x83,0x82,0x81,0x7f,0x7d,0x7b,0x7b,0x7b,0x7c,0x7e,0x80,0x81,0x82,0x83,0x83,0x82,0x82,0x81,0x80,0x7f,0x7e,0x7e,0x7e,0x7f,
  0x7f,0x80,0x80,0x80,0x7f,0x7e,0x7e,0x7e,0x7e,0x7e,0x7e,0x7e,0x7f,0x80,0x81,0x82,0x82,0x82,0x81,0x81,0x80,0x7f,0x7f,0x7f,
  0x7f,0x80,0x80,0x80,0x81,0x81,0x82,0x81,0x81,0x80,0x7f,0x7d,0x7c,0x7b,0x7b,0x7b,0x7c,0x7d,0x7e,0x80,0x82,0x83,0x84,0x84,
  0x83,0x82,0x80,0x7e,0x7d,0x7c,0x7c,0x7d,0x7e,0x7f,0x80,0x82,0x83,0x83,0x83,0x83,0x82,0x80,0x7f,0x7e,0x7e,0x7e,0x7f,0x7f,
  0x7f,0x80,0x80,0x80,0x80,0x7f,0x7f,0x7f,0x7e,0x7d,0x7d,0x7d,0x7f,0x80,0x80,0x81,0x82,0x82,0x81,0x81,0x80,0x7f,0x7e,0x7d,
  0x7d,0x7c,0x7d,0x7d,0x7e,0x80,0x81,0x81,0x82,0x82,0x82,0x82,0x81,0x80,0x7f,0x7e,0x7d,0x7d,0x7d,0x7e,0x7f,0x80,0x80,0x81,
  0x82,0x82,0x82,0x82,0x81,0x80,0x7f,0x7e,0x7e,0x7e,0x7f,0x80,0x80,0x81,0x80,0x80,0x7f,0x7f,0x7f,0x7e,0x7e,0x7f,0x7f,0x80,
  0x80,0x80,0x80,0x80,0x7f,0x7e,0x7d,0x7c,0x7c,0x7b,0x7c,0x7c,0x7e,0x80,0x81,0x82,0x83,0x84,0x84,0x83,0x82,0x82,0x80,0x7f,
  0x7e,0x7e,0x7e,0x7e,0x7e,0x7f,0x80,0x82,0x83,0x83,0x83,0x83,0x82,0x80,0x7f,0x7d,0x7b,0x7a,0x79,0x79,0x7a,0x7b,0x7d,0x7f,
  0x81,0x83,0x84,0x84,0x84,0x83,0x83,0x82,0x81,0x80,0x7e,0x7e,0x7d,0x7d,0x7d,0x7e,0x7f,0x7f,0x80,0x80,0x80,0x81,0x81,0x81,
  0x80,0x7f,0x7f,0x7f,0x7e,0x7e,0x7d,0x7d,0x7e,0x7e,0x7e,0x7f,0x80,0x80,0x81,0x82,0x82,0x82,0x82,0x82,0x82,0x81,0x80,0x7f,
  0x7e,0x7d,0x7d,0x7d,0x7d,0x7e,0x7f,0x80,0x81,0x82,0x83,0x83,0x82,0x82,0x80,0x7f,0x7e,0x7c,0x7b,0x7b,0x7b,0x7c,0x7d,0x7f,
  0x80,0x82,0x82,0x83,0x83,0x82,0x82,0x80,0x7f,0x7e,0x7d,0x7d,0x7d,0x7e,0x7f,0x80,0x81,0x82,0x82,0x82,0x81,0x80,0x80,0x80,
  0x7f,0x7e,0x7e,0x7d,0x7d,0x7d,0x7d,0x7e,0x7e,0x7f,0x80,0x80,0x80,0x80,0x7f,0x7f,0x80,0x80,0x81,0x82,0x82,0x83,0x83,0x83,
  0x82,0x81,0x7f,0x7e,0x7d,0x7d,0x7d,0x7d,0x7e,0x7f,0x80,0x81,0x82,0x82,0x81,0x80,0x7f,0x7d,0x7b,0x7b,0x7b,0x7b,0x7c,0x7e,
  0x80,0x81,0x82,0x83,0x83,0x83,0x82,0x80,0x7f,0x7e,0x7d,0x7d,0x7d,0x7f,0x80,0x81,0x82,0x83,0x83,0x83,0x82,0x81,0x80,0x7f,
  0x7d,0x7c,0x7c,0x7c,0x7c,0x7d,0x7e,0x80,0x81,0x82,0x82,0x83,0x82,0x81,0x7f,0x7e,0x7e,0x7e,0x7e,0x7e,0x7f,0x80,0x81,0x82,
  0x83,0x83,0x82,0x81,0x7f,0x7e,0x7d,0x7c,0x7c,0x7d,0x7e,0x80,0x81,0x82,0x82,0x82,0x81,0x80,0x7e,0x7d,0x7c,0x7b,0x7b,0x7c,
  0x7e,0x80,0x81,0x83,0x83,0x84,0x84,0x83,0x82,0x81,0x80,0x7f,0x7f,0x7f,0x7f,0x7f,0x7f,0x7f,0x7f,0x80,0x80,0x80,0x80,0x80,
  0x80,0x80,0x7f,0x7f,0x7e,0x7e,0x7d,0x7d,0x7d,0x7d,0x7d,0x7e,0x7e,0x7f,0x80,0x81,0x81,0x82,0x82,0x81,0x81,0x81,0x81,0x81,
  0x80,0x80,0x7f,0x7f,0x7f,0x7f,0x80,0x80,0x81,0x81,0x81,0x81,0x81,0x80,0x80,0x7f,0x7e,0x7d,0x7c,0x7b,0x7b,0x7c,0x7d,0x7e,
  0x7f,0x81,0x81,0x82,0x82,0x82,0x81,0x81,0x80,0x7f,0x7f,0x7e,0x7f,0x7f,0x80,0x80,0x81,0x81,0x81,0x80,0x7f,0x7f,0x7e,0x7e,
  0x7e,0x7f,0x80,0x80,0x81,0x81,0x81,0x80,0x7f,0x7e,0x7e,0x7d,0x7d,0x7d,0x7d,0x7d,0x7e,0x7f,0x80,0x82,0x83,0x83,0x84,0x83,
  0x82,0x81,0x80,0x7f,0x7e,0x7d,0x7c,0x7c,0x7c,0x7d,0x7e,0x80,0x82,0x83,0x83,0x82,0x81,0x80,0x7f,0x7d,0x7c,0x7b,0x7a,0x7a,
  0x7b,0x7d,0x7f,0x80,0x82,0x83,0x84,0x83,0x83,0x83,0x82,0x81,0x80,0x7f,0x7f,0x7f,0x7f,0x7f,0x80,0x80,0x81,0x81,0x81,0x81,
  0x80,0x80,0x7f,0x7f,0x7f,0x7e,0x7e,0x7e,0x7e,0x7f,0x7f,0x7f,0x7e,0x7e,0x7e,0x7e,0x7e,0x7e,0x7f,0x7f,0x80,0x81,0x82,0x83,
  0x83,0x83,0x83,0x82,0x80,0x7e,0x7d,0x7d,0x7c,0x7d,0x7d,0x7e,0x7f,0x81,0x82,0x83,0x84,0x84,0x83,0x82,0x7f,0x7d,0x7b,0x7a,
  0x79,0x7a,0x7b,0x7c,0x7e,0x81,0x83,0x84,0x85,0x85,0x85,0x83,0x81,0x80,0x7f,0x7e,0x7d,0x7d,0x7e,0x7e,0x7f,0x80,0x81,0x81,
  0x81,0x81,0x81,0x80,0x7f,0x7f,0x7e,0x7d,0x7d,0x7d,0x7d,0x7e,0x7f,0x7f,0x7f,0x80,0x7f,0x7f,0x7f,0x7f,0x7f,0x80,0x80,0x81,
  0x81,0x81,0x81,0x81,0x80,0x80,0x80,0x7f,0x7e,0x7e,0x7e,0x7e,0x7f,0x80,0x82,0x83,0x83,0x83,0x82,0x80,0x7f,0x7d,0x7c,0x7b,
  0x7b,0x7b,0x7b,0x7d,0x7f,0x81,0x82,0x84,0x84,0x84,0x84,0x82,0x80,0x7f,0x7d,0x7c,0x7b,0x7b,0x7d,0x7e,0x80,0x81,0x82,0x83,
  0x83,0x83,0x83,0x82,0x81,0x7f,0x7d,0x7c,0x7b,0x7a,0x7b,0x7c,0x7d,0x7f,0x80,0x82,0x82,0x82,0x82,0x81,0x80,0x7f,0x7e,0x7e,
  0x7e,0x7e,0x7e,0x7f,0x80,0x81,0x82,0x82,0x82,0x83,0x82,0x81,0x81,0x80,0x7f,0x7e,0x7e,0x7d,0x7d,0x7e,0x7e,0x7e,0x7e,0x7e,
  0x7f,0x7f,0x80,0x81,0x81,0x81,0x81,0x81,0x81,0x80,0x80,0x7f,0x7e,0x7e,0x7e,0x7e,0x7f,0x7f,0x7f,0x80,0x80,0x81,0x81,0x82,
  0x82,0x82,0x82,0x82,0x81,0x80,0x7f,0x7e,0x7c,0x7c,0x7c,0x7c,0x7d,0x7d,0x7e,0x7f,0x80,0x81,0x81,0x81,0x80,0x80,0x80,0x80,
  0x7f,0x7f,0x7f,0x7f,0x7f,0x7f,0x80,0x80,0x80,0x81,0x81,0x81,0x81,0x81,0x81,0x81,0x81,0x80,0x80,0x7f,0x7f,0x7e,0x7d,0x7d,
  0x7d,0x7e,0x7f,0x80,0x80,0x81,0x81,0x81,0x81,0x80,0x7f,0x7f,0x7e,0x7d,0x7d,0x7d,0x7d,0x7e,0x7f,0x80,0x81,0x81,0x82,0x82,
  0x81,0x81,0x81,0x80,0x7f,0x7f,0x7e,0x7e,0x7d,0x7d,0x7e,0x7f,0x7f,0x7f,0x80,0x80,0x80,0x7f,0x7e,0x7e,0x7e,0x7e,0x7f,0x7f,
  0x80,0x81,0x82,0x83,0x83,0x83,0x82,0x81,0x80,0x7f,0x7e,0x7d,0x7d,0x7e,0x7f,0x80,0x81,0x82,0x82,0x82,0x82,0x81,0x80,0x7e,
  0x7d,0x7c,0x7b,0x7a,0x7b,0x7c,0x7d,0x7f,0x80,0x81,0x82,0x83,0x83,0x83,0x82,0x81,0x80,0x7f,0x7e,0x7d,0x7c,0x7c,0x7c,0x7d,
  0x7f,0x80,0x81,0x82,0x83,0x83,0x82,0x82,0x81,0x80,0x7f,0x7e,0x7d,0x7d,0x7d,0x7e,0x7e,0x7f,0x80,0x81,0x81,0x82,0x82,0x81,
  0x81,0x80,0x80,0x80,0x7f,0x7e,0x7e,0x7e,0x7e,0x7e,0x7f,0x7f,0x7f,0x80,0x80,0x80,0x81,0x81,0x81,0x81,0x80,0x80,0x80,0x80,
  0x7f,0x7f,0x7e,0x7e,0x7e,0x7e,0x7e,0x7e,0x7e,0x7e,0x7f,0x7f,0x7f,0x7f,0x80,0x81,0x82,0x82,0x82,0x81,0x81,0x7f,0x7f,0x7e,
  0x7e,0x7e,0x7e,0x7f,0x80,0x81,0x82,0x83,0x83,0x83,0x82,0x81,0x80,0x7f,0x7d,0x7d,0x7c,0x7d,0x7d,0x7e,0x7f,0x81,0x82,0x82,
  0x83,0x82,0x81,0x80,0x7f,0x7e,0x7d,0x7d,0x7c,0x7d,0x7d,0x7e,0x7f,0x80,0x81,0x82,0x82,0x81,0x80,0x80,0x7f,0x7e,0x7d,0x7d,
  0x7d,0x7d,0x7e,0x7f,0x80,0x81,0x81,0x81,0x80,0x80,0x7f,0x7e,0x7d,0x7d,0x7e,0x7f,0x81,0x82,0x83,0x83,0x84,0x84,0x83,0x81,
  0x80,0x7e,0x7e,0x7d,0x7d,0x7e,0x7f,0x80,0x80,0x81,0x81,0x81,0x81,0x80,0x7f,0x7e,0x7e,0x7d,0x7c,0x7c,0x7c,0x7d,0x7e,0x7f,
  0x80,0x81,0x82,0x82,0x82,0x82,0x81,0x80,0x80,0x7f,0x7f,0x7e,0x7e,0x7e,0x7e,0x7e,0x7f,0x80,0x80,0x81,0x81,0x81,0x81,0x81,
  0x80,0x80,0x80,0x7f,0x7f,0x7e,0x7e,0x7e,0x7e,0x7e,0x7f,0x80,0x81,0x81,0x82,0x82,0x82,0x82,0x82,0x81,0x80,0x7f,0x7e,0x7d,
  0x7d,0x7d,0x7d,0x7e,0x7f,0x80,0x80,0x81,0x81,0x81,0x81,0x81,0x80,0x80,0x7f,0x7f,0x7e,0x7d,0x7d,0x7e,0x7e,0x7f,0x7f,0x80,
  0x80,0x80,0x80,0x80,0x80,0x80,0x80,0x80,0x80,0x80,0x7f,0x7f,0x7e,0x7e,0x7e,0x7f,0x7f,0x80,0x80,0x81,0x82,0x82,0x83,0x83,
  0x83,0x82,0x81,0x7f,0x7e,0x7d,0x7c,0x7b,0x7b,0x7c,0x7d,0x7e,0x80,0x82,0x83,0x84,0x84,0x84,0x83,0x81,0x7f,0x7c,0x7b,0x79,
  0x79,0x79,0x7b,0x7d,0x7f,0x81,0x83,0x85,0x86,0x85,0x84,0x82,0x80,0x7e,0x7c,0x7b,0x7a,0x7a,0x7b,0x7c,0x7d,0x7f,0x80,0x81,
  0x82,0x83,0x83,0x83,0x83,0x82,0x81,0x80,0x7f,0x7e,0x7e,0x7e,0x7e,0x7f,0x80,0x80,0x81,0x81,0x82,0x82,0x81,0x81,0x80,0x7f,
  0x7e,0x7e,0x7d,0x7d,0x7d,0x7d,0x7d,0x7d,0x7e,0x7e,0x7f,0x7f,0x80,0x81,0x82,0x82,0x83,0x82,0x82,0x81,0x80,0x7f,0x7e,0x7d,
  0x7d,0x7d,0x7d,0x7e,0x7f,0x80,0x81,0x82,0x82,0x82,0x82,0x81,0x80,0x7f,0x7f,0x7e,0x7e,0x7d,0x7d,0x7d,0x7d,0x7e,0x7f,0x80,
  0x81,0x82,0x82,0x82,0x82,0x82,0x81,0x81,0x80,0x7f,0x7e,0x7e,0x7e,0x7e,0x7f,0x80,0x80,0x81,0x82,0x82,0x82,0x81,0x81,0x80,
  0x7f,0x7e,0x7e,0x7d,0x7e,0x7e,0x7e,0x7f,0x7f,0x80,0x80,0x80,0x80,0x7f,0x7e,0x7e,0x7d,0x7d,0x7d,0x7e,0x7f,0x80,0x82,0x82,
  0x82,0x82,0x82,0x81,0x80,0x7f,0x7e,0x7e,0x7e,0x7e,0x7e,0x7f,0x80,0x81,0x81,0x81,0x81,0x81,0x80,0x80,0x7f,0x7f,0x7e,0x7e,
  0x7e,0x7f,0x7f,0x80,0x80,0x81,0x81,0x81,0x81,0x80,0x80,0x80,0x7f,0x7f,0x7e,0x7e,0x7e,0x7e,0x7f,0x7f,0x80,0x80,0x80,0x80,
  0x80,0x7f,0x7f,0x7e,0x7e,0x7e,0x7e,0x7e,0x7f,0x7f,0x80,0x80,0x80,0x7f,0x7f,0x7e,0x7e,0x7d,0x7d,0x7d,0x7e,0x80,0x81,0x82,
  0x83,0x84,0x84,0x83,0x82,0x81,0x80,0x7f,0x7e,0x7e,0x7e,0x7e,0x7e,0x7f,0x80,0x80,0x81,0x81,0x81,0x80,0x80,0x7f,0x7f,0x7e,
  0x7d,0x7d,0x7c,0x7d,0x7d,0x7e,0x7f,0x80,0x81,0x82,0x83,0x83,0x83,0x82,0x80,0x7f,0x7d,0x7c,0x7c,0x7c,0x7d,0x7e,0x80,0x81,
  0x82,0x83,0x83,0x82,0x81,0x80,0x7f,0x7d,0x7c,0x7c,0x7d,0x7d,0x7e,0x7f,0x80,0x81,0x81,0x81,0x81,0x81,0x80,0x80,0x7f,0x7f,
  0x7f,0x7f,0x7f,0x7f,0x80,0x80,0x81,0x81,0x82,0x82,0x82,0x82,0x81,0x81,0x80,0x7f,0x7e,0x7d,0x7c,0x7d,0x7d,0x7e,0x7f,0x80,
  0x80,0x80,0x80,0x7f,0x7e,0x7e,0x7d,0x7d,0x7d,0x7e,0x7f,0x80,0x81,0x82,0x83,0x83,0x82,0x81,0x80,0x7f,0x7e,0x7e,0x7e,0x7e,
  0x7f,0x80,0x80,0x81,0x82,0x82,0x82,0x81,0x80,0x7f,0x7e,0x7e,0x7d,0x7d,0x7d,0x7e,0x7e,0x7f,0x80,0x81,0x82,0x83,0x83,0x82,
  0x81,0x80,0x7f,0x7d,0x7c,0x7c,0x7c,0x7d,0x7f,0x80,0x82,0x84,0x85,0x84,0x83,0x82,0x80,0x7e,0x7c,0x7a,0x7a,0x7a,0x7b,0x7d,
  0x7e,0x80,0x81,0x82,0x82,0x82,0x81,0x80,0x7f,0x7e,0x7d,0x7d,0x7d,0x7e,0x7e,0x7f,0x80,0x81,0x82,0x83,0x83,0x83,0x83,0x82,
  0x81,0x80,0x7f,0x7e,0x7d,0x7c,0x7c,0x7d,0x7e,0x7f,0x80,0x81,0x81,0x81,0x81,0x80,0x7f,0x7e,0x7e,0x7e,0x7e,0x7e,0x7f,0x80,
  0x81,0x82,0x82,0x81,0x81,0x81,0x80,0x7f,0x7f,0x7e,0x7e,0x7f,0x7f,0x80,0x80,0x80,0x80,0x80,0x80,0x7f,0x7f,0x7f,0x7e,0x7e,
  0x7e,0x7e,0x7e,0x7f,0x7f,0x7f,0x7f,0x80,0x80,0x81,0x81,0x81,0x81,0x81,0x80,0x7f,0x7f,0x7e,0x7e,0x7e,0x7e,0x7f,0x80,0x81,
  0x82,0x83,0x83,0x83,0x82,0x81,0x7f,0x7e,0x7d,0x7d,0x7d,0x7d,0x7e,0x7f,0x80,0x81,0x81,0x81,0x80,0x80,0x7f,0x7e,0x7d,0x7d,
  0x7d,0x7e,0x7e,0x7f,0x7f,0x80,0x81,0x81,0x81,0x82,0x81,0x81,0x80,0x80,0x7f,0x7f,0x7f,0x7f,0x7f,0x7f,0x80,0x80,0x81,0x82,
  0x82,0x82,0x81,0x80,0x7f,0x7e,0x7d,0x7c,0x7c,0x7c,0x7d,0x7f,0x80,0x81,0x82,0x82,0x82,0x81,0x80,0x7f,0x7e,0x7d,0x7d,0x7e,
  0x7f,0x80,0x82,0x83,0x83,0x83,0x83,0x82,0x81,0x7f,0x7e,0x7d,0x7c,0x7c,0x7d,0x7e,0x7e,0x7f,0x80,0x81,0x81,0x81,0x80,0x80,
  0x80,0x7f,0x7e,0x7e,0x7e,0x7e,0x7f,0x7f,0x80,0x81,0x82,0x82,0x82,0x82,0x82,0x81,0x80,0x7f,0x7e,0x7d,0x7c,0x7c,0x7c,0x7d,
  0x7f,0x80,0x81,0x82,0x82,0x82,0x82,0x81,0x80,0x7e,0x7e,0x7d,0x7d,0x7e,0x7e,0x7f,0x80,0x80,0x81,0x81,0x81,0x81,0x80,0x80,
  0x80,0x80,0x80,0x7f,0x7f,0x7f,0x7f,0x7f,0x7f,0x7f,0x7f,0x80,0x80,0x80,0x80,0x80,0x80,0x80,0x80,0x80,0x80,0x7f,0x7f,0x7f,
  0x7e,0x7e,0x7f,0x7f,0x7f,0x7f,0x7f,0x7f,0x80,0x80,0x80,0x80,0x80,0x80,0x80,0x80,0x80,0x80,0x80,0x7f,0x7f,0x7f,0x7e,0x7e,
  0x7e,0x7f,0x80,0x80,0x81,0x81,0x81,0x81,0x81,0x80,0x80,0x7f,0x7e,0x7d,0x7d,0x7c,0x7d,0x7d,0x7e,0x7f,0x80,0x81,0x82,0x83,
  0x83,0x83,0x82,0x81,0x80,0x7e,0x7d,0x7d,0x7c,0x7c,0x7d,0x7e,0x7f,0x80,0x81,0x82,0x83,0x83,0x83,0x82,0x81,0x7f,0x7e,0x7d,
  0x7c,0x7b,0x7b,0x7c,0x7d,0x7e,0x80,0x81,0x82,0x83,0x82,0x82,0x81,0x80,0x7f,0x7e,0x7d,0x7d,0x7e,0x7e,0x7f,0x80,0x81,0x82,
  0x83,0x83,0x82,0x81,0x80,0x7f,0x7e,0x7d,0x7d,0x7d,0x7d,0x7d,0x7e,0x7f,0x7f,0x80,0x80,0x80,0x81,0x80,0x80,0x80,0x80,0x80,
  0x7f,0x7f,0x7f,0x7f,0x7f,0x7f,0x7f,0x7f,0x7f,0x80,0x80,0x80,0x80,0x80,0x80,0x80,0x80,0x80,0x80,0x80,0x80,0x80,0x80,0x80,
  0x80,0x80,0x7f,0x7f,0x7f,0x80,0x80,0x80,0x80,0x80,0x80,0x80,0x7f,0x7e,0x7e,0x7e,0x7d,0x7e,0x7e,0x7f,0x80,0x80,0x81,0x81,
  0x81,0x80,0x80,0x7f,0x7f,0x7e,0x7e,0x7e,0x7e,0x7e,0x7f,0x80,0x81,0x81,0x82,0x82,0x82,0x82,0x81,0x81,0x80,0x7f,0x7f,0x7e,
  0x7e,0x7d,0x7d,0x7e,0x7e,0x7f,0x80,0x80,0x81,0x81,0x81,0x81,0x80,0x80,0x7f,0x7e,0x7e,0x7e,0x7e,0x7e,0x7f,0x7f,0x80,0x80,
  0x80,0x81,0x81,0x81,0x81,0x81,0x80,0x80,0x80,0x7f,0x7e,0x7e,0x7e,0x7d,0x7d,0x7e,0x7f,0x7f,0x80,0x81,0x81,0x81,0x81,0x81,
  0x80,0x7f,0x7e,0x7e,0x7d,0x7d,0x7e,0x7e,0x7f,0x80,0x80,0x81,0x81,0x81,0x81,0x81,0x80,0x80,0x7f,0x7f,0x7e,0x7e,0x7e,0x7e,
  0x7e,0x7e,0x7f,0x7f,0x80,0x81,0x82,0x82,0x83,0x82,0x82,0x81,0x80,0x7f,0x7d,0x7d,0x7c,0x7c,0x7c,0x7d,0x7e,0x7f,0x80,0x81,
  0x81,0x82,0x82,0x82,0x81,0x81,0x80,0x7f,0x7e,0x7e,0x7d,0x7d,0x7d,0x7d,0x7e,0x7f,0x80,0x81,0x81,0x82,0x82,0x82,0x81,0x80,
  0x7e,0x7c,0x7b,0x7b,0x7c,0x7d,0x7e,0x7f,0x81,0x83,0x84,0x84,0x84,0x83,0x82,0x81,0x7f,0x7e,0x7d,0x7d,0x7d,0x7e,0x7f,0x80,
  0x81,0x81,0x82,0x82,0x82,0x81,0x81,0x80,0x7e,0x7d,0x7d,0x7c,0x7c,0x7d,0x7d,0x7e,0x7f,0x81,0x81,0x82,0x82,0x81,0x81,0x80,
  0x7f,0x7f,0x7e,0x7f,0x7f,0x7f,0x80,0x80,0x81,0x80,0x80,0x7f,0x7e,0x7e,0x7d,0x7d,0x7e,0x7f,0x80,0x82,0x83,0x84,0x84,0x83,
  0x81,0x80,0x7e,0x7c,0x7b,0x7b,0x7b,0x7c,0x7e,0x80,0x82,0x83,0x84,0x84,0x83,0x82,0x80,0x7e,0x7d,0x7d,0x7c,0x7d,0x7e,0x7f,
  0x80,0x82,0x83,0x84,0x84,0x84,0x83,0x81,0x7f,0x7d,0x7c,0x7b,0x7a,0x7a,0x7b,0x7d,0x7e,0x80,0x81,0x82,0x83,0x83,0x82,0x82,
  0x80,0x7f,0x7d,0x7c,0x7c,0x7c,0x7d,0x7e,0x7f,0x81,0x82,0x83,0x83,0x83,0x83,0x82,0x81,0x80,0x80,0x7f,0x7f,0x7e,0x7e,0x7f,
  0x7f,0x7f,0x7f,0x7f,0x7f,0x7f,0x7f,0x7f,0x7f,0x7f,0x80,0x80,0x80,0x80,0x80,0x80,0x80,0x80,0x80,0x80,0x80,0x80,0x80,0x80,
  0x7f,0x7f,0x7f,0x7f,0x7e,0x7e,0x7e,0x7e,0x7f,0x80,0x80,0x80,0x80,0x80,0x7f,0x7e,0x7e,0x7d,0x7d,0x7e,0x7f,0x80,0x81,0x82,
  0x82,0x82,0x82,0x82,0x81,0x7f,0x7e,0x7d,0x7c,0x7c,0x7d,0x7e,0x7f,0x80,0x82,0x83,0x83,0x84,0x83,0x83,0x81,0x80,0x7e,0x7d,
  0x7c,0x7c,0x7c,0x7c,0x7d,0x7f,0x81,0x82,0x83,0x84,0x83,0x82,0x81,0x7f,0x7d,0x7c,0x7b,0x7b,0x7b,0x7c,0x7d,0x7f,0x80,0x81,
  0x82,0x82,0x81,0x81,0x80,0x7f,0x7f,0x7f,0x7f,0x80,0x80,0x81,0x81,0x81,0x81,0x81,0x80,0x7f,0x7e,0x7e,0x7e,0x7e,0x7f,0x7f,
  0x80,0x81,0x81,0x81,0x81,0x81,0x80,0x80,0x7f,0x7f,0x7f,0x7e,0x7e,0x7f,0x7f,0x80,0x81,0x81,0x82,0x82,0x82,0x81,0x80,0x7f,
  0x7d,0x7c,0x7b,0x7b,0x7c,0x7d,0x7e,0x7f,0x81,0x82,0x83,0x84,0x83,0x83,0x81,0x80,0x7e,0x7d,0x7c,0x7c,0x7c,0x7d,0x7e,0x7f,
  0x80,0x81,0x82,0x82,0x83,0x83,0x82,0x81,0x80,0x7f,0x7e,0x7e,0x7d,0x7d,0x7d,0x7d,0x7e,0x7f,0x80,0x81,0x82,0x82,0x82,0x82,
  0x81,0x80,0x7f,0x7e,0x7d,0x7d,0x7d,0x7e,0x7e,0x7f,0x80,0x81,0x81,0x82,0x81,0x81,0x80,0x7f,0x7f,0x7e,0x7e,0x7e,0x7d,0x7e,
  0x7e,0x7f,0x7f,0x7f,0x80,0x80,0x80,0x80,0x80,0x80,0x80,0x80,0x80,0x7f,0x7f,0x7f,0x7f,0x7f,0x7f,0x7f,0x80,0x80,0x80,0x80,
  0x80,0x80,0x80,0x80,0x80,0x80,0x80,0x80,0x80,0x80,0x80,0x7f,0x7f,0x7e,0x7e,0x7e,0x7e,0x7e,0x7f,0x80,0x80,0x81,0x82,0x82,
  0x82,0x82,0x81,0x7f,0x7e,0x7d,0x7d,0x7c,0x7d,0x7e,0x7f,0x80,0x80,0x81,0x81,0x81,0x81,0x80,0x7f,0x7e,0x7d,0x7d,0x7d,0x7d,
  0x7e,0x7f,0x80,0x81,0x82,0x82,0x82,0x82,0x82,0x81,0x80,0x7f,0x7e,0x7e,0x7e,0x7f,0x7f,0x7f,0x80,0x80,0x81,0x81,0x81,0x81,
  0x81,0x80,0x7f,0x7e,0x7e,0x7d,0x7d,0x7d,0x7e,0x7e,0x7f,0x80,0x80,0x81,0x81,0x80,0x80,0x7f,0x7f,0x7f,0x7f,0x80,0x80,0x80,
  0x80,0x80,0x80,0x80,0x80,0x80,0x7f,0x7f,0x7f,0x7f,0x7f,0x7f,0x80,0x80,0x81,0x80,0x80,0x7f,0x7f,0x7e,0x7e,0x7e,0x7f,0x7f,
  0x80,0x80,0x81,0x81,0x82,0x82,0x81,0x80,0x80,0x7f,0x7e,0x7e,0x7d,0x7d,0x7e,0x7e,0x7f,0x80,0x81,0x82,0x82,0x82,0x82,0x81,
  0x81,0x80,0x7f,0x7e,0x7e,0x7d,0x7d,0x7d,0x7e,0x7f,0x80,0x81,0x82,0x81,0x81,0x80,0x7f,0x7e,0x7e,0x7d,0x7c,0x7c,0x7c,0x7d,
  0x7e,0x80,0x81,0x82,0x83,0x83,0x82,0x82,0x81,0x81,0x80,0x7f,0x7f,0x7f,0x7f,0x7f,0x7f,0x7f,0x80,0x80,0x80,0x80,0x7f,0x7f,
  0x7f,0x7f,0x7f,0x7f,0x7f,0x7f,0x7f,0x7f,0x7f,0x7f,0x7f,0x7f,0x7f,0x80,0x80,0x81,0x81,0x81,0x81,0x81,0x81,0x80,0x80,0x80,
  0x7f,0x7f,0x7f,0x7e,0x7d,0x7d,0x7d,0x7e,0x7e,0x7f,0x80,0x80,0x81,0x82,0x82,0x82,0x81,0x80,0x7f,0x7e,0x7d,0x7d,0x7d,0x7d,
  0x7e,0x7f,0x80,0x81,0x82,0x83,0x83,0x83,0x82,0x81,0x80,0x7f,0x7e,0x7e,0x7e,0x7e,0x7e,0x7e,0x7f,0x7f,0x80,0x80,0x81,0x81,
  0x81,0x81,0x80,0x7f,0x7f,0x7e,0x7d,0x7d,0x7d,0x7d,0x7d,0x7e,0x7f,0x80,0x81,0x81,0x82,0x82,0x82,0x81,0x81,0x81,0x80,0x80,
  0x7f,0x7f,0x7e,0x7e,0x7e,0x7e,0x7e,0x7e,0x7f,0x7f,0x80,0x81,0x82,0x82,0x82,0x81,0x80,0x7f,0x7e,0x7d,0x7c,0x7c,0x7c,0x7d,
  0x7e,0x80,0x81,0x82,0x83,0x84,0x84,0x83,0x82,0x81,0x7f,0x7e,0x7d,0x7d,0x7d,0x7d,0x7d,0x7e,0x7f,0x81,0x82,0x82,0x82,0x82,
  0x81,0x80,0x7f,0x7e,0x7d,0x7c,0x7b,0x7b,0x7c,0x7d,0x7e,0x80,0x81,0x82,0x83,0x83,0x82,0x81,0x80,0x7f,0x7f,0x7e,0x7e,0x7f,
  0x7f,0x80,0x80,0x81,0x81,0x81,0x80,0x80,0x80,0x7f,0x7f,0x80,0x80,0x80,0x80,0x81,0x80,0x80,0x7f,0x7e,0x7d,0x7c,0x7c,0x7c,
  0x7d,0x7e,0x7f,0x80,0x81,0x82,0x83,0x83,0x82,0x81,0x80,0x7f,0x7e,0x7d,0x7d,0x7d,0x7d,0x7e,0x7f,0x80,0x81,0x82,0x83,0x83,
  0x83,0x83,0x81,0x80,0x7e,0x7c,0x7b,0x7a,0x7a,0x7b,0x7d,0x7e,0x80,0x82,0x83,0x84,0x84,0x83,0x82,0x80,0x7f,0x7d,0x7c,0x7c,
  0x7d,0x7e,0x7f,0x80,0x82,0x83,0x83,0x83,0x83,0x82,0x81,0x7f,0x7e,0x7e,0x7d,0x7d,0x7d,0x7d,0x7d,0x7e,0x7e,0x7f,0x80,0x80,
  0x81,0x81,0x81,0x81,0x80,0x80,0x7f,0x7f,0x7f,0x7e,0x7e,0x7e,0x7f,0x7f,0x80,0x80,0x80,0x81,0x81,0x80,0x80,0x80,0x80,0x80,
  0x80,0x80,0x80,0x80,0x80,0x7f,0x7f,0x7f,0x7f,0x7e,0x7f,0x7f,0x7f,0x7f,0x80,0x80,0x81,0x81,0x81,0x80,0x80,0x7f,0x7f,0x7e,
  0x7e,0x7e,0x7e,0x7e,0x7f,0x80,0x81,0x81,0x82,0x82,0x82,0x82,0x81,0x80,0x7f,0x7e,0x7d,0x7d,0x7d,0x7d,0x7e,0x7e,0x7f,0x80,
  0x80,0x81,0x81,0x81,0x80,0x80,0x7f,0x7e,0x7e,0x7e,0x7e,0x7e,0x7e,0x7f,0x80,0x81,0x82,0x82,0x83,0x83,0x82,0x82,0x81,0x80,
  0x7f,0x7e,0x7e,0x7e,0x7d,0x7e,0x7e,0x7f,0x80,0x80,0x81,0x80,0x80,0x80,0x7f,0x7f,0x7e,0x7e,0x7e,0x7e,0x7f,0x7f,0x80,0x80,
  0x81,0x81,0x81,0x80,0x80,0x7f,0x7f,0x7f,0x7f,0x80,0x80,0x80,0x80,0x80,0x80,0x80,0x80,0x7f,0x7f,0x7e,0x7e,0x7e,0x7e,0x7f,
  0x7f,0x80,0x80,0x80,0x80,0x81,0x80,0x80,0x80,0x7f,0x7f,0x7f,0x7f,0x7f,0x7f,0x7f,0x80,0x80,0x81,0x81,0x81,0x82,0x82,0x81,
  0x81,0x80,0x7f,0x7f,0x7e,0x7e,0x7e,0x7e,0x7e,0x7f,0x7f,0x80,0x80,0x81,0x81,0x80,0x7f,0x7f,0x7f,0x7e,0x7e,0x7e,0x7e,0x7e,
  0x7f,0x7f,0x7f,0x80,0x80,0x80,0x80,0x80,0x81,0x81,0x81,0x81,0x81,0x81,0x80,0x80,0x7f,0x7f,0x7f,0x7f,0x7f,0x80,0x80,0x80,
  0x80,0x80,0x80,0x80,0x7f,0x7f,0x7e,0x7e,0x7e,0x7e,0x7f,0x7f,0x7f,0x7f,0x7f,0x7f,0x7f,0x7f,0x7f,0x80,0x80,0x80,0x81,0x81,
  0x81,0x81,0x81,0x80,0x80,0x7f,0x7f,0x7f,0x7f,0x7f,0x7f,0x7f,0x80,0x80,0x80,0x80,0x80,0x80,0x80,0x80,0x80,0x7f,0x7f,0x7f,
  0x7f,0x7f,0x7f,0x80,0x80,0x80,0x80,0x80,0x80,0x80,0x80,0x80,0x80,0x80,0x80,0x80,0x80,0x80,0x80,0x80,0x80,0x80,0x80,0x80,
  0x80,0x80,0x80,0x80,0x80,0x80,0x80,0x80,0x80,0x80,0x80,0x80,0x80,0x80,0x80,0x80,0x80,0x80,0x80,0x80,0x80,0x80,0x80,0x80,
  0x80,0x80,0x80,0x80,0x80,0x80,0x80,0x80,0x80,0x80,0x80,0x80,0x80,0x80,0x80,0x80,0x80,0x80,0x80,0x80,0x80,0x80,0x80,0x80,
  0x80,0x80,0x7f,0x7f,0x7f,0x7f,0x7f,0x7f,0x7f,0x7f,0x7f,0x7f,0x7f,0x7f,0x7f,0x7f,0x7f,0x7f,0x7f,0x7f,0x7f,0x7f,0x7f,0x7f,
  0x7f,0x7f,0x7f,0x7f,0x7f,0x7f,0x7f,0x7f,0x7f,0x80,0x80,0x80,0x80,0x80,0x80,0x80,0x80,0x80,0x80,0x80,0x80,0x80,0x7f,0x80,
  0x80,0x80,0x80,0x7f,0x7f,0x7f,0x7f,0x7f,0x7f,0x7f,0x7f,0x7f,0x7f,0x7f,0x7f,0x7f,0x7f,0x7f,0x7f,0x7f,0x7f,0x80,0x80,0x80,
  0x7f,0x7f,0x7f,0x7f,0x7f,0x80,0x80,0x80,0x7f,0x7f,0x7f,0x7f,0x7f,0x7f,0x80,0x80,0x7f,0x7f,0x7f,0x7f,0x7f,0x7f,0x7f,0x7f,
  0x7f,0x7f,0x7f,0x7f,0x7f,0x7f,0x7f,0x80,0x80,0x80,0x80,0x80,0x80,0x80,0x80,0x80,0x80,0x80,0x80,0x80,0x7f,0x7f,0x7f,0x7f,
  0x80,0x80,0x7f,0x7f,0x7f,0x7f,0x7f,0x7f,0x7f,0x7f,0x7f,0x7f,0x80,0x7f,0x7f,0x7f,0x7f,0x7f,0x7f,0x7f,0x7f,0x7f,0x7f,0x7f,
  0x80,0x80,0x80,0x80,0x80,0x80,0x80,0x80,0x80,0x80,0x80,0x80,0x80,0x80,0x7f,0x7f,0x7f,0x7f,0x7f,0x7f,0x7f,0x7f,0x7f,0x7f,
  0x80,0x80,0x80,0x80,0x80,0x7f,0x7f,0x7f,0x7f,0x7f,0x7f,0x7f,0x7f,0x7f,0x7f,0x7f,0x7f,0x7f,0x7f,0x7f,0x7f,0x80,0x80,0x80,
  0x80,0x80,0x80,0x80,0x7f,0x7f,0x7f,0x7f,0x7f,0x7f,0x7f,0x7f,0x7f,0x80,0x80,0x80,0x80,0x80,0x7f,0x7f,0x7f,0x7f,0x7f,0x7f,
  0x7f,0x7f,0x7f,0x7f,0x7f,0x80,0x80,0x80,0x80,0x80,0x80,0x80,0x80,0x80,0x80,0x80,0x80,0x7f,0x7f,0x7f,0x7f,0x7f,0x7f,0x7f,
  0x80,0x80,0x80,0x80,0x80,0x7f,0x7f,0x7f,0x7e,0x7e,0x7e,0x7e,0x7f,0x80,0x80,0x81,0x81,0x81,0x80,0x80,0x7f,0x7f,0x7f,0x7e,
  0x7e,0x7e,0x7f,0x7f,0x80,0x81,0x81,0x81,0x82,0x82,0x81,0x81,0x80,0x7f,0x7e,0x7d,0x7c,0x7c,0x7d,0x7d,0x7e,0x80,0x81,0x82,
  0x83,0x83,0x82,0x80,0x7f,0x7d,0x7b,0x7a,0x7a,0x7a,0x7b,0x7e,0x81,0x83,0x85,0x87,0x87,0x86,0x84,0x82,0x80,0x7d,0x7c,0x7b,
  0x7c,0x7d,0x7e,0x80,0x81,0x82,0x82,0x81,0x81,0x7f,0x7d,0x7c,0x7b,0x7b,0x7b,0x7b,0x7c,0x7d,0x7e,0x7f,0x80,0x81,0x82,0x83,
  0x83,0x83,0x83,0x82,0x82,0x81,0x81,0x81,0x81,0x80,0x80,0x81,0x81,0x81,0x80,0x80,0x7f,0x7d,0x7c,0x7b,0x7b,0x7b,0x7a,0x7b,
  0x7e,0x80,0x81,0x82,0x82,0x82,0x81,0x7f,0x7e,0x7d,0x7d,0x7d,0x7e,0x80,0x83,0x85,0x85,0x85,0x85,0x84,0x82,0x7f,0x7e,0x7d,
  0x7d,0x7d,0x7d,0x7e,0x7f,0x7e,0x7e,0x7d,0x7d,0x7d,0x7d,0x7e,0x80,0x82,0x83,0x83,0x83,0x82,0x80,0x7d,0x7b,0x79,0x79,0x78,
  0x7a,0x7d,0x80,0x83,0x85,0x87,0x88,0x87,0x85,0x82,0x7f,0x7d,0x7b,0x7b,0x7c,0x7d,0x80,0x82,0x84,0x85,0x85,0x85,0x83,0x80,
  0x7f,0x7d,0x7c,0x7b,0x7a,0x78,0x78,0x78,0x79,0x7a,0x7b,0x7d,0x80,0x82,0x84,0x85,0x85,0x84,0x83,0x81,0x80,0x80,0x80,0x82,
  0x85,0x88,0x8a,0x8b,0x8b,0x88,0x83,0x7d,0x78,0x74,0x72,0x70,0x72,0x77,0x7c,0x81,0x84,0x86,0x85,0x83,0x7f,0x7a,0x76,0x74,
  0x73,0x74,0x79,0x7f,0x85,0x8b,0x8f,0x91,0x92,0x8f,0x8c,0x88,0x83,0x7e,0x7b,0x79,0x78,0x78,0x79,0x7a,0x7c,0x7f,0x80,0x81,
  0x81,0x81,0x81,0x80,0x7c,0x79,0x78,0x77,0x76,0x77,0x79,0x7e,0x83,0x88,0x8c,0x8e,0x8e,0x8b,0x86,0x80,0x7a,0x76,0x75,0x76,
  0x7a,0x80,0x85,0x8b,0x8f,0x8f,0x8b,0x86,0x80,0x79,0x72,0x6d,0x6d,0x70,0x76,0x7c,0x84,0x8b,0x90,0x91,0x8e,0x89,0x82,0x7a,
  0x73,0x6e,0x6c,0x6c,0x6f,0x75,0x7d,0x84,0x88,0x8c,0x91,0x91,0x8f,0x8c,0x88,0x83,0x7f,0x7a,0x76,0x74,0x74,0x79,0x7e,0x83,
  0x88,0x8d,0x90,0x8e,0x89,0x83,0x7a,0x70,0x69,0x65,0x63,0x65,0x6c,0x75,0x7f,0x89,0x90,0x94,0x93,0x8f,0x88,0x7f,0x78,0x74,
  0x74,0x79,0x7f,0x87,0x90,0x97,0x9a,0x98,0x93,0x8c,0x84,0x7a,0x71,0x6a,0x66,0x67,0x6b,0x71,0x79,0x80,0x87,0x8c,0x8c,0x8a,
  0x86,0x80,0x7a,0x74,0x6f,0x6e,0x6f,0x74,0x7b,0x82,0x8b,0x95,0x9a,0x9f,0x9f,0x9b,0x94,0x8a,0x7f,0x73,0x6a,0x65,0x64,0x69,
  0x71,0x7a,0x84,0x8d,0x93,0x91,0x8e,0x89,0x81,0x77,0x6e,0x68,0x69,0x6a,0x6c,0x73,0x7d,0x86,0x8a,0x8c,0x8f,0x91,0x8e,0x87,
  0x83,0x82,0x80,0x7c,0x79,0x7c,0x7f,0x7f,0x7f,0x83,0x88,0x88,0x87,0x87,0x89,0x86,0x81,0x7d,0x7b,0x7a,0x77,0x77,0x79,0x7b,
  0x7e,0x7f,0x7f,0x7f,0x7f,0x7e,0x7b,0x7b,0x7e,0x80,0x81,0x84,0x89,0x8d,0x8e,0x8e,0x8b,0x88,0x84,0x80,0x7d,0x7c,0x7e,0x82,
  0x84,0x84,0x85,0x86,0x81,0x77,0x70,0x6e,0x6c,0x69,0x6c,0x75,0x7d,0x83,0x8a,0x8b,0x88,0x85,0x7f,0x78,0x75,0x74,0x74,0x7a,
  0x85,0x8d,0x93,0x98,0x9c,0x9e,0x9a,0x91,0x89,0x83,0x7a,0x71,0x6f,0x6e,0x6d,0x6e,0x70,0x75,0x79,0x7b,0x80,0x85,0x87,0x88,
  0x88,0x82,0x7b,0x75,0x6c,0x66,0x64,0x65,0x6c,0x79,0x86,0x93,0x9e,0xa4,0xa4,0x9d,0x8e,0x7e,0x73,0x6c,0x63,0x62,0x6f,0x7f,
  0x8d,0x99,0xa1,0xa4,0xa1,0x94,0x84,0x75,0x68,0x5f,0x5c,0x5f,0x69,0x73,0x7e,0x86,0x8b,0x8a,0x84,0x7d,0x76,0x6f,0x6a,0x69,
  0x6f,0x77,0x7d,0x82,0x8b,0x95,0x99,0x97,0x94,0x92,0x92,0x8d,0x86,0x84,0x84,0x81,0x7c,0x77,0x74,0x72,0x71,0x70,0x74,0x7c,
  0x80,0x85,0x88,0x88,0x83,0x7b,0x73,0x6f,0x6c,0x69,0x6b,0x73,0x81,0x8b,0x90,0x93,0x99,0x9b,0x96,0x8e,0x8a,0x89,0x86,0x84,
  0x82,0x81,0x7e,0x7b,0x78,0x74,0x70,0x6e,0x71,0x77,0x7d,0x83,0x88,0x8f,0x93,0x8e,0x83,0x79,0x71,0x6a,0x64,0x63,0x6c,0x7a,
  0x88,0x96,0xa0,0xa6,0xa5,0x9e,0x92,0x84,0x74,0x66,0x60,0x60,0x66,0x70,0x7f,0x8e,0x99,0x9d,0x98,0x90,0x85,0x73,0x62,0x55,
  0x51,0x54,0x59,0x62,0x72,0x86,0x92,0x96,0x98,0x9a,0x96,0x8a,0x7d,0x73,0x6c,0x66,0x65,0x6c,0x79,0x8a,0x9b,0xac,0xbb,0xc3,
  0xc1,0xb3,0x9f,0x8a,0x73,0x5a,0x48,0x45,0x4c,0x59,0x6a,0x80,0x98,0xa8,0xab,0xa6,0x9e,0x90,0x7a,0x60,0x4d,0x45,0x44,0x4a,
  0x5a,0x70,0x89,0x9f,0xae,0xb4,0xb1,0xa4,0x92,0x80,0x71,0x64,0x5f,0x66,0x74,0x85,0x94,0xa0,0xa9,0xad,0xa4,0x95,0x85,0x74,
  0x64,0x59,0x52,0x53,0x5a,0x64,0x71,0x7f,0x89,0x91,0x95,0x92,0x8b,0x7e,0x6c,0x60,0x5b,0x57,0x56,0x5d,0x6f,0x84,0x94,0x9c,
  0xa4,0xaa,0xa5,0x94,0x82,0x76,0x6e,0x65,0x5e,0x65,0x74,0x83,0x8d,0x98,0xa6,0xab,0xa3,0x99,0x8d,0x7e,0x6f,0x62,0x5b,0x5d,
  0x67,0x70,0x7a,0x89,0x92,0x95,0x93,0x8f,0x8c,0x89,0x7f,0x79,0x7b,0x7f,0x83,0x89,0x91,0x99,0x9b,0x97,0x90,0x8a,0x7f,0x72,
  0x69,0x62,0x5f,0x61,0x67,0x71,0x7d,0x89,0x94,0x9c,0x9e,0x98,0x8f,0x85,0x7a,0x72,0x6a,0x68,0x6e,0x79,0x8b,0x9b,0xaa,0xb7,
  0xbe,0xb9,0xa9,0x95,0x80,0x6a,0x57,0x4d,0x4d,0x56,0x67,0x7b,0x8e,0x9e,0xa8,0xa8,0x9a,0x87,0x73,0x5d,0x4b,0x43,0x46,0x50,
  0x5e,0x73,0x8b,0xa0,0xae,0xb5,0xb4,0xad,0x9e,0x87,0x70,0x5e,0x52,0x4d,0x51,0x5f,0x76,0x8c,0xa1,0xb2,0xb8,0xb2,0xa3,0x8c,
  0x74,0x5d,0x4b,0x41,0x42,0x4f,0x64,0x7b,0x92,0xa8,0xb5,0xb7,0xb0,0xa0,0x8d,0x75,0x5b,0x48,0x41,0x43,0x4b,0x5c,0x75,0x90,
  0xa3,0xac,0xae,0xaa,0x9c,0x86,0x70,0x5e,0x57,0x54,0x59,0x65,0x77,0x88,0x94,0x98,0x97,0x92,0x88,0x7a,0x6b,0x5e,0x54,0x50,
  0x51,0x59,0x64,0x6e,0x79,0x85,0x8f,0x93,0x8e,0x85,0x7c,0x74,0x6d,0x68,0x68,0x6f,0x78,0x84,0x92,0x9d,0xa5,0xaa,0xab,0xa7,
  0x9d,0x92,0x84,0x77,0x6e,0x68,0x63,0x64,0x6b,0x74,0x7b,0x82,0x8b,0x93,0x91,0x88,0x82,0x80,0x7c,0x77,0x77,0x77,0x78,0x7d,
  0x82,0x84,0x84,0x82,0x81,0x7e,0x79,0x77,0x77,0x78,0x7c,0x81,0x88,0x8b,0x8c,0x8d,0x8b,0x85,0x7d,0x78,0x77,0x76,0x76,0x7a,
  0x80,0x88,0x8f,0x93,0x95,0x95,0x92,0x8c,0x83,0x7a,0x74,0x6f,0x68,0x69,0x71,0x7a,0x82,0x8a,0x95,0x9d,0xa1,0xa0,0x9e,0x9a,
  0x8f,0x85,0x7f,0x78,0x72,0x6f,0x6e,0x71,0x77,0x7d,0x80,0x82,0x83,0x82,0x82,0x7f,0x7a,0x74,0x72,0x74,0x79,0x7c,0x80,0x86,
  0x8c,0x8e,0x8b,0x84,0x7e,0x78,0x6f,0x6a,0x6a,0x6f,0x78,0x7f,0x84,0x8f,0x9a,0x9b,0x96,0x92,0x8e,0x89,0x84,0x7e,0x7a,0x79,
  0x7a,0x7b,0x79,0x78,0x7b,0x7e,0x80,0x82,0x85,0x88,0x88,0x87,0x84,0x7f,0x7a,0x78,0x74,0x70,0x6b,0x6a,0x70,0x7a,0x83,0x8c,
  0x92,0x99,0x9d,0x9a,0x91,0x88,0x7f,0x78,0x6e,0x68,0x68,0x6e,0x76,0x80,0x8b,0x95,0x9e,0xa6,0xa9,0xa5,0x9c,0x93,0x85,0x71,
  0x5a,0x4b,0x44,0x40,0x45,0x55,0x6a,0x7e,0x93,0xa8,0xb3,0xb5,0xb1,0xa6,0x96,0x86,0x79,0x6e,0x68,0x68,0x72,0x7c,0x83,0x89,
  0x8f,0x90,0x88,0x7b,0x71,0x68,0x59,0x4e,0x4d,0x52,0x58,0x61,0x6d,0x7b,0x88,0x94,0x9f,0xa0,0x9c,0x96,0x8b,0x7c,0x6c,0x5f,
  0x58,0x59,0x65,0x77,0x8a,0x9e,0xae,0xb6,0xb4,0xa9,0x92,0x78,0x62,0x51,0x45,0x43,0x4e,0x62,0x7a,0x91,0xa6,0xb1,0xb2,0xab,
  0x9b,0x82,0x68,0x52,0x44,0x40,0x44,0x52,0x6b,0x8b,0xaa,0xc1,0xcf,0xd6,0xd5,0xc4,0xa7,0x8a,0x6f,0x57,0x46,0x3c,0x3c,0x4c,
  0x65,0x7e,0x96,0xad,0xbd,0xc1,0xb9,0xaa,0x95,0x7d,0x67,0x5a,0x54,0x57,0x61,0x72,0x87,0x96,0x9d,0x9c,0x95,0x86,0x6f,0x56,
  0x3f,0x35,0x33,0x36,0x44,0x5d,0x7e,0x9c,0xb3,0xc5,0xcd,0xc8,0xba,0xa6,0x90,0x79,0x66,0x5a,0x57,0x5d,0x6a,0x78,0x85,0x93,
  0x9a,0x96,0x8d,0x81,0x75,0x66,0x5c,0x58,0x5d,0x6a,0x77,0x83,0x90,0x9e,0xa6,0xa3,0x9b,0x95,0x8f,0x85,0x7a,0x73,0x73,0x72,
  0x6f,0x6f,0x75,0x7d,0x81,0x87,0x8f,0x93,0x90,0x8b,0x87,0x7e,0x72,0x69,0x69,0x6c,0x6e,0x73,0x7d,0x88,0x8f,0x91,0x90,0x8c,
  0x88,0x82,0x7b,0x78,0x7c,0x86,0x92,0x9d,0xa7,0xb0,0xb1,0xa7,0x95,0x7e,0x67,0x4f,0x3c,0x34,0x37,0x43,0x5a,0x71,0x87,0x98,
  0xa3,0xa4,0xa0,0x9b,0x92,0x85,0x7d,0x79,0x77,0x74,0x77,0x80,0x89,0x8b,0x8c,0x90,0x90,0x8c,0x85,0x7c,0x77,0x72,0x6b,0x65,
  0x66,0x6c,0x74,0x7c,0x84,0x8e,0x96,0x98,0x96,0x90,0x8a,0x80,0x74,0x6f,0x6d,0x6d,0x70,0x76,0x80,0x85,0x85,0x7c,0x72,0x68,
  0x5f,0x58,0x52,0x57,0x65,0x76,0x87,0x95,0xa5,0xb1,0xb0,0xa4,0x96,0x86,0x72,0x5f,0x53,0x51,0x56,0x64,0x79,0x8f,0xa3,0xb4,
  0xbd,0xbe,0xb6,0xa6,0x91,0x7a,0x68,0x55,0x47,0x43,0x46,0x4c,0x55,0x64,0x78,0x89,0x91,0x95,0x9b,0x9d,0x9b,0x92,0x87,0x85,
  0x84,0x7f,0x79,0x79,0x7b,0x7f,0x82,0x87,0x8d,0x93,0x98,0x98,0x95,0x91,0x8c,0x83,0x77,0x6c,0x69,0x67,0x63,0x63,0x67,0x6e,
  0x76,0x7c,0x81,0x87,0x8e,0x93,0x97,0x97,0x96,0x92,0x8b,0x82,0x76,0x69,0x5d,0x56,0x54,0x59,0x65,0x74,0x86,0x9c,0xad,0xb3,
  0xb2,0xab,0x9e,0x8a,0x77,0x6a,0x61,0x5e,0x60,0x66,0x71,0x7c,0x83,0x8a,0x90,0x93,0x97,0x98,0x96,0x92,0x8f,0x91,0x8f,0x89,
  0x84,0x82,0x82,0x7e,0x7a,0x78,0x7c,0x83,0x83,0x81,0x83,0x88,0x87,0x7d,0x78,0x79,0x77,0x75,0x76,0x79,0x7c,0x7f,0x81,0x7f,
  0x7b,0x7a,0x7d,0x7e,0x7a,0x7b,0x82,0x8b,0x8d,0x8a,0x89,0x8b,0x86,0x7a,0x6e,0x6b,0x6c,0x6c,0x6f,0x7a,0x8b,0x97,0x9d,0x9f,
  0x9e,0x96,0x89,0x79,0x6f,0x66,0x5f,0x60,0x68,0x70,0x72,0x77,0x81,0x89,0x8a,0x88,0x87,0x88,0x86,0x80,0x7c,0x77,0x74,0x74,
  0x75,0x79,0x7c,0x80,0x84,0x84,0x82,0x83,0x84,0x84,0x84,0x85,0x88,0x89,0x8d,0x8e,0x8d,0x8c,0x8d,0x8c,0x87,0x7f,0x77,0x75,
  0x75,0x71,0x70,0x72,0x74,0x76,0x73,0x70,0x74,0x76,0x74,0x76,0x7e,0x83,0x85,0x84,0x87,0x8d,0x8f,0x8e,0x8b,0x8c,0x90,0x91,
  0x8b,0x85,0x81,0x80,0x7e,0x7c,0x7d,0x7f,0x82,0x83,0x80,0x7c,0x78,0x72,0x72,0x74,0x75,0x78,0x7c,0x7e,0x7f,0x81,0x83,0x85,
  0x8a,0x8a,0x87,0x85,0x86,0x85,0x7d,0x73,0x70,0x73,0x72,0x71,0x77,0x82,0x90,0x99,0x9d,0xa0,0xa2,0x9e,0x90,0x84,0x78,0x6b,
  0x61,0x59,0x5b,0x63,0x6d,0x7b,0x8a,0x98,0xa1,0xa2,0xa0,0x9d,0x97,0x8e,0x85,0x7b,0x73,0x6f,0x6b,0x68,0x69,0x6f,0x76,0x7b,
  0x7e,0x81,0x87,0x89,0x87,0x87,0x88,0x86,0x7e,0x7b,0x79,0x75,0x72,0x72,0x77,0x81,0x8a,0x90,0x98,0x9f,0x9d,0x94,0x8b,0x83,
  0x78,0x6c,0x66,0x64,0x63,0x66,0x69,0x6b,0x72,0x7b,0x81,0x84,0x86,0x8c,0x94,0x95,0x92,0x8f,0x8d,0x8d,0x89,0x81,0x7a,0x71,
  0x6c,0x67,0x64,0x67,0x6f,0x78,0x80,0x89,0x90,0x93,0x92,0x8e,0x88,0x7c,0x6d,0x64,0x63,0x65,0x68,0x6e,0x7c,0x8f,0x9a,0xa1,
  0xa5,0xa4,0xa3,0x99,0x89,0x7d,0x75,0x6e,0x67,0x64,0x63,0x67,0x6b,0x6e,0x71,0x74,0x7a,0x83,0x85,0x82,0x7d,0x7d,0x7f,0x79,
  0x70,0x6d,0x72,0x78,0x7b,0x7e,0x85,0x8f,0x98,0xa0,0xa3,0xa4,0xa2,0x9e,0x97,0x8f,0x89,0x83,0x7b,0x75,0x72,0x70,0x6e,0x6b,
  0x68,0x66,0x6a,0x70,0x7a,0x84,0x8e,0x9b,0xa3,0xa3,0x9f,0x95,0x87,0x7b,0x70,0x68,0x63,0x65,0x6e,0x78,0x80,0x87,0x91,0x9a,
  0x9b,0x93,0x88,0x80,0x78,0x6d,0x66,0x65,0x6b,0x74,0x79,0x80,0x8d,0x99,0xa2,0xa7,0xa8,0xa7,0xa1,0x96,0x87,0x77,0x67,0x57,
  0x50,0x50,0x53,0x5e,0x70,0x85,0x97,0xa4,0xaa,0xa7,0xa1,0x97,0x88,0x79,0x6a,0x61,0x5f,0x5c,0x5c,0x66,0x79,0x8b,0x94,0x9d,
  0xa8,0xab,0xa6,0x9e,0x99,0x91,0x87,0x7d,0x73,0x6a,0x61,0x5b,0x5d,0x63,0x67,0x6a,0x72,0x7e,0x89,0x8c,0x8f,0x95,0x95,0x8b,
  0x7f,0x79,0x75,0x71,0x6a,0x65,0x69,0x72,0x7c,0x86,0x92,0x9d,0xa4,0xa9,0xa4,0x95,0x82,0x75,0x6b,0x5d,0x54,0x54,0x58,0x5a,
  0x5e,0x6b,0x7c,0x8b,0x97,0xa1,0xa8,0xab,0xa9,0xa3,0x9b,0x8e,0x7c,0x6a,0x5f,0x56,0x50,0x52,0x5c,0x6c,0x7b,0x8a,0x93,0x9a,
  0x9d,0x9a,0x8e,0x81,0x77,0x71,0x6a,0x66,0x6a,0x75,0x7a,0x7a,0x79,0x7b,0x81,0x82,0x7f,0x82,0x8f,0x98,0x97,0x98,0x99,0x95,
  0x8d,0x81,0x77,0x6d,0x63,0x60,0x65,0x6f,0x7b,0x88,0x96,0xa1,0xa4,0x9c,0x94,0x8c,0x81,0x74,0x6a,0x67,0x64,0x65,0x6a,0x6d,
  0x72,0x7e,0x8a,0x91,0x91,0x93,0x9b,0x9c,0x96,0x8f,0x8d,0x81,0x6d,0x5f,0x5f,0x64,0x63,0x65,0x72,0x88,0x96,0x9f,0xa7,0xae,
  0xae,0xa5,0x95,0x88,0x7f,0x78,0x72,0x74,0x79,0x7d,0x7d,0x7a,0x78,0x77,0x74,0x77,0x7e,0x83,0x83,0x85,0x8a,0x8e,0x8b,0x87,
  0x81,0x7a,0x73,0x6e,0x6f,0x6f,0x73,0x7a,0x86,0x8f,0x94,0x9a,0x9d,0x99,0x91,0x8a,0x85,0x78,0x69,0x65,0x6b,0x75,0x7b,0x82,
  0x8a,0x91,0x95,0x95,0x93,0x8f,0x8b,0x82,0x77,0x6d,0x6b,0x6e,0x6f,0x73,0x79,0x80,0x88,0x88,0x84,0x82,0x84,0x82,0x7b,0x75,
  0x71,0x71,0x74,0x79,0x80,0x87,0x91,0x9b,0xa0,0xa0,0x9b,0x94,0x88,0x79,0x6c,0x60,0x57,0x5a,0x64,0x71,0x80,0x8f,0x9e,0xa7,
  0xa5,0x9f,0x99,0x8d,0x77,0x67,0x5d,0x55,0x57,0x5e,0x6a,0x78,0x87,0x97,0xa0,0xa0,0x9d,0x99,0x95,0x89,0x7c,0x71,0x6a,0x65,
  0x61,0x62,0x68,0x70,0x78,0x80,0x87,0x90,0x97,0x95,0x91,0x90,0x8f,0x86,0x7c,0x7c,0x80,0x7e,0x7c,0x80,0x85,0x88,0x8b,0x88,
  0x85,0x86,0x88,0x88,0x83,0x7f,0x84,0x8c,0x8c,0x86,0x85,0x81,0x75,0x69,0x60,0x5e,0x5e,0x61,0x68,0x78,0x8b,0x98,0xa0,0xa5,
  0xab,0xac,0x9f,0x94,0x8a,0x81,0x70,0x63,0x5e,0x60,0x63,0x69,0x6e,0x7b,0x8f,0x99,0x9c,0x9f,0xa4,0xa2,0x98,0x85,0x77,0x70,
  0x69,0x5d,0x54,0x56,0x63,0x70,0x7e,0x8d,0x9c,0xa7,0xa8,0xa4,0x9d,0x8f,0x7e,0x70,0x69,0x5f,0x59,0x58,0x63,0x71,0x7c,0x84,
  0x89,0x92,0x9b,0x9e,0x99,0x90,0x8c,0x8a,0x83,0x7a,0x74,0x75,0x74,0x70,0x6f,0x72,0x78,0x78,0x78,0x7e,0x8c,0x95,0x98,0x98,
  0x96,0x90,0x82,0x74,0x6a,0x5f,0x57,0x57,0x5f,0x65,0x69,0x76,0x87,0x96,0x9d,0xa0,0xa2,0xa3,0x9f,0x95,0x88,0x7c,0x71,0x6a,
  0x61,0x5d,0x60,0x69,0x74,0x82,0x92,0xa0,0xaa,0xac,0xa9,0xa1,0x91,0x7f,0x6b,0x59,0x4f,0x4f,0x59,0x6b,0x7f,0x8e,0x9e,0xaa,
  0xaa,0xa4,0x97,0x8c,0x81,0x73,0x67,0x5d,0x5d,0x62,0x66,0x6a,0x72,0x7b,0x84,0x87,0x87,0x8b,0x93,0x93,0x8f,0x8a,0x84,0x7f,
  0x79,0x72,0x6c,0x6c,0x6f,0x72,0x76,0x7b,0x85,0x90,0x91,0x8e,0x8d,0x8a,0x86,0x81,0x81,0x81,0x7f,0x7f,0x7f,0x7b,0x73,0x6e,
  0x6e,0x6f,0x6d,0x6c,0x71,0x7d,0x8b,0x92,0x94,0x9e,0xa3,0x97,0x86,0x7a,0x6f,0x62,0x5c,0x5d,0x66,0x72,0x7b,0x8c,0x9d,0xa5,
  0xa7,0xa6,0xa0,0x95,0x87,0x7d,0x77,0x72,0x6a,0x68,0x6d,0x75,0x7d,0x85,0x91,0x99,0x9c,0x9c,0x97,0x91,0x87,0x7e,0x75,0x70,
  0x6b,0x65,0x67,0x6c,0x72,0x79,0x82,0x8e,0x96,0x98,0x95,0x92,0x8f,0x8b,0x86,0x84,0x81,0x7f,0x7f,0x82,0x86,0x86,0x83,0x81,
  0x82,0x7b,0x75,0x73,0x75,0x77,0x7b,0x80,0x87,0x90,0x92,0x8f,0x88,0x80,0x75,0x6a,0x5e,0x5a,0x5d,0x63,0x6f,0x7c,0x87,0x8d,
  0x95,0x99,0x93,0x88,0x81,0x7a,0x6f,0x62,0x5a,0x5c,0x5f,0x67,0x72,0x81,0x8a,0x90,0x95,0x98,0x98,0x8e,0x82,0x79,0x72,0x6a,
  0x60,0x5b,0x5e,0x65,0x6e,0x77,0x86,0x95,0x9e,0xa1,0x9f,0x9b,0x92,0x83,0x73,0x68,0x63,0x61,0x63,0x6f,0x7f,0x89,0x8f,0x9a,
  0xa1,0x9f,0x96,0x8a,0x7f,0x76,0x6e,0x6b,0x6d,0x74,0x7d,0x87,0x91,0x96,0x9a,0x99,0x91,0x87,0x80,0x79,0x71,0x6e,0x6c,0x6e,
  0x75,0x7f,0x88,0x8f,0x92,0x95,0x94,0x90,0x89,0x83,0x78,0x70,0x6c,0x6b,0x6d,0x70,0x74,0x7b,0x86,0x8a,0x8c,0x90,0x92,0x8d,
  0x82,0x78,0x74,0x6f,0x67,0x60,0x63,0x6f,0x79,0x80,0x88,0x93,0x99,0x98,0x92,0x8b,0x84,0x7b,0x72,0x6a,0x67,0x6b,0x72,0x77,
  0x7b,0x82,0x8a,0x8d,0x8b,0x88,0x88,0x85,0x80,0x7d,0x7d,0x79,0x72,0x6e,0x6e,0x6e,0x6e,0x6f,0x74,0x7b,0x82,0x8a,0x90,0x93,
  0x92,0x8e,0x86,0x7d,0x75,0x6f,0x69,0x65,0x6a,0x75,0x7c,0x80,0x88,0x91,0x92,0x8b,0x83,0x7d,0x77,0x71,0x6d,0x6e,0x74,0x7a,
  0x7e,0x81,0x8a,0x8e,0x8c,0x85,0x82,0x7e,0x7a,0x73,0x70,0x72,0x78,0x7f,0x82,0x86,0x89,0x8a,0x8d,0x8b,0x86,0x81,0x7c,0x7a,
  0x75,0x6e,0x6c,0x72,0x77,0x79,0x7d,0x83,0x8e,0x94,0x94,0x8e,0x85,0x7d,0x73,0x68,0x5d,0x5d,0x66,0x6d,0x74,0x7f,0x8e,0x96,
  0x99,0x96,0x93,0x90,0x89,0x7c,0x70,0x6d,0x6f,0x6f,0x77,0x83,0x8c,0x92,0x94,0x97,0x97,0x92,0x8c,0x87,0x87,0x84,0x80,0x7a,
  0x7b,0x7c,0x79,0x73,0x6d,0x70,0x72,0x71,0x6e,0x73,0x7e,0x84,0x84,0x85,0x8b,0x8e,0x8c,0x86,0x83,0x7e,0x78,0x70,0x6e,0x72,
  0x78,0x7c,0x82,0x8a,0x8e,0x94,0x96,0x98,0x99,0x95,0x8a,0x7d,0x72,0x68,0x61,0x5d,0x5f,0x66,0x70,0x7b,0x86,0x93,0x9e,0xa3,
  0xa0,0x9b,0x97,0x8c,0x7b,0x6c,0x65,0x66,0x67,0x67,0x70,0x82,0x91,0x97,0x9d,0xa2,0x9f,0x92,0x83,0x78,0x71,0x6c,0x68,0x69,
  0x6c,0x73,0x7a,0x81,0x89,0x90,0x96,0x98,0x95,0x92,0x8e,0x89,0x86,0x85,0x83,0x80,0x80,0x80,0x7d,0x7c,0x7c,0x80,0x81,0x7c,
  0x76,0x74,0x76,0x75,0x73,0x74,0x7b,0x85,0x8b,0x8e,0x90,0x93,0x92,0x8d,0x80,0x71,0x68,0x63,0x5e,0x61,0x6c,0x7b,0x88,0x94,
  0x9e,0xa7,0xa7,0x9f,0x92,0x83,0x75,0x66,0x5c,0x5a,0x61,0x69,0x6f,0x79,0x8a,0x98,0x9d,0x9d,0xa0,0xa3,0x9d,0x90,0x80,0x72,
  0x67,0x5b,0x52,0x52,0x59,0x62,0x6c,0x79,0x88,0x93,0x99,0x99,0x95,0x8d,0x80,0x73,0x69,0x64,0x60,0x5e,0x62,0x6d,0x7a,0x84,
  0x8c,0x94,0x9c,0xa1,0xa0,0x9c,0x96,0x92,0x8f,0x89,0x80,0x79,0x73,0x6f,0x66,0x62,0x64,0x6b,0x71,0x77,0x7f,0x87,0x8c,0x8d,
  0x8a,0x82,0x78,0x70,0x68,0x61,0x5e,0x61,0x6e,0x7c,0x85,0x8d,0x93,0x94,0x91,0x8c,0x84,0x7c,0x76,0x74,0x76,0x78,0x7d,0x82,
  0x85,0x87,0x86,0x81,0x7c,0x7c,0x7a,0x77,0x74,0x73,0x76,0x7a,0x7e,0x81,0x88,0x8c,0x8f,0x90,0x8b,0x85,0x7f,0x77,0x6f,0x68,
  0x62,0x5e,0x62,0x67,0x6f,0x7e,0x8d,0x9a,0xa5,0xa6,0x9e,0x91,0x86,0x77,0x62,0x51,0x4d,0x54,0x5e,0x6c,0x82,0x9c,0xad,0xb9,
  0xbe,0xb8,0xa8,0x93,0x7b,0x64,0x53,0x49,0x45,0x4c,0x5f,0x76,0x8d,0x9f,0xad,0xb3,0xac,0xa3,0x96,0x86,0x74,0x63,0x58,0x54,
  0x57,0x5e,0x67,0x79,0x8b,0x98,0x9f,0xa3,0xa1,0x95,0x84,0x77,0x6a,0x61,0x5d,0x5b,0x61,0x6f,0x80,0x8e,0x96,0x9e,0xa4,0xa4,
  0x9c,0x90,0x88,0x7f,0x77,0x72,0x73,0x75,0x7c,0x85,0x8a,0x8e,0x91,0x90,0x8c,0x85,0x7d,0x74,0x6f,0x6b,0x6b,0x6f,0x76,0x7d,
  0x84,0x8c,0x90,0x8f,0x89,0x81,0x79,0x71,0x6c,0x6b,0x69,0x6e,0x79,0x85,0x8f,0x96,0xa0,0x9f,0x98,0x91,0x8a,0x81,0x78,0x70,
  0x6f,0x72,0x77,0x7c,0x85,0x89,0x8b,0x8e,0x8e,0x90,0x8d,0x87,0x81,0x7e,0x7a,0x72,0x6c,0x6a,0x69,0x67,0x6a,0x70,0x79,0x83,
  0x8b,0x90,0x95,0x9a,0x99,0x92,0x8a,0x82,0x79,0x74,0x73,0x78,0x7c,0x82,0x89,0x91,0x94,0x93,0x92,0x8e,0x8b,0x8c,0x90,0x90,
  0x8b,0x88,0x80,0x76,0x6d,0x67,0x60,0x5d,0x61,0x69,0x75,0x82,0x8c,0x97,0x9f,0xa2,0x9e,0x94,0x88,0x7d,0x71,0x69,0x66,0x64,
  0x69,0x72,0x7c,0x86,0x8e,0x96,0x98,0x96,0x93,0x91,0x8b,0x84,0x7e,0x76,0x6a,0x64,0x66,0x68,0x69,0x6d,0x79,0x87,0x91,0x96,
  0x98,0x97,0x93,0x8e,0x84,0x79,0x74,0x71,0x69,0x65,0x6b,0x75,0x7d,0x7f,0x7f,0x81,0x83,0x82,0x7e,0x7a,0x7a,0x7c,0x80,0x81,
  0x85,0x88,0x89,0x86,0x82,0x7f,0x78,0x73,0x6f,0x6d,0x73,0x77,0x7b,0x80,0x84,0x8b,0x8e,0x91,0x94,0x92,0x8c,0x83,0x79,0x71,
  0x6b,0x66,0x60,0x5f,0x65,0x6d,0x73,0x79,0x84,0x90,0x98,0x9c,0x9c,0x96,0x8b,0x7f,0x75,0x6d,0x66,0x5f,0x5f,0x62,0x6a,0x77,
  0x80,0x87,0x8e,0x94,0x95,0x91,0x8b,0x87,0x7e,0x70,0x6a,0x69,0x66,0x65,0x6a,0x76,0x83,0x8c,0x95,0xa0,0xa4,0xa1,0x9d,0x9b,
  0x92,0x83,0x73,0x66,0x5d,0x57,0x54,0x55,0x5c,0x69,0x76,0x7f,0x88,0x93,0x9a,0x96,0x91,0x8d,0x89,0x85,0x7c,0x7a,0x7d,0x81,
  0x83,0x85,0x87,0x89,0x87,0x84,0x84,0x82,0x7f,0x7c,0x7a,0x7a,0x7d,0x7d,0x7d,0x82,0x88,0x89,0x83,0x7d,0x7a,0x77,0x6d,0x65,
  0x66,0x6f,0x74,0x76,0x7e,0x8b,0x92,0x94,0x94,0x92,0x8d,0x84,0x7b,0x74,0x6d,0x67,0x66,0x66,0x69,0x75,0x81,0x8c,0x98,0xa7,
  0xad,0xac,0xa5,0x9e,0x93,0x81,0x6e,0x5d,0x55,0x56,0x5a,0x61,0x71,0x86,0x96,0x9e,0xa0,0xa0,0x9d,0x92,0x83,0x75,0x6a,0x65,
  0x5d,0x55,0x56,0x5f,0x68,0x6e,0x79,0x86,0x8f,0x92,0x9a,0xa3,0xa2,0x9b,0x98,0x94,0x8d,0x82,0x79,0x72,0x70,0x70,0x71,0x74,
  0x7c,0x87,0x8f,0x91,0x94,0x96,0x94,0x8c,0x87,0x81,0x78,0x72,0x71,0x73,0x71,0x71,0x76,0x80,0x86,0x88,0x8a,0x8f,0x93,0x93,
  0x90,0x8a,0x84,0x7e,0x77,0x6d,0x68,0x67,0x6c,0x74,0x7a,0x7f,0x87,0x8e,0x91,0x93,0x94,0x91,0x8b,0x85,0x7f,0x78,0x72,0x73,
  0x79,0x7c,0x7f,0x84,0x8a,0x8a,0x89,0x86,0x7e,0x7b,0x7d,0x7d,0x7a,0x7a,0x83,0x8d,0x90,0x90,0x91,0x8f,0x84,0x75,0x6b,0x63,
  0x5b,0x5b,0x64,0x71,0x82,0x94,0xa1,0xa9,0xac,0xa4,0x95,0x87,0x7b,0x6f,0x62,0x59,0x5c,0x63,0x6a,0x74,0x86,0x9b,0xaa,0xb3,
  0xb4,0xb1,0xa9,0x97,0x82,0x70,0x63,0x58,0x53,0x57,0x61,0x71,0x87,0x9c,0xaa,0xb2,0xb2,0xa8,0x96,0x7f,0x6a,0x57,0x46,0x43,
  0x4c,0x57,0x65,0x79,0x8d,0x9e,0xa7,0xa7,0xa2,0x9a,0x8e,0x80,0x72,0x68,0x6a,0x6d,0x6f,0x79,0x89,0x94,0x99,0x9b,0x9b,0x93,
  0x86,0x79,0x6e,0x66,0x60,0x60,0x67,0x71,0x7d,0x86,0x90,0x99,0x9b,0x90,0x81,0x75,0x6a,0x5c,0x53,0x57,0x63,0x72,0x82,0x90,
  0x9a,0xa1,0xa5,0x9e,0x8f,0x81,0x75,0x68,0x59,0x56,0x5d,0x68,0x75,0x83,0x8c,0x95,0x9d,0xa1,0x9e,0x94,0x8a,0x7e,0x71,0x68,
  0x62,0x5f,0x62,0x6c,0x78,0x83,0x8c,0x94,0x99,0x97,0x91,0x84,0x76,0x6b,0x64,0x60,0x61,0x68,0x76,0x83,0x8e,0x94,0x97,0x94,
  0x8d,0x85,0x7b,0x70,0x67,0x67,0x6c,0x73,0x7e,0x8b,0x97,0xa0,0x9f,0x96,0x8c,0x82,0x76,0x65,0x58,0x54,0x56,0x5c,0x66,0x75,
  0x86,0x96,0xa2,0xa6,0xa4,0x9d,0x90,0x82,0x73,0x67,0x60,0x5e,0x5f,0x68,0x75,0x84,0x94,0x9f,0xa4,0xa2,0x9a,0x8b,0x7b,0x6e,
  0x61,0x55,0x52,0x56,0x60,0x6e,0x7d,0x8b,0x98,0xa2,0xa5,0xa2,0x9b,0x90,0x87,0x7f,0x77,0x74,0x73,0x74,0x7a,0x81,0x83,0x85,
  0x8c,0x90,0x89,0x80,0x7d,0x7c,0x76,0x6e,0x6b,0x6d,0x74,0x7b,0x81,0x87,0x8d,0x93,0x92,0x87,0x7d,0x78,0x71,0x69,0x6a,0x6f,
  0x73,0x78,0x81,0x8c,0x93,0x97,0x9c,0x9e,0x99,0x91,0x87,0x7d,0x74,0x6f,0x6d,0x72,0x78,0x81,0x8a,0x91,0x98,0x9b,0x9d,0x99,
  0x8d,0x7d,0x70,0x68,0x64,0x61,0x63,0x6d,0x79,0x85,0x8f,0x96,0x99,0x98,0x96,0x8e,0x86,0x82,0x78,0x6e,0x6b,0x6e,0x6f,0x6c,
  0x6f,0x79,0x83,0x8a,0x91,0x98,0x9c,0x9b,0x95,0x8e,0x89,0x83,0x7d,0x78,0x74,0x76,0x78,0x7a,0x7d,0x81,0x86,0x89,0x87,0x7f,
  0x78,0x6f,0x6c,0x6a,0x6b,0x73,0x7e,0x88,0x94,0x9d,0xa3,0xa4,0xa2,0x9e,0x95,0x88,0x79,0x71,0x6d,0x6b,0x6a,0x6d,0x73,0x79,
  0x7d,0x81,0x85,0x89,0x8a,0x85,0x84,0x83,0x80,0x81,0x7e,0x80,0x84,0x85,0x85,0x87,0x88,0x88,0x88,0x89,0x86,0x7f,0x78,0x75,
  0x75,0x73,0x72,0x74,0x76,0x79,0x7c,0x83,0x89,0x8e,0x93,0x98,0x96,0x8e,0x85,0x7e,0x77,0x72,0x6f,0x6e,0x72,0x79,0x7f,0x81,
  0x84,0x87,0x86,0x81,0x7b,0x79,0x7b,0x7f,0x84,0x89,0x8d,0x91,0x91,0x8e,0x89,0x84,0x7e,0x7b,0x77,0x6f,0x6c,0x6f,0x72,0x74,
  0x78,0x7d,0x82,0x83,0x82,0x85,0x88,0x87,0x86,0x87,0x88,0x83,0x7c,0x7c,0x7f,0x7d,0x7a,0x79,0x79,0x7b,0x79,0x76,0x75,0x79,
  0x7c,0x7d,0x7e,0x83,0x88,0x8a,0x8c,0x8f,0x8e,0x8c,0x8b,0x85,0x7c,0x77,0x74,0x74,0x72,0x6e,0x6b,0x6f,0x76,0x79,0x7e,0x87,
  0x8c,0x8d,0x8b,0x87,0x83,0x7d,0x76,0x72,0x73,0x77,0x7d,0x85,0x8c,0x94,0x99,0x99,0x94,0x8a,0x7e,0x72,0x67,0x60,0x5f,0x61,
  0x65,0x6e,0x7c,0x8a,0x95,0x9a,0x99,0x97,0x93,0x8c,0x80,0x78,0x77,0x79,0x78,0x75,0x74,0x76,0x78,0x7a,0x7b,0x7e,0x82,0x82,
  0x80,0x7f,0x7d,0x7c,0x7d,0x80,0x82,0x84,0x8b,0x90,0x91,0x8f,0x8c,0x84,0x78,0x6a,0x60,0x5c,0x5c,0x63,0x6f,0x7f,0x8d,0x98,
  0xa1,0xa6,0xa0,0x96,0x8a,0x7d,0x70,0x66,0x5e,0x5d,0x66,0x73,0x7d,0x83,0x8b,0x95,0x98,0x95,0x8f,0x89,0x81,0x78,0x6c,0x63,
  0x62,0x66,0x6d,0x76,0x81,0x8d,0x9b,0xa4,0xa5,0x9f,0x96,0x8c,0x7d,0x6d,0x64,0x61,0x61,0x65,0x6b,0x73,0x7d,0x84,0x86,0x86,
  0x87,0x88,0x88,0x87,0x86,0x89,0x8f,0x92,0x92,0x92,0x91,0x8b,0x80,0x78,0x70,0x69,0x64,0x64,0x69,0x6e,0x72,0x7c,0x88,0x90,
  0x96,0x98,0x99,0x99,0x91,0x86,0x7c,0x77,0x73,0x70,0x6e,0x71,0x7d,0x88,0x8f,0x94,0x97,0x95,0x8c,0x81,0x77,0x70,0x6a,0x68,
  0x69,0x6f,0x7a,0x86,0x8d,0x93,0x98,0x9a,0x97,0x8e,0x82,0x77,0x6e,0x67,0x65,0x67,0x69,0x72,0x83,0x92,0x9a,0xa0,0xa5,0xa3,
  0x95,0x84,0x76,0x6b,0x62,0x60,0x66,0x74,0x84,0x91,0x9c,0xa3,0xa5,0x9f,0x94,0x84,0x6f,0x5e,0x55,0x53,0x58,0x64,0x73,0x84,
  0x98,0xa5,0xa9,0xa6,0xa0,0x96,0x88,0x79,0x6b,0x61,0x5b,0x5b,0x63,0x6e,0x7a,0x87,0x94,0x9e,0x9f,0x99,0x90,0x83,0x73,0x66,
  0x61,0x62,0x68,0x76,0x89,0x9a,0xa5,0xac,0xae,0xa6,0x95,0x82,0x70,0x5c,0x48,0x3e,0x40,0x4b,0x5b,0x72,0x8e,0xa6,0xb3,0xb8,
  0xb8,0xaf,0x9d,0x87,0x72,0x62,0x57,0x50,0x4e,0x57,0x6b,0x7d,0x8d,0x9d,0xaa,0xb0,0xaa,0x9c,0x8d,0x7d,0x6c,0x5c,0x53,0x56,
  0x60,0x6d,0x7b,0x8c,0x9e,0xa8,0xa8,0xa3,0x9c,0x90,0x81,0x71,0x63,0x5e,0x5c,0x5c,0x62,0x71,0x81,0x8b,0x93,0x9b,0x9d,0x96,
  0x8b,0x83,0x7d,0x76,0x70,0x70,0x76,0x7e,0x88,0x91,0x95,0x91,0x8c,0x86,0x7b,0x6e,0x63,0x5c,0x5b,0x5f,0x67,0x75,0x85,0x94,
  0xa0,0xa8,0xab,0xa8,0xa1,0x94,0x84,0x77,0x6b,0x5f,0x57,0x55,0x55,0x5b,0x6a,0x7b,0x8d,0x9c,0xa8,0xb1,0xb0,0xa7,0x98,0x88,
  0x78,0x6a,0x60,0x59,0x57,0x60,0x6f,0x7d,0x85,0x8b,0x93,0x95,0x8f,0x88,0x82,0x7c,0x78,0x76,0x76,0x77,0x77,0x79,0x7e,0x80,
  0x7f,0x82,0x88,0x8d,0x8e,0x91,0x94,0x97,0x95,0x8e,0x87,0x7f,0x78,0x6f,0x65,0x5d,0x5c,0x5f,0x61,0x66,0x6e,0x78,0x86,0x91,
  0x96,0x96,0x9a,0xa0,0x9e,0x94,0x88,0x82,0x7c,0x71,0x64,0x5d,0x5c,0x5c,0x5d,0x65,0x75,0x85,0x91,0x9e,0xab,0xb2,0xb2,0xa7,
  0x9a,0x8a,0x7b,0x6c,0x5d,0x53,0x52,0x5a,0x61,0x6c,0x79,0x88,0x94,0x99,0x9c,0x9e,0x99,0x91,0x88,0x80,0x7a,0x75,0x70,0x6c,
  0x6b,0x6d,0x70,0x75,0x7b,0x82,0x8a,0x92,0x97,0x9a,0x97,0x91,0x8b,0x83,0x77,0x69,0x62,0x61,0x64,0x6a,0x71,0x7a,0x86,0x92,
  0x9c,0x9e,0x9c,0x9a,0x9a,0x95,0x8b,0x81,0x7b,0x75,0x6e,0x65,0x60,0x5f,0x5f,0x62,0x6a,0x7b,0x8e,0x9e,0xab,0xb5,0xb6,0xae,
  0xa0,0x8d,0x76,0x61,0x50,0x43,0x3f,0x44,0x54,0x67,0x7b,0x8f,0xa1,0xaa,0xaa,0xa5,0x9c,0x90,0x81,0x72,0x6a,0x68,0x69,0x6c,
  0x72,0x7b,0x87,0x8e,0x91,0x94,0x97,0x97,0x92,0x8b,0x84,0x7c,0x74,0x6e,0x6d,0x6d,0x6f,0x77,0x7f,0x83,0x83,0x85,0x87,0x84,
  0x7e,0x7b,0x75,0x6f,0x6b,0x6f,0x77,0x7d,0x84,0x8c,0x90,0x8e,0x88,0x82,0x79,0x6e,0x66,0x68,0x72,0x7e,0x8d,0x9e,0xad,0xb4,
  0xb4,0xa8,0x95,0x81,0x6d,0x5a,0x4c,0x46,0x49,0x52,0x64,0x7a,0x91,0xa1,0xaa,0xac,0xa7,0x9a,0x87,0x78,0x6c,0x63,0x5f,0x62,
  0x68,0x73,0x80,0x8b,0x93,0x96,0x94,0x90,0x89,0x7d,0x72,0x6a,0x66,0x68,0x6f,0x78,0x81,0x8e,0x9a,0xa2,0xa1,0x9a,0x8f,0x80,
  0x70,0x60,0x56,0x53,0x56,0x5f,0x6c,0x7e,0x92,0xa5,0xb1,0xb2,0xaa,0x9c,0x88,0x72,0x5e,0x54,0x54,0x5b,0x66,0x77,0x8a,0x9b,
  0xa7,0xae,0xad,0xa2,0x90,0x7c,0x6a,0x5b,0x51,0x51,0x5c,0x6c,0x7d,0x8b,0x99,0xa5,0xa9,0xa3,0x95,0x87,0x78,0x6a,0x61,0x5e,
  0x62,0x6c,0x79,0x88,0x94,0x9a,0x9d,0x9d,0x98,0x8a,0x7a,0x6b,0x60,0x5b,0x5e,0x69,0x7c,0x8f,0x9e,0xaa,0xb1,0xae,0xa2,0x91,
  0x7a,0x60,0x4a,0x3a,0x34,0x3b,0x4c,0x66,0x87,0xa8,0xbe,0xc8,0xc8,0xc1,0xaf,0x92,0x72,0x59,0x49,0x41,0x44,0x52,0x68,0x84,
  0x9b,0xad,0xb9,0xbc,0xb6,0xa8,0x93,0x7c,0x65,0x54,0x4c,0x4b,0x51,0x5f,0x71,0x85,0x98,0xa5,0xa6,0xa1,0x97,0x8b,0x7b,0x67,
  0x57,0x4e,0x50,0x58,0x67,0x7b,0x91,0xa3,0xaf,0xb0,0xa8,0x9b,0x8a,0x76,0x66,0x5b,0x5a,0x61,0x6c,0x7c,0x8e,0x9e,0xa6,0xa7,
  0x9f,0x92,0x82,0x71,0x65,0x5e,0x5a,0x5d,0x66,0x74,0x81,0x8b,0x95,0x9d,0x9b,0x94,0x89,0x7f,0x77,0x71,0x6d,0x6a,0x69,0x6b,
  0x72,0x77,0x7b,0x82,0x8c,0x92,0x91,0x8b,0x85,0x81,0x7d,0x77,0x71,0x71,0x76,0x7b,0x7f,0x86,0x8e,0x90,0x8e,0x8a,0x83,0x77,
  0x6a,0x63,0x63,0x68,0x6f,0x7a,0x8a,0x99,0xa2,0xa6,0xa7,0xa2,0x95,0x83,0x71,0x63,0x5c,0x5b,0x60,0x6a,0x77,0x83,0x90,0x9b,
  0xa0,0x9d,0x98,0x90,0x83,0x72,0x63,0x5f,0x63,0x68,0x6d,0x75,0x7e,0x87,0x8b,0x8c,0x8c,0x8e,0x91,0x92,0x8f,0x88,0x84,0x82,
  0x80,0x7c,0x77,0x77,0x79,0x7a,0x7a,0x7e,0x84,0x87,0x87,0x84,0x83,0x83,0x7f,0x7e,0x7f,0x80,0x80,0x7e,0x7e,0x7e,0x7b,0x72,
  0x6a,0x67,0x65,0x61,0x63,0x71,0x88,0x9b,0xa9,0xb3,0xb7,0xb4,0xa6,0x8f,0x77,0x64,0x56,0x4d,0x4b,0x50,0x60,0x79,0x95,0xa9,
  0xb2,0xb6,0xb5,0xaa,0x97,0x80,0x6a,0x5b,0x52,0x4a,0x49,0x51,0x5f,0x70,0x7e,0x8b,0x94,0x9a,0xa0,0xa3,0xa2,0x99,0x8f,0x84,
  0x75,0x65,0x5a,0x57,0x5d,0x66,0x73,0x82,0x93,0xa1,0xa9,0xaa,0xa5,0x9c,0x90,0x7f,0x6e,0x62,0x5d,0x62,0x6d,0x79,0x83,0x8c,
  0x92,0x94,0x8e,0x86,0x7f,0x79,0x76,0x74,0x73,0x76,0x7e,0x86,0x89,0x89,0x86,0x84,0x82,0x7c,0x75,0x72,0x74,0x75,0x75,0x76,
  0x7a,0x81,0x88,0x8e,0x92,0x91,0x8e,0x8a,0x87,0x82,0x7c,0x74,0x6b,0x65,0x61,0x5d,0x62,0x70,0x83,0x95,0xa2,0xab,0xb2,0xad,
  0x9e,0x89,0x75,0x66,0x57,0x4a,0x45,0x4e,0x63,0x7d,0x95,0xa8,0xb4,0xb8,0xb2,0xa1,0x8a,0x72,0x5f,0x51,0x4a,0x4e,0x5b,0x68,
  0x79,0x8c,0x99,0x9c,0x9b,0x9b,0x95,0x89,0x80,0x7b,0x76,0x6f,0x6a,0x6a,0x70,0x78,0x82,0x8a,0x91,0x96,0x98,0x97,0x92,0x8c,
  0x83,0x7b,0x73,0x6c,0x69,0x6a,0x71,0x7c,0x85,0x8b,0x8c,0x88,0x82,0x77,0x6a,0x61,0x5f,0x64,0x6a,0x71,0x7e,0x92,0xa3,0xac,
  0xaa,0xa3,0x99,0x88,0x73,0x5e,0x54,0x55,0x5a,0x65,0x7a,0x91,0xa2,0xb0,0xb9,0xb7,0xaa,0x95,0x82,0x71,0x62,0x57,0x52,0x58,
  0x62,0x6a,0x73,0x82,0x92,0x9b,0x9e,0x9d,0x96,0x8d,0x82,0x78,0x6e,0x68,0x66,0x68,0x6d,0x73,0x7a,0x83,0x8b,0x91,0x94,0x92,
  0x8d,0x86,0x80,0x7a,0x79,0x7d,0x83,0x89,0x8c,0x8c,0x88,0x84,0x7f,0x76,0x6c,0x68,0x69,0x6e,0x73,0x7e,0x8e,0x9e,0xa8,0xad,
  0xac,0xa5,0x96,0x7f,0x66,0x51,0x41,0x39,0x3e,0x4d,0x65,0x84,0xa3,0xb7,0xc0,0xc1,0xba,0xa9,0x92,0x7b,0x65,0x54,0x47,0x45,
  0x4c,0x58,0x68,0x7f,0x95,0xa5,0xae,0xb0,0xab,0xa1,0x93,0x83,0x75,0x69,0x60,0x5c,0x5d,0x67,0x76,0x83,0x8e,0x97,0x9d,0x9d,
  0x96,0x8a,0x81,0x79,0x71,0x6b,0x6c,0x75,0x7d,0x83,0x87,0x89,0x86,0x7e,0x73,0x6a,0x67,0x67,0x68,0x6c,0x76,0x82,0x91,0xa1,
  0xae,0xb2,0xae,0xa0,0x8b,0x72,0x59,0x47,0x40,0x45,0x50,0x62,0x7c,0x99,0xb1,0xc2,0xc9,0xc9,0xc2,0xae,0x92,0x73,0x59,0x45,
  0x37,0x32,0x39,0x4a,0x60,0x7c,0x98,0xae,0xbc,0xbb,0xb0,0xa0,0x8c,0x74,0x60,0x53,0x4f,0x52,0x5a,0x68,0x7c,0x90,0x9e,0xa5,
  0xa5,0xa2,0x99,0x8c,0x80,0x79,0x78,0x7a,0x7c,0x7f,0x83,0x84,0x83,0x81,0x7e,0x77,0x71,0x6f,0x6f,0x6f,0x71,0x7b,0x88,0x90,
  0x93,0x92,0x91,0x8d,0x81,0x72,0x66,0x5f,0x5b,0x59,0x5c,0x66,0x78,0x89,0x96,0xa2,0xad,0xb2,0xb0,0xa8,0x9d,0x8d,0x79,0x65,
  0x54,0x4a,0x47,0x4f,0x5e,0x73,0x88,0x98,0xa2,0xaa,0xad,0xa8,0x9c,0x8d,0x80,0x76,0x6b,0x62,0x61,0x68,0x70,0x74,0x79,0x80,
  0x84,0x83,0x83,0x85,0x86,0x86,0x86,0x88,0x88,0x87,0x84,0x81,0x7c,0x73,0x6c,0x67,0x66,0x67,0x6c,0x75,0x81,0x8b,0x92,0x95,
  0x95,0x93,0x90,0x8a,0x82,0x7a,0x71,0x6b,0x6c,0x70,0x72,0x77,0x81,0x8c,0x92,0x96,0x9d,0xa3,0xa4,0x9d,0x94,0x89,0x79,0x66,
  0x57,0x50,0x4c,0x4d,0x55,0x63,0x74,0x86,0x98,0xa6,0xaf,0xb2,0xaa,0x9c,0x8a,0x7b,0x70,0x67,0x62,0x64,0x6a,0x71,0x77,0x7e,
  0x88,0x8c,0x8c,0x8a,0x89,0x8a,0x8c,0x8d,0x8c,0x8c,0x8b,0x89,0x83,0x7b,0x77,0x73,0x6d,0x6c,0x70,0x76,0x7a,0x7d,0x84,0x8b,
  0x8d,0x89,0x82,0x7c,0x77,0x73,0x70,0x73,0x77,0x7b,0x7e,0x80,0x85,0x8b,0x8f,0x92,0x94,0x96,0x96,0x90,0x89,0x84,0x7f,0x79,
  0x71,0x6d,0x6c,0x6c,0x6d,0x72,0x7a,0x85,0x8e,0x94,0x98,0x97,0x94,0x90,0x88,0x80,0x79,0x72,0x6d,0x6a,0x6a,0x6b,0x6c,0x6c,
  0x6e,0x71,0x79,0x82,0x89,0x91,0x9b,0xa3,0xa4,0x9e,0x96,0x8d,0x81,0x74,0x68,0x64,0x65,0x69,0x6f,0x79,0x87,0x92,0x97,0x97,
  0x92,0x89,0x7e,0x73,0x6b,0x67,0x69,0x70,0x79,0x82,0x8d,0x96,0x9a,0x9b,0x99,0x94,0x8a,0x7f,0x76,0x70,0x69,0x64,0x64,0x68,
  0x6a,0x71,0x7a,0x83,0x8b,0x8f,0x91,0x92,0x90,0x8b,0x83,0x7c,0x78,0x74,0x6d,0x6a,0x6e,0x76,0x7d,0x85,0x8e,0x93,0x92,0x8f,
  0x88,0x7f,0x78,0x76,0x77,0x7c,0x83,0x8c,0x96,0x9b,0x98,0x90,0x86,0x7b,0x6d,0x60,0x59,0x5c,0x64,0x6c,0x76,0x84,0x8f,0x95,
  0x94,0x90,0x88,0x80,0x79,0x72,0x6e,0x71,0x77,0x7f,0x86,0x8d,0x93,0x94,0x92,0x8f,0x89,0x83,0x7e,0x77,0x70,0x6b,0x69,0x6b,
  0x6e,0x74,0x7a,0x81,0x8a,0x93,0x9a,0x9b,0x9a,0x97,0x90,0x87,0x79,0x69,0x5d,0x59,0x58,0x5a,0x64,0x75,0x85,0x90,0x98,0x9d,
  0x9d,0x95,0x8a,0x81,0x7c,0x7a,0x79,0x7b,0x80,0x86,0x8a,0x89,0x84,0x81,0x7f,0x7b,0x79,0x77,0x79,0x7a,0x7f,0x84,0x83,0x84,
  0x88,0x88,0x82,0x7a,0x78,0x77,0x73,0x70,0x72,0x77,0x7f,0x86,0x89,0x8d,0x91,0x90,0x88,0x80,0x7b,0x76,0x70,0x6c,0x6d,0x6f,
  0x70,0x73,0x79,0x82,0x8b,0x91,0x96,0x9d,0xa1,0x9f,0x97,0x8e,0x84,0x79,0x6a,0x5d,0x57,0x58,0x5f,0x68,0x73,0x83,0x95,0xa1,
  0xa4,0xa3,0xa1,0x9a,0x8d,0x81,0x7b,0x74,0x6b,0x67,0x6a,0x70,0x73,0x76,0x79,0x7e,0x83,0x84,0x84,0x85,0x87,0x86,0x82,0x81,
  0x81,0x80,0x7c,0x76,0x72,0x70,0x6e,0x6e,0x71,0x79,0x85,0x91,0x9a,0xa1,0xa4,0xa0,0x97,0x8b,0x7f,0x74,0x6a,0x62,0x5f,0x60,
  0x65,0x6e,0x76,0x7f,0x8c,0x98,0x9d,0x9e,0x9f,0xa0,0x98,0x89,0x78,0x6b,0x63,0x5c,0x57,0x59,0x63,0x70,0x7c,0x89,0x99,0xa4,
  0xa6,0xa4,0xa2,0x9d,0x90,0x7f,0x73,0x6d,0x68,0x65,0x64,0x6a,0x74,0x7a,0x7c,0x82,0x88,0x8b,0x89,0x88,0x8a,0x8d,0x8b,0x88,
  0x86,0x85,0x7e,0x75,0x6d,0x68,0x67,0x69,0x6f,0x7a,0x89,0x94,0x9b,0xa0,0xa4,0xa0,0x94,0x84,0x76,0x6c,0x62,0x5a,0x56,0x5a,
  0x65,0x70,0x7c,0x8c,0x9f,0xae,0xb4,0xb5,0xb2,0xaa,0x99,0x82,0x6c,0x5a,0x4b,0x42,0x42,0x49,0x58,0x6d,0x84,0x9c,0xae,0xb8,
  0xbb,0xb6,0xa8,0x93,0x7b,0x65,0x53,0x48,0x44,0x49,0x57,0x6c,0x82,0x93,0xa2,0xaf,0xb5,0xae,0x9f,0x92,0x87,0x7c,0x72,0x6c,
  0x67,0x66,0x69,0x6a,0x6a,0x70,0x79,0x80,0x87,0x90,0x9a,0xa0,0x9c,0x96,0x8e,0x82,0x73,0x67,0x64,0x66,0x66,0x66,0x6d,0x79,
  0x83,0x86,0x88,0x8f,0x99,0x9e,0x9c,0x99,0x98,0x94,0x89,0x7a,0x6e,0x63,0x55,0x4a,0x48,0x4f,0x5c,0x6d,0x7f,0x94,0xaa,0xb9,
  0xbd,0xbb,0xb3,0xa4,0x8f,0x75,0x5d,0x4f,0x48,0x46,0x4b,0x59,0x6b,0x7e,0x8c,0x97,0x9f,0xa3,0xa0,0x95,0x88,0x80,0x76,0x68,
  0x5e,0x5c,0x5c,0x5d,0x64,0x71,0x83,0x93,0xa1,0xab,0xb3,0xb3,0xa9,0x9c,0x90,0x84,0x74,0x64,0x5c,0x5d,0x60,0x60,0x64,0x70,
  0x7c,0x84,0x88,0x8b,0x92,0x96,0x95,0x91,0x8b,0x84,0x7d,0x73,0x6b,0x64,0x60,0x60,0x62,0x66,0x70,0x7e,0x8b,0x96,0xa1,0xaa,
  0xac,0xa5,0x9b,0x8f,0x7f,0x6d,0x60,0x58,0x54,0x57,0x5e,0x68,0x79,0x8a,0x95,0x9c,0xa2,0xa4,0xa2,0x9c,0x97,0x90,0x87,0x7b,
  0x72,0x6f,0x6e,0x6b,0x6b,0x72,0x7d,0x84,0x88,0x8b,0x8c,0x8c,0x89,0x83,0x7d,0x77,0x72,0x6e,0x6a,0x69,0x6d,0x73,0x78,0x7c,
  0x81,0x8b,0x93,0x96,0x96,0x96,0x97,0x96,0x92,0x8a,0x83,0x80,0x7b,0x72,0x6b,0x69,0x6b,0x6f,0x73,0x7a,0x83,0x8c,0x91,0x93,
  0x94,0x91,0x8a,0x83,0x7d,0x7a,0x74,0x71,0x72,0x77,0x7c,0x7f,0x83,0x86,0x86,0x86,0x88,0x89,0x8a,0x8d,0x8f,0x8d,0x87,0x84,
  0x7f,0x76,0x6d,0x67,0x65,0x62,0x62,0x6a,0x76,0x84,0x8f,0x99,0xa1,0xa4,0xa1,0x99,0x8f,0x83,0x77,0x6b,0x63,0x61,0x66,0x6d,
  0x75,0x80,0x8e,0x97,0x99,0x97,0x93,0x8d,0x81,0x72,0x67,0x5e,0x57,0x54,0x58,0x62,0x6f,0x7e,0x8d,0x9d,0xaa,0xb1,0xb2,0xae,
  0xa6,0x97,0x84,0x71,0x64,0x5c,0x59,0x5d,0x69,0x77,0x84,0x8c,0x90,0x93,0x91,0x89,0x7e,0x73,0x6d,0x6a,0x69,0x6b,0x75,0x81,
  0x8a,0x8e,0x8c,0x8a,0x87,0x81,0x7a,0x77,0x77,0x79,0x7c,0x80,0x88,0x8e,0x8e,0x8c,0x87,0x80,0x76,0x6d,0x68,0x67,0x69,0x6c,
  0x74,0x80,0x8d,0x97,0x9c,0xa1,0xa2,0x9d,0x92,0x84,0x78,0x6e,0x65,0x61,0x65,0x69,0x6c,0x74,0x84,0x95,0xa0,0xa5,0xa7,0xa3,
  0x99,0x88,0x74,0x63,0x56,0x4f,0x4a,0x4b,0x58,0x6d,0x81,0x90,0x9f,0xad,0xb0,0xa9,0x9f,0x93,0x85,0x77,0x6e,0x69,0x69,0x6d,
  0x74,0x7a,0x7f,0x82,0x82,0x82,0x83,0x82,0x80,0x7f,0x83,0x89,0x8a,0x88,0x86,0x86,0x81,0x79,0x71,0x6c,0x6d,0x70,0x72,0x79,
  0x88,0x98,0x9f,0xa3,0xa2,0x9c,0x91,0x81,0x72,0x67,0x5e,0x57,0x55,0x59,0x60,0x69,0x74,0x82,0x92,0xa1,0xaa,0xaf,0xb3,0xaf,
  0xa2,0x92,0x80,0x6c,0x5a,0x4d,0x49,0x4e,0x58,0x69,0x7e,0x94,0xa6,0xb1,0xb3,0xad,0xa2,0x91,0x7d,0x6c,0x5f,0x58,0x54,0x56,
  0x61,0x6e,0x79,0x84,0x8f,0x97,0x99,0x9b,0x9d,0x9b,0x95,0x8c,0x84,0x7d,0x79,0x75,0x71,0x6e,0x6e,0x6e,0x70,0x73,0x78,0x80,
  0x88,0x8e,0x91,0x94,0x95,0x92,0x8d,0x88,0x83,0x7c,0x75,0x6e,0x68,0x65,0x67,0x6c,0x74,0x7d,0x87,0x92,0x9c,0xa1,0xa3,0x9d,
  0x93,0x87,0x77,0x67,0x5a,0x52,0x52,0x56,0x5e,0x6c,0x7d,0x8e,0x9d,0xac,0xb6,0xb7,0xb1,0xa6,0x98,0x86,0x74,0x68,0x5f,0x59,
  0x59,0x60,0x69,0x71,0x7b,0x87,0x91,0x95,0x93,0x91,0x8d,0x85,0x7c,0x76,0x74,0x72,0x70,0x6f,0x72,0x7a,0x80,0x84,0x89,0x90,
  0x94,0x94,0x92,0x92,0x95,0x92,0x89,0x80,0x79,0x74,0x6c,0x67,0x66,0x69,0x6d,0x71,0x78,0x81,0x89,0x8f,0x94,0x96,0x96,0x93,
  0x88,0x7c,0x77,0x73,0x6b,0x64,0x64,0x6c,0x74,0x7b,0x84,0x91,0x9a,0x9a,0x95,0x90,0x8b,0x80,0x74,0x6e,0x6e,0x6e,0x6f,0x73,
  0x7b,0x83,0x88,0x8c,0x90,0x91,0x8e,0x88,0x81,0x7e,0x7c,0x77,0x75,0x78,0x7c,0x7f,0x83,0x88,0x8b,0x8a,0x85,0x7f,0x7a,0x76,
  0x74,0x74,0x73,0x74,0x78,0x7c,0x7d,0x7f,0x83,0x84,0x81,0x7f,0x7d,0x79,0x76,0x76,0x7a,0x80,0x84,0x85,0x87,0x89,0x8b,0x88,
  0x84,0x80,0x7b,0x76,0x71,0x6f,0x70,0x73,0x79,0x83,0x8d,0x94,0x97,0x99,0x99,0x95,0x8c,0x80,0x77,0x6f,0x68,0x65,0x6a,0x73,
  0x7a,0x7f,0x84,0x89,0x8c,0x88,0x82,0x7c,0x74,0x6c,0x65,0x63,0x65,0x68,0x70,0x7a,0x84,0x8c,0x90,0x92,0x93,0x95,0x94,0x8e,
  0x87,0x83,0x81,0x7e,0x7a,0x79,0x7d,0x81,0x83,0x86,0x89,0x8e,0x90,0x8d,0x88,0x82,0x7e,0x78,0x72,0x6f,0x6f,0x72,0x75,0x74,
  0x74,0x74,0x72,0x71,0x73,0x77,0x7c,0x80,0x87,0x8f,0x94,0x95,0x92,0x8d,0x87,0x81,0x79,0x73,0x6f,0x70,0x76,0x7a,0x7f,0x88,
  0x8f,0x91,0x8f,0x8f,0x8f,0x8c,0x86,0x7e,0x77,0x74,0x75,0x76,0x77,0x79,0x80,0x86,0x87,0x86,0x85,0x84,0x80,0x7b,0x76,0x72,
  0x70,0x70,0x73,0x7a,0x82,0x88,0x8b,0x8c,0x8c,0x8a,0x85,0x7d,0x76,0x71,0x6c,0x6b,0x70,0x7a,0x83,0x8b,0x91,0x97,0x99,0x94,
  0x8c,0x83,0x7b,0x74,0x6f,0x6e,0x6f,0x73,0x7c,0x8a,0x95,0x9b,0x9e,0x9f,0x9a,0x8e,0x81,0x76,0x6d,0x65,0x5f,0x5e,0x65,0x6e,
  0x75,0x7d,0x86,0x8c,0x8e,0x8b,0x87,0x85,0x83,0x7e,0x7b,0x7a,0x79,0x77,0x75,0x76,0x79,0x79,0x77,0x79,0x7e,0x83,0x86,0x8a,
  0x90,0x95,0x95,0x90,0x8c,0x8a,0x89,0x85,0x7f,0x7d,0x80,0x7f,0x79,0x75,0x77,0x7b,0x7d,0x7c,0x7e,0x85,0x89,0x89,0x87,0x84,
  0x80,0x77,0x6a,0x5f,0x59,0x5a,0x5d,0x63,0x70,0x81,0x8d,0x94,0x9a,0x9e,0x9d,0x96,0x8e,0x85,0x7c,0x74,0x6f,0x6f,0x72,0x78,
  0x7d,0x82,0x88,0x8e,0x94,0x97,0x97,0x97,0x95,0x8f,0x87,0x7e,0x77,0x6f,0x67,0x61,0x5e,0x5d,0x5e,0x63,0x6c,0x79,0x86,0x90,
  0x97,0x9a,0x9c,0x9e,0x9b,0x91,0x87,0x7f,0x73,0x65,0x59,0x56,0x56,0x5a,0x61,0x6e,0x7e,0x8f,0x9d,0xa8,0xb0,0xb3,0xac,0x9b,
  0x89,0x78,0x69,0x5a,0x51,0x55,0x5f,0x6b,0x7b,0x8e,0xa2,0xaf,0xb2,0xb0,0xab,0x9e,0x8c,0x76,0x63,0x55,0x4b,0x45,0x48,0x52,
  0x64,0x78,0x8b,0x9d,0xaa,0xae,0xaa,0xa0,0x94,0x87,0x77,0x6a,0x60,0x5b,0x5c,0x5e,0x63,0x6d,0x7a,0x87,0x91,0x97,0x9e,0xa2,
  0xa1,0x9c,0x95,0x8d,0x85,0x7e,0x76,0x70,0x6c,0x6a,0x6a,0x6c,0x70,0x75,0x7d,0x86,0x8f,0x97,0x9e,0xa1,0x9e,0x98,0x8f,0x85,
  0x78,0x6a,0x5f,0x5a,0x57,0x57,0x5c,0x66,0x75,0x83,0x8f,0x99,0xa0,0x9d,0x95,0x8c,0x84,0x7b,0x70,0x69,0x68,0x6b,0x73,0x7d,
  0x8c,0x9a,0xa4,0xa9,0xab,0xa8,0x9d,0x8f,0x81,0x75,0x6a,0x60,0x5a,0x5a,0x60,0x66,0x6c,0x75,0x7f,0x85,0x87,0x8b,0x90,0x92,
  0x90,0x8c,0x87,0x83,0x7f,0x7c,0x7a,0x77,0x74,0x73,0x73,0x74,0x76,0x7b,0x82,0x8b,0x92,0x95,0x95,0x92,0x8d,0x85,0x7e,0x78,
  0x74,0x71,0x6d,0x6f,0x77,0x7f,0x84,0x89,0x90,0x96,0x99,0x99,0x95,0x8e,0x85,0x7a,0x6f,0x65,0x61,0x63,0x68,0x71,0x7c,0x88,
  0x92,0x95,0x94,0x8e,0x86,0x7d,0x71,0x65,0x5e,0x5d,0x61,0x6a,0x78,0x89,0x95,0xa0,0xaa,0xab,0xa4,0x9b,0x92,0x87,0x7a,0x6f,
  0x67,0x67,0x6b,0x6f,0x74,0x7a,0x81,0x89,0x8c,0x8e,0x8e,0x8c,0x87,0x80,0x7a,0x75,0x72,0x71,0x73,0x78,0x7c,0x81,0x88,0x8c,
  0x8c,0x8c,0x8b,0x88,0x81,0x79,0x73,0x6f,0x6c,0x6d,0x71,0x76,0x7a,0x7e,0x80,0x81,0x81,0x81,0x82,0x84,0x88,0x8c,0x8f,0x92,
  0x94,0x94,0x90,0x8a,0x84,0x7d,0x76,0x70,0x6f,0x71,0x76,0x7e,0x86,0x8c,0x8f,0x92,0x91,0x8b,0x82,0x7a,0x72,0x6a,0x63,0x61,
  0x65,0x6b,0x6f,0x75,0x7d,0x86,0x8b,0x8f,0x92,0x92,0x91,0x8d,0x86,0x81,0x7b,0x76,0x73,0x75,0x79,0x7e,0x83,0x89,0x8f,0x91,
  0x93,0x95,0x92,0x8a,0x81,0x7a,0x75,0x70,0x6e,0x6f,0x71,0x73,0x77,0x7d,0x83,0x87,0x87,0x85,0x83,0x82,0x7f,0x7e,0x7e,0x7e,
  0x7d,0x79,0x76,0x73,0x6d,0x69,0x69,0x6d,0x74,0x7b,0x83,0x8d,0x97,0x9d,0x9f,0x9d,0x98,0x90,0x83,0x79,0x72,0x6d,0x6b,0x6d,
  0x73,0x7b,0x86,0x91,0x98,0x9a,0x99,0x94,0x89,0x7d,0x72,0x6a,0x63,0x5f,0x60,0x65,0x6f,0x79,0x82,0x8b,0x94,0x98,0x95,0x8d,
  0x85,0x7d,0x72,0x67,0x61,0x62,0x66,0x6b,0x73,0x80,0x8c,0x94,0x97,0x99,0x9a,0x94,0x8c,0x85,0x7e,0x79,0x75,0x73,0x74,0x79,
  0x80,0x86,0x8c,0x91,0x93,0x8f,0x8a,0x85,0x80,0x7a,0x74,0x71,0x71,0x75,0x77,0x78,0x7a,0x7d,0x7f,0x7e,0x7c,0x7a,0x77,0x76,
  0x73,0x74,0x78,0x7c,0x7d,0x7e,0x81,0x85,0x85,0x83,0x82,0x84,0x85,0x84,0x86,0x8a,0x8d,0x8d,0x8c,0x8c,0x8b,0x89,0x85,0x80,
  0x7d,0x7c,0x79,0x74,0x72,0x75,0x79,0x7c,0x7f,0x84,0x8a,0x8d,0x89,0x85,0x82,0x7f,0x7c,0x77,0x73,0x72,0x71,0x6f,0x6f,0x73,
  0x78,0x7d,0x81,0x85,0x88,0x8a,0x8b,0x8c,0x8c,0x8a,0x88,0x87,0x84,0x80,0x7c,0x78,0x77,0x79,0x7e,0x81,0x84,0x8a,0x91,0x94,
  0x91,0x8e,0x8a,0x85,0x7d,0x75,0x70,0x6d,0x6a,0x69,0x6c,0x72,0x79,0x7f,0x88,0x91,0x95,0x92,0x8d,0x88,0x81,0x77,0x6e,0x67,
  0x61,0x5c,0x5e,0x66,0x6f,0x7c,0x8c,0x9d,0xaa,0xb0,0xb0,0xa9,0x9f,0x92,0x82,0x71,0x67,0x62,0x61,0x66,0x6f,0x7c,0x8a,0x94,
  0x9c,0x9f,0x9d,0x98,0x8f,0x81,0x72,0x67,0x60,0x5d,0x5c,0x61,0x6c,0x79,0x84,0x8c,0x92,0x94,0x90,0x89,0x81,0x77,0x6a,0x61,
  0x60,0x64,0x67,0x6d,0x7b,0x8c,0x97,0x9c,0x9d,0x9d,0x9a,0x91,0x85,0x7e,0x7b,0x79,0x78,0x7b,0x82,0x8c,0x93,0x97,0x96,0x94,
  0x8e,0x86,0x7b,0x70,0x68,0x65,0x64,0x64,0x69,0x71,0x79,0x80,0x85,0x88,0x86,0x81,0x7b,0x77,0x72,0x6e,0x6d,0x6e,0x72,0x78,
  0x80,0x89,0x90,0x97,0x9a,0x99,0x95,0x8f,0x88,0x83,0x7f,0x7a,0x77,0x76,0x77,0x7b,0x80,0x85,0x87,0x87,0x88,0x88,0x83,0x7a,
  0x77,0x77,0x77,0x74,0x73,0x79,0x82,0x86,0x88,0x8b,0x8f,0x90,0x8b,0x82,0x7b,0x78,0x72,0x6b,0x67,0x69,0x6c,0x71,0x76,0x7d,
  0x83,0x88,0x8b,0x8d,0x8e,0x8d,0x8b,0x8a,0x89,0x84,0x7f,0x7d,0x7d,0x7d,0x7f,0x83,0x88,0x8c,0x90,0x90,0x8c,0x87,0x82,0x7a,
  0x71,0x69,0x64,0x63,0x63,0x66,0x6e,0x78,0x81,0x88,0x8f,0x94,0x94,0x91,0x8d,0x86,0x7e,0x75,0x6e,0x6c,0x6d,0x70,0x76,0x7d,
  0x86,0x8d,0x91,0x93,0x97,0x99,0x96,0x93,0x8e,0x85,0x7a,0x71,0x6c,0x67,0x63,0x64,0x6c,0x77,0x80,0x89,0x93,0x9c,0x9d,0x98,
  0x8f,0x85,0x7b,0x71,0x68,0x64,0x63,0x67,0x6d,0x73,0x7a,0x84,0x8c,0x8e,0x8d,0x8b,0x87,0x7f,0x78,0x75,0x73,0x70,0x6d,0x73,
  0x7b,0x82,0x87,0x8f,0x99,0xa1,0xa5,0xa2,0x9d,0x96,0x8c,0x80,0x77,0x72,0x6f,0x6c,0x6a,0x6d,0x72,0x78,0x7c,0x7f,0x81,0x81,
  0x81,0x80,0x7e,0x7c,0x79,0x78,0x79,0x7a,0x7b,0x7d,0x81,0x85,0x86,0x85,0x82,0x82,0x82,0x81,0x81,0x81,0x82,0x81,0x7f,0x7e,
  0x83,0x89,0x8a,0x88,0x89,0x8a,0x87,0x80,0x7c,0x7e,0x7f,0x7e,0x7e,0x82,0x87,0x89,0x88,0x86,0x84,0x81,0x7c,0x74,0x6f,0x6d,
  0x6c,0x6d,0x72,0x79,0x7f,0x83,0x88,0x8d,0x8f,0x8b,0x85,0x80,0x7d,0x7b,0x78,0x76,0x78,0x7b,0x7d,0x7d,0x81,0x87,0x8f,0x93,
  0x95,0x97,0x95,0x8e,0x81,0x78,0x75,0x75,0x73,0x73,0x77,0x7a,0x7a,0x79,0x7c,0x7f,0x7d,0x7a,0x7b,0x7f,0x7f,0x7c,0x78,0x77,
  0x7a,0x7d,0x7e,0x7e,0x81,0x86,0x87,0x86,0x85,0x87,0x88,0x85,0x82,0x80,0x7e,0x7b,0x78,0x78,0x78,0x7a,0x7f,0x84,0x87,0x85,
  0x83,0x82,0x82,0x83,0x85,0x89,0x8a,0x89,0x85,0x7f,0x76,0x70,0x6c,0x6d,0x70,0x73,0x78,0x7d,0x82,0x87,0x89,0x89,0x89,0x87,
  0x83,0x7b,0x74,0x70,0x71,0x74,0x77,0x7d,0x85,0x8c,0x91,0x90,0x8a,0x85,0x81,0x80,0x7d,0x7c,0x7d,0x7e,0x7c,0x7b,0x7a,0x7a,
  0x7a,0x7d,0x82,0x88,0x8e,0x92,0x8e,0x87,0x81,0x7b,0x74,0x6e,0x6a,0x69,0x69,0x6a,0x70,0x7b,0x84,0x8b,0x90,0x93,0x92,0x8d,
  0x84,0x7d,0x79,0x76,0x77,0x7a,0x7c,0x7f,0x83,0x86,0x89,0x8c,0x8f,0x8d,0x88,0x84,0x84,0x80,0x78,0x73,0x71,0x73,0x77,0x7d,
  0x84,0x8a,0x8b,0x8c,0x8b,0x87,0x81,0x7c,0x79,0x76,0x72,0x6c,0x69,0x6a,0x6c,0x6e,0x75,0x80,0x8c,0x94,0x97,0x98,0x98,0x95,
  0x8d,0x86,0x7f,0x76,0x6f,0x6e,0x72,0x78,0x7d,0x86,0x90,0x95,0x93,0x91,0x8f,0x8a,0x82,0x7c,0x7a,0x77,0x75,0x76,0x7a,0x7e,
  0x82,0x84,0x83,0x7f,0x7d,0x7b,0x7a,0x78,0x75,0x74,0x74,0x73,0x73,0x77,0x7b,0x7e,0x80,0x84,0x88,0x8a,0x89,0x88,0x8a,0x8a,
  0x88,0x87,0x88,0x88,0x87,0x85,0x87,0x89,0x87,0x81,0x7b,0x79,0x78,0x75,0x72,0x73,0x77,0x7a,0x7e,0x83,0x88,0x89,0x87,0x85,
  0x83,0x7f,0x7a,0x75,0x74,0x73,0x76,0x79,0x79,0x79,0x7a,0x7e,0x83,0x86,0x88,0x89,0x88,0x84,0x80,0x7c,0x79,0x78,0x79,0x7a,
  0x7b,0x7d,0x81,0x84,0x87,0x87,0x86,0x83,0x81,0x80,0x7f,0x7f,0x7f,0x82,0x87,0x8b,0x8c,0x8a,0x88,0x88,0x85,0x7d,0x76,0x72,
  0x6f,0x6d,0x6d,0x70,0x74,0x79,0x7a,0x7b,0x7d,0x7e,0x7c,0x7a,0x7a,0x7c,0x7d,0x7f,0x83,0x89,0x8f,0x94,0x9a,0x9e,0x9a,0x91,
  0x88,0x7e,0x74,0x6c,0x65,0x64,0x69,0x70,0x7a,0x81,0x88,0x8f,0x92,0x91,0x8b,0x83,0x7b,0x76,0x72,0x6f,0x6e,0x70,0x75,0x7c,
  0x82,0x8a,0x92,0x9a,0x9d,0x97,0x8c,0x81,0x76,0x6a,0x5f,0x58,0x56,0x5f,0x70,0x80,0x8f,0x9f,0xad,0xb0,0xab,0x9f,0x8f,0x7d,
  0x6b,0x5e,0x59,0x5b,0x63,0x75,0x87,0x98,0xa7,0xb2,0xb4,0xac,0x9b,0x85,0x71,0x61,0x54,0x49,0x45,0x4b,0x58,0x69,0x7a,0x8b,
  0x9b,0xa5,0xa5,0x9b,0x91,0x85,0x77,0x6a,0x63,0x65,0x6d,0x77,0x83,0x94,0xa3,0xae,0xb5,0xb2,0xa8,0x98,0x86,0x75,0x65,0x57,
  0x4d,0x4d,0x56,0x65,0x77,0x89,0x98,0xa1,0xa2,0x9b,0x90,0x82,0x71,0x64,0x5e,0x5e,0x62,0x6c,0x7a,0x8a,0x96,0x9f,0xa5,0xa6,
  0x9c,0x8b,0x7a,0x6c,0x61,0x57,0x55,0x5b,0x67,0x76,0x85,0x92,0x9c,0xa4,0xa4,0x9c,0x91,0x87,0x7e,0x73,0x6a,0x6a,0x6e,0x75,
  0x7c,0x85,0x90,0x99,0x9f,0x9f,0x99,0x90,0x84,0x75,0x67,0x5d,0x55,0x53,0x57,0x60,0x6d,0x7a,0x88,0x93,0x99,0x9a,0x95,0x8b,
  0x81,0x77,0x71,0x70,0x73,0x78,0x80,0x88,0x8e,0x93,0x97,0x99,0x97,0x8f,0x88,0x83,0x7e,0x75,0x6f,0x6b,0x6a,0x6b,0x6d,0x72,
  0x7a,0x81,0x88,0x8c,0x8d,0x8e,0x8d,0x88,0x83,0x80,0x7d,0x7a,0x79,0x7a,0x7c,0x7b,0x7a,0x7b,0x7d,0x7f,0x7e,0x7e,0x7e,0x7e,
  0x7d,0x7c,0x7b,0x7a,0x79,0x78,0x7a,0x7d,0x82,0x86,0x88,0x8b,0x90,0x96,0x97,0x94,0x92,0x92,0x8e,0x83,0x79,0x72,0x6d,0x6a,
  0x6a,0x6d,0x74,0x7d,0x82,0x85,0x88,0x89,0x87,0x7f,0x74,0x6c,0x66,0x62,0x62,0x68,0x73,0x80,0x8c,0x98,0xa0,0xa5,0xa4,0x9e,
  0x97,0x8d,0x84,0x7b,0x73,0x6e,0x6f,0x73,0x78,0x7e,0x84,0x89,0x8b,0x8b,0x8b,0x89,0x82,0x79,0x72,0x6e,0x6b,0x6a,0x6e,0x72,
  0x78,0x7f,0x87,0x8d,0x93,0x96,0x95,0x90,0x89,0x7f,0x75,0x6c,0x66,0x67,0x6d,0x74,0x7b,0x82,0x87,0x8b,0x8c,0x8a,0x84,0x80,
  0x7e,0x7b,0x79,0x7b,0x80,0x86,0x8a,0x8d,0x91,0x92,0x8f,0x8a,0x85,0x80,0x7b,0x78,0x75,0x74,0x74,0x76,0x79,0x7a,0x7a,0x79,
  0x77,0x75,0x77,0x7a,0x7c,0x7d,0x7d,0x7d,0x7c,0x7a,0x7a,0x7c,0x7d,0x7c,0x7d,0x82,0x86,0x87,0x8a,0x8f,0x92,0x91,0x8e,0x8b,
  0x85,0x7f,0x7b,0x79,0x76,0x72,0x72,0x75,0x77,0x79,0x7d,0x84,0x8b,0x8d,0x8c,0x8a,0x88,0x84,0x7c,0x75,0x71,0x6f,0x6f,0x72,
  0x78,0x82,0x8b,0x93,0x97,0x97,0x93,0x8b,0x80,0x72,0x67,0x5f,0x59,0x57,0x5c,0x69,0x7b,0x8e,0x9d,0xa9,0xaf,0xa9,0x9c,0x8d,
  0x80,0x75,0x69,0x65,0x6a,0x74,0x7d,0x86,0x91,0x9a,0x9c,0x98,0x8f,0x85,0x7b,0x70,0x67,0x63,0x63,0x65,0x69,0x6f,0x79,0x83,
  0x8a,0x8e,0x8f,0x8f,0x8c,0x85,0x7d,0x76,0x71,0x6d,0x6e,0x73,0x7c,0x87,0x92,0x9b,0xa0,0x9f,0x9b,0x91,0x84,0x77,0x6e,0x68,
  0x65,0x69,0x72,0x7d,0x88,0x8f,0x95,0x98,0x93,0x87,0x7b,0x72,0x6a,0x63,0x61,0x68,0x74,0x81,0x8b,0x92,0x96,0x93,0x8c,0x84,
  0x7b,0x75,0x71,0x72,0x76,0x7b,0x80,0x86,0x88,0x87,0x83,0x7e,0x7b,0x78,0x74,0x74,0x77,0x7d,0x84,0x8a,0x8f,0x95,0x99,0x9a,
  0x97,0x92,0x87,0x7c,0x71,0x68,0x62,0x60,0x64,0x6b,0x75,0x80,0x8c,0x96,0x9d,0x9d,0x96,0x89,0x7b,0x6b,0x5f,0x59,0x59,0x5d,
  0x69,0x7b,0x8e,0x9c,0xa7,0xb0,0xb2,0xaa,0x98,0x84,0x71,0x61,0x54,0x4f,0x55,0x63,0x78,0x8b,0x9c,0xaa,0xaf,0xa8,0x98,0x84,
  0x6e,0x5a,0x4d,0x4b,0x52,0x60,0x74,0x8b,0xa1,0xaf,0xb6,0xb6,0xaf,0x9e,0x87,0x71,0x60,0x54,0x4f,0x51,0x5d,0x6d,0x7f,0x90,
  0x9d,0xa6,0xaa,0xa6,0x99,0x85,0x72,0x64,0x57,0x4c,0x4b,0x57,0x6b,0x7e,0x91,0xa6,0xb8,0xbf,0xbb,0xaf,0x9f,0x8b,0x75,0x61,
  0x52,0x4e,0x53,0x5b,0x69,0x7b,0x8d,0x99,0x9f,0x9f,0x97,0x88,0x79,0x6b,0x62,0x5f,0x60,0x67,0x73,0x80,0x8a,0x92,0x97,0x9a,
  0x98,0x92,0x8c,0x88,0x83,0x7c,0x76,0x73,0x73,0x75,0x76,0x78,0x7d,0x84,0x88,0x8a,0x89,0x87,0x85,0x80,0x7b,0x77,0x75,0x73,
  0x72,0x74,0x78,0x7f,0x87,0x8b,0x8e,0x8f,0x8f,0x8d,0x87,0x7e,0x76,0x70,0x6b,0x68,0x67,0x69,0x70,0x77,0x7d,0x83,0x8a,0x90,
  0x94,0x94,0x92,0x90,0x8c,0x85,0x7d,0x76,0x73,0x71,0x6e,0x6d,0x70,0x78,0x83,0x8d,0x95,0x9b,0x9d,0x97,0x8b,0x7c,0x6e,0x61,
  0x56,0x52,0x56,0x61,0x6e,0x7d,0x8d,0x99,0xa1,0xa4,0xa0,0x98,0x8c,0x80,0x76,0x6e,0x69,0x67,0x6a,0x72,0x7d,0x87,0x90,0x98,
  0x9a,0x96,0x8e,0x84,0x7c,0x74,0x6c,0x66,0x62,0x63,0x69,0x71,0x79,0x83,0x90,0x99,0x9a,0x97,0x92,0x8c,0x81,0x74,0x6d,0x6c,
  0x6d,0x71,0x78,0x82,0x8c,0x92,0x94,0x93,0x8e,0x86,0x7c,0x72,0x6b,0x65,0x63,0x67,0x6f,0x7a,0x86,0x91,0x99,0x9d,0x9c,0x97,
  0x90,0x89,0x81,0x79,0x73,0x71,0x70,0x6f,0x71,0x78,0x81,0x87,0x8b,0x8d,0x8f,0x8e,0x8c,0x88,0x81,0x7b,0x77,0x73,0x6e,0x6b,
  0x6b,0x6d,0x71,0x78,0x81,0x8b,0x94,0x9c,0x9f,0x9c,0x98,0x92,0x87,0x7a,0x6e,0x67,0x66,0x65,0x66,0x6b,0x76,0x85,0x91,0x9a,
  0xa2,0xa6,0xa3,0x96,0x87,0x79,0x6d,0x63,0x5c,0x5c,0x65,0x72,0x7f,0x8d,0x9a,0xa5,0xa9,0xa7,0x9c,0x8d,0x7c,0x6b,0x5d,0x52,
  0x4f,0x53,0x5e,0x6f,0x83,0x96,0xa3,0xad,0xb1,0xaa,0x9a,0x87,0x76,0x66,0x59,0x53,0x59,0x68,0x79,0x8c,0x9d,0xac,0xb3,0xb0,
  0xa2,0x90,0x7c,0x68,0x55,0x48,0x46,0x4d,0x5b,0x6d,0x84,0x9b,0xae,0xb9,0xb8,0xae,0x9b,0x84,0x6a,0x53,0x43,0x41,0x4b,0x5e,
  0x77,0x93,0xad,0xbe,0xc4,0xbf,0xb0,0x98,0x7e,0x63,0x4d,0x3f,0x3d,0x46,0x57,0x6d,0x84,0x9d,0xb1,0xbb,0xb9,0xae,0x9b,0x84,
  0x6d,0x57,0x48,0x46,0x4e,0x5d,0x71,0x87,0x9d,0xac,0xb2,0xaf,0xa6,0x96,0x83,0x6f,0x5e,0x54,0x53,0x59,0x62,0x70,0x81,0x91,
  0x9d,0xa3,0xa3,0x9c,0x91,0x85,0x77,0x6b,0x64,0x63,0x69,0x74,0x80,0x8d,0x97,0x9b,0x99,0x93,0x87,0x79,0x6c,0x63,0x60,0x61,
  0x69,0x75,0x82,0x8b,0x92,0x96,0x97,0x91,0x87,0x7d,0x74,0x6e,0x6a,0x69,0x6c,0x75,0x80,0x8c,0x94,0x99,0x99,0x95,0x8c,0x80,
  0x75,0x6c,0x69,0x6a,0x6e,0x74,0x7d,0x86,0x8c,0x8d,0x8a,0x85,0x80,0x7a,0x74,0x71,0x74,0x79,0x7f,0x85,0x8a,0x8d,0x91,0x93,
  0x8f,0x87,0x7f,0x77,0x6f,0x68,0x64,0x65,0x69,0x70,0x7a,0x86,0x90,0x95,0x98,0x98,0x91,0x85,0x79,0x70,0x6a,0x66,0x67,0x71,
  0x80,0x8e,0x9b,0xa5,0xab,0xaa,0xa2,0x95,0x84,0x73,0x63,0x56,0x4e,0x50,0x5c,0x6b,0x7b,0x8d,0x9b,0xa1,0x9f,0x98,0x8b,0x79,
  0x67,0x5b,0x57,0x5b,0x66,0x76,0x88,0x99,0xa7,0xac,0xab,0xa3,0x96,0x87,0x79,0x6e,0x68,0x66,0x67,0x6e,0x79,0x85,0x8f,0x95,
  0x96,0x94,0x8e,0x85,0x7a,0x71,0x67,0x61,0x62,0x66,0x6e,0x78,0x85,0x93,0x9d,0x9f,0x9d,0x97,0x8f,0x84,0x79,0x6d,0x66,0x63,
  0x66,0x6d,0x79,0x86,0x8f,0x95,0x98,0x97,0x90,0x85,0x7a,0x72,0x6e,0x6b,0x6f,0x78,0x82,0x8d,0x95,0x9a,0x9c,0x99,0x90,0x84,
  0x79,0x70,0x6a,0x66,0x66,0x6b,0x74,0x7c,0x83,0x88,0x8a,0x88,0x84,0x7e,0x78,0x70,0x6c,0x70,0x76,0x7c,0x81,0x89,0x93,0x9b,
  0x9d,0x9b,0x96,0x91,0x8a,0x81,0x79,0x76,0x76,0x77,0x79,0x7c,0x7f,0x84,0x86,0x86,0x85,0x81,0x7c,0x76,0x6f,0x6a,0x68,0x69,
  0x6e,0x77,0x81,0x88,0x8f,0x94,0x96,0x93,0x8c,0x85,0x80,0x7b,0x74,0x72,0x75,0x7a,0x7e,0x81,0x84,0x86,0x84,0x82,0x7f,0x7b,
  0x76,0x74,0x74,0x75,0x77,0x7b,0x84,0x8e,0x94,0x97,0x95,0x92,0x90,0x8a,0x80,0x75,0x70,0x70,0x72,0x74,0x79,0x81,0x88,0x8a,
  0x88,0x83,0x7e,0x76,0x6e,0x69,0x66,0x66,0x68,0x6f,0x79,0x80,0x86,0x8c,0x90,0x91,0x8d,0x88,0x84,0x82,0x7f,0x7d,0x7d,0x7e,
  0x82,0x85,0x86,0x87,0x88,0x87,0x84,0x7f,0x79,0x76,0x77,0x78,0x78,0x79,0x7d,0x80,0x80,0x7f,0x7f,0x7f,0x7d,0x7b,0x7b,0x7a,
  0x79,0x7a,0x7d,0x80,0x82,0x85,0x89,0x8c,0x8b,0x86,0x7f,0x77,0x6f,0x66,0x60,0x60,0x66,0x70,0x7d,0x8b,0x96,0xa0,0xa5,0xa3,
  0x9c,0x92,0x86,0x7b,0x71,0x6c,0x6c,0x70,0x78,0x84,0x8e,0x97,0x99,0x97,0x90,0x85,0x77,0x68,0x5d,0x55,0x51,0x55,0x60,0x6e,
  0x7c,0x8a,0x94,0x9a,0x98,0x91,0x86,0x79,0x6f,0x6a,0x6b,0x71,0x7b,0x89,0x97,0xa2,0xa9,0xa8,0xa2,0x97,0x89,0x7c,0x6f,0x67,
  0x64,0x66,0x6d,0x77,0x82,0x8e,0x98,0x9b,0x99,0x91,0x88,0x7b,0x6b,0x5d,0x55,0x54,0x5a,0x63,0x71,0x85,0x98,0xa3,0xab,0xac,
  0xa6,0x98,0x84,0x70,0x61,0x57,0x53,0x55,0x60,0x70,0x84,0x96,0xa4,0xac,0xaf,0xa9,0x9a,0x89,0x78,0x69,0x62,0x62,0x6a,0x78,
  0x89,0x99,0xa4,0xa6,0xa3,0x98,0x89,0x77,0x68,0x5c,0x57,0x59,0x60,0x6b,0x78,0x86,0x90,0x95,0x94,0x8f,0x89,0x7f,0x75,0x6c,
  0x66,0x65,0x6a,0x74,0x80,0x8c,0x97,0xa0,0xa6,0xa5,0x9d,0x92,0x86,0x79,0x6d,0x62,0x5d,0x62,0x6e,0x7c,0x8a,0x98,0xa2,0xa6,
  0xa3,0x99,0x8b,0x7b,0x6c,0x60,0x5a,0x59,0x5f,0x69,0x76,0x84,0x92,0x99,0x9b,0x97,0x91,0x87,0x7c,0x71,0x67,0x60,0x5f,0x65,
  0x6f,0x7a,0x83,0x8b,0x91,0x92,0x8f,0x88,0x81,0x7d,0x7b,0x78,0x79,0x7d,0x83,0x8a,0x92,0x97,0x9b,0x9d,0x9c,0x98,0x8f,0x84,
  0x7b,0x74,0x6e,0x6a,0x69,0x6c,0x70,0x76,0x7c,0x7f,0x7f,0x7c,0x76,0x71,0x6d,0x6a,0x69,0x6c,0x70,0x76,0x7d,0x83,0x89,0x8d,
  0x90,0x91,0x90,0x8c,0x86,0x7f,0x7d,0x7f,0x80,0x80,0x83,0x89,0x8e,0x92,0x93,0x92,0x91,0x8f,0x8a,0x81,0x7a,0x76,0x73,0x6e,
  0x6b,0x6b,0x6c,0x6e,0x70,0x75,0x7c,0x82,0x85,0x87,0x89,0x8a,0x89,0x84,0x7e,0x7a,0x74,0x6e,0x69,0x67,0x6a,0x70,0x79,0x83,
  0x8c,0x92,0x97,0x9b,0x9c,0x99,0x91,0x88,0x80,0x79,0x72,0x6c,0x6c,0x72,0x7a,0x82,0x8b,0x93,0x99,0x9d,0x9b,0x96,0x8d,0x81,
  0x75,0x69,0x5d,0x57,0x58,0x5b,0x5f,0x67,0x72,0x7f,0x88,0x8e,0x93,0x97,0x95,0x8e,0x85,0x7d,0x79,0x77,0x77,0x78,0x7a,0x7e,
  0x83,0x87,0x8a,0x8b,0x89,0x85,0x81,0x7d,0x7a,0x7b,0x7f,0x84,0x88,0x8a,0x8b,0x89,0x85,0x7e,0x77,0x70,0x6a,0x68,0x69,0x6d,
  0x74,0x80,0x8d,0x98,0x9d,0x9d,0x9a,0x95,0x8a,0x7e,0x71,0x65,0x5b,0x54,0x52,0x57,0x64,0x75,0x85,0x92,0x9d,0xa5,0xa7,0xa2,
  0x97,0x8b,0x7f,0x73,0x69,0x61,0x60,0x67,0x71,0x7e,0x8c,0x99,0xa4,0xa8,0xa9,0xa5,0xa0,0x95,0x88,0x7a,0x6f,0x67,0x5f,0x5a,
  0x5d,0x62,0x66,0x6a,0x73,0x7d,0x86,0x8d,0x93,0x96,0x98,0x95,0x8e,0x84,0x7b,0x75,0x6f,0x69,0x65,0x68,0x6e,0x77,0x81,0x8b,
  0x96,0x9f,0xa1,0x9f,0x9a,0x94,0x8d,0x84,0x79,0x71,0x6c,0x68,0x66,0x69,0x71,0x7b,0x84,0x8c,0x93,0x99,0x99,0x96,0x93,0x8e,
  0x85,0x79,0x71,0x6b,0x66,0x64,0x64,0x6a,0x71,0x77,0x7d,0x81,0x86,0x8a,0x8f,0x90,0x8f,0x90,0x90,0x8f,0x8c,0x89,0x86,0x81,
  0x7a,0x72,0x6d,0x69,0x68,0x6e,0x78,0x82,0x8c,0x96,0x9f,0xa5,0xa5,0x9d,0x91,0x82,0x6e,0x5a,0x4c,0x45,0x45,0x4d,0x5d,0x71,
  0x84,0x96,0xa8,0xb6,0xbd,0xbb,0xb0,0xa0,0x8d,0x77,0x63,0x56,0x4f,0x4e,0x52,0x5d,0x6d,0x83,0x98,0xaa,0xb5,0xb9,0xb5,0xa9,
  0x95,0x7d,0x66,0x55,0x49,0x42,0x43,0x4f,0x63,0x7b,0x8f,0x9e,0xa9,0xae,0xac,0xa2,0x94,0x89,0x80,0x79,0x71,0x6a,0x67,0x68,
  0x6b,0x6d,0x72,0x76,0x78,0x7a,0x7d,0x83,0x88,0x8c,0x93,0x98,0x97,0x93,0x8e,0x89,0x82,0x78,0x71,0x6c,0x69,0x67,0x68,0x6d,
  0x76,0x82,0x8e,0x96,0x9b,0x9f,0xa0,0x9c,0x93,0x86,0x7b,0x6f,0x60,0x51,0x49,0x4c,0x56,0x64,0x74,0x87,0x9b,0xab,0xb4,0xb7,
  0xb2,0xa5,0x93,0x80,0x6d,0x5b,0x4f,0x4c,0x53,0x5e,0x6c,0x7a,0x8c,0x9c,0xa6,0xab,0xaa,0xa6,0x9b,0x8b,0x7a,0x6e,0x65,0x5f,
  0x5c,0x5d,0x61,0x69,0x73,0x7d,0x88,0x93,0x9c,0x9e,0x9b,0x97,0x93,0x8d,0x84,0x7a,0x72,0x6a,0x64,0x62,0x64,0x69,0x70,0x78,
  0x80,0x8a,0x90,0x91,0x92,0x95,0x95,0x90,0x8b,0x87,0x84,0x7e,0x78,0x73,0x71,0x6f,0x71,0x75,0x7b,0x82,0x8a,0x91,0x95,0x96,
  0x93,0x8c,0x83,0x7a,0x71,0x6a,0x64,0x61,0x61,0x66,0x6e,0x76,0x7e,0x88,0x90,0x95,0x95,0x94,0x92,0x8e,0x89,0x83,0x81,0x7f,
  0x7a,0x76,0x75,0x78,0x7d,0x80,0x82,0x85,0x87,0x88,0x86,0x84,0x82,0x80,0x7d,0x79,0x77,0x75,0x75,0x78,0x7c,0x7e,0x7e,0x7d,
  0x7d,0x7e,0x7e,0x7c,0x7c,0x7f,0x84,0x88,0x8a,0x8b,0x8d,0x8d,0x89,0x81,0x79,0x74,0x71,0x6f,0x71,0x76,0x7e,0x85,0x89,0x8a,
  0x8e,0x91,0x8d,0x85,0x7f,0x7a,0x76,0x73,0x72,0x76,0x7d,0x82,0x85,0x89,0x8d,0x8d,0x8a,0x85,0x81,0x7c,0x74,0x6e,0x6c,0x6b,
  0x6a,0x6c,0x74,0x7d,0x85,0x8b,0x91,0x97,0x9a,0x98,0x91,0x87,0x7d,0x74,0x6e,0x6c,0x6f,0x76,0x7e,0x86,0x90,0x9a,0x9d,0x9b,
  0x95,0x8d,0x82,0x73,0x64,0x5c,0x5b,0x5f,0x66,0x70,0x7d,0x8a,0x91,0x93,0x93,0x91,0x8c,0x82,0x78,0x72,0x6f,0x6d,0x6d,0x71,
  0x78,0x7f,0x85,0x89,0x8d,0x8d,0x8c,0x8a,0x87,0x83,0x7e,0x7c,0x7c,0x7f,0x82,0x84,0x84,0x84,0x85,0x84,0x82,0x7f,0x7d,0x7b,
  0x78,0x75,0x76,0x7b,0x83,0x88,0x8c,0x92,0x99,0x99,0x93,0x88,0x7c,0x71,0x66,0x5b,0x55,0x55,0x5a,0x65,0x76,0x88,0x95,0x9d,
  0xa2,0xa0,0x97,0x8b,0x7d,0x71,0x67,0x5f,0x5f,0x67,0x73,0x7f,0x8c,0x99,0xa4,0xaa,0xaa,0xa5,0x9a,0x8d,0x80,0x74,0x67,0x5d,
  0x59,0x5b,0x61,0x6a,0x77,0x84,0x8f,0x96,0x9a,0x9c,0x9b,0x95,0x8c,0x80,0x74,0x6b,0x66,0x66,0x6a,0x71,0x79,0x82,0x8a,0x8c,
  0x89,0x85,0x84,0x80,0x7a,0x77,0x79,0x7d,0x80,0x84,0x89,0x8c,0x8a,0x85,0x7f,0x7a,0x76,0x72,0x73,0x77,0x7d,0x84,0x8b,0x92,
  0x96,0x96,0x93,0x8e,0x84,0x7a,0x6f,0x68,0x63,0x63,0x63,0x65,0x6b,0x75,0x81,0x8a,0x92,0x9c,0xa1,0x9e,0x97,0x8e,0x83,0x77,
  0x6b,0x64,0x61,0x63,0x6a,0x75,0x84,0x93,0x9f,0xa7,0xaa,0xa7,0x9e,0x90,0x7f,0x71,0x66,0x5e,0x5b,0x5d,0x63,0x6b,0x76,0x80,
  0x88,0x8d,0x90,0x90,0x8f,0x8d,0x8b,0x86,0x80,0x7b,0x77,0x72,0x6e,0x6d,0x71,0x75,0x77,0x7c,0x82,0x87,0x87,0x88,0x8a,0x8a,
  0x86,0x82,0x81,0x81,0x81,0x7e,0x7e,0x80,0x81,0x80,0x81,0x83,0x85,0x87,0x89,0x8b,0x8c,0x8b,0x8a,0x8a,0x89,0x86,0x7f,0x78,
  0x71,0x6a,0x65,0x63,0x65,0x6a,0x70,0x77,0x7e,0x87,0x8e,0x93,0x96,0x95,0x91,0x8b,0x83,0x79,0x71,0x6c,0x6b,0x6a,0x6a,0x70,
  0x79,0x81,0x89,0x92,0x9a,0x9f,0x9e,0x9a,0x94,0x8c,0x82,0x78,0x70,0x68,0x62,0x61,0x66,0x6f,0x78,0x82,0x8d,0x97,0x9c,0x9b,
  0x97,0x92,0x8a,0x81,0x78,0x71,0x6e,0x6c,0x6d,0x71,0x77,0x7d,0x81,0x82,0x83,0x84,0x84,0x84,0x86,0x88,0x88,0x88,0x85,0x80,
  0x7b,0x76,0x73,0x71,0x72,0x75,0x7a,0x7f,0x87,0x8e,0x91,0x94,0x94,0x93,0x8f,0x8a,0x82,0x7b,0x75,0x6e,0x67,0x63,0x61,0x64,
  0x6a,0x72,0x7a,0x84,0x90,0x99,0xa0,0xa3,0xa3,0x9f,0x95,0x87,0x7a,0x6f,0x65,0x5f,0x61,0x68,0x70,0x78,0x82,0x8d,0x96,0x9b,
  0x9c,0x99,0x93,0x8b,0x82,0x7a,0x73,0x6f,0x6c,0x6a,0x6b,0x6e,0x70,0x74,0x7a,0x81,0x86,0x8a,0x8d,0x8e,0x8f,0x8d,0x89,0x83,
  0x7e,0x78,0x72,0x6d,0x6c,0x6e,0x72,0x76,0x7c,0x85,0x8e,0x94,0x96,0x99,0x9a,0x97,0x8e,0x83,0x7a,0x72,0x6a,0x67,0x68,0x6c,
  0x70,0x75,0x7c,0x86,0x8f,0x96,0x9b,0x9c,0x99,0x92,0x88,0x7d,0x72,0x67,0x5f,0x5b,0x5b,0x5f,0x67,0x71,0x7e,0x8c,0x97,0x9c,
  0x9c,0x9a,0x95,0x8d,0x85,0x7f,0x7a,0x77,0x76,0x76,0x79,0x7c,0x7d,0x7d,0x7e,0x80,0x82,0x81,0x82,0x86,0x89,0x88,0x86,0x84,
  0x80,0x7a,0x74,0x71,0x70,0x6e,0x6d,0x6f,0x74,0x7a,0x82,0x88,0x8c,0x8e,0x90,0x8f,0x8b,0x87,0x85,0x82,0x7d,0x77,0x73,0x73,
  0x73,0x74,0x79,0x80,0x86,0x8a,0x8f,0x92,0x92,0x8e,0x89,0x84,0x7e,0x77,0x6f,0x6a,0x6b,0x6f,0x73,0x79,0x81,0x88,0x8d,0x8f,
  0x8f,0x8e,0x8a,0x84,0x7c,0x77,0x74,0x73,0x73,0x74,0x76,0x79,0x79,0x76,0x74,0x74,0x73,0x73,0x76,0x7b,0x80,0x86,0x8c,0x92,
  0x96,0x96,0x92,0x8e,0x88,0x81,0x7b,0x78,0x78,0x7a,0x7c,0x7f,0x83,0x87,0x89,0x88,0x87,0x86,0x84,0x82,0x80,0x7f,0x7d,0x7e,
  0x7e,0x7b,0x77,0x72,0x70,0x6e,0x6d,0x6f,0x73,0x77,0x7c,0x80,0x85,0x88,0x8a,0x8c,0x8b,0x89,0x85,0x80,0x7c,0x79,0x77,0x75,
  0x72,0x72,0x76,0x7c,0x86,0x90,0x9c,0xa5,0xaa,0xa7,0x9e,0x92,0x85,0x76,0x68,0x5d,0x59,0x5b,0x60,0x69,0x76,0x82,0x8d,0x95,
  0x98,0x98,0x92,0x89,0x7f,0x76,0x6d,0x66,0x61,0x61,0x65,0x6a,0x71,0x7a,0x84,0x8c,0x92,0x96,0x9b,0xa0,0xa2,0xa0,0x9c,0x98,
  0x91,0x87,0x7e,0x78,0x72,0x6c,0x67,0x63,0x64,0x67,0x6e,0x77,0x82,0x8e,0x96,0x9a,0x9a,0x95,0x8c,0x7f,0x71,0x65,0x5b,0x55,
  0x54,0x5b,0x68,0x77,0x87,0x97,0xa6,0xb0,0xb1,0xad,0xa3,0x97,0x85,0x72,0x62,0x59,0x55,0x56,0x5d,0x6a,0x79,0x89,0x96,0xa1,
  0xaa,0xad,0xa9,0xa1,0x96,0x88,0x7a,0x6e,0x66,0x63,0x63,0x65,0x6a,0x71,0x77,0x7b,0x7d,0x80,0x82,0x83,0x84,0x85,0x86,0x87,
  0x87,0x84,0x80,0x79,0x72,0x6c,0x68,0x65,0x65,0x69,0x73,0x7f,0x8c,0x97,0xa0,0xa8,0xab,0xa7,0x9e,0x92,0x86,0x78,0x6b,0x62,
  0x5f,0x5f,0x62,0x69,0x75,0x83,0x92,0x9f,0xa6,0xaa,0xa7,0x9f,0x93,0x83,0x74,0x66,0x5c,0x58,0x57,0x5a,0x61,0x6c,0x79,0x85,
  0x8e,0x93,0x94,0x92,0x8c,0x84,0x7b,0x74,0x6f,0x6b,0x69,0x69,0x6c,0x70,0x74,0x7b,0x83,0x8b,0x91,0x96,0x9c,0xa2,0xa5,0xa3,
  0xa0,0x9c,0x94,0x89,0x80,0x77,0x6e,0x64,0x5d,0x5b,0x5d,0x61,0x68,0x71,0x7c,0x87,0x8e,0x92,0x93,0x92,0x8d,0x85,0x7c,0x73,
  0x6a,0x62,0x5d,0x5e,0x66,0x71,0x7d,0x8a,0x98,0xa3,0xa7,0xa7,0xa4,0x9c,0x90,0x85,0x79,0x6f,0x67,0x62,0x62,0x67,0x6e,0x77,
  0x80,0x89,0x92,0x98,0x9b,0x99,0x94,0x8e,0x87,0x7e,0x75,0x6f,0x6a,0x66,0x63,0x62,0x66,0x6c,0x72,0x7a,0x85,0x8f,0x95,0x98,
  0x99,0x98,0x93,0x8c,0x85,0x7c,0x72,0x69,0x64,0x64,0x67,0x6c,0x77,0x85,0x93,0x9d,0xa5,0xaa,0xaa,0xa5,0x9c,0x90,0x82,0x74,
  0x67,0x5d,0x58,0x56,0x58,0x5f,0x6a,0x78,0x85,0x91,0x9c,0xa3,0xa3,0x9e,0x95,0x8a,0x7e,0x72,0x68,0x61,0x5e,0x61,0x67,0x71,
  0x7d,0x89,0x93,0x9b,0x9e,0x9b,0x97,0x90,0x88,0x7f,0x77,0x6f,0x6a,0x67,0x67,0x6b,0x72,0x7c,0x87,0x91,0x98,0x9c,0x9e,0x9f,
  0x9c,0x95,0x8b,0x82,0x7a,0x72,0x6b,0x67,0x67,0x69,0x6c,0x70,0x75,0x7a,0x7f,0x83,0x86,0x88,0x8a,0x8a,0x88,0x86,0x83,0x7e,
  0x79,0x73,0x6e,0x6b,0x6c,0x6f,0x74,0x7c,0x84,0x8e,0x95,0x9b,0x9e,0x9e,0x9b,0x97,0x90,0x86,0x7b,0x71,0x6b,0x69,0x69,0x6c,
  0x71,0x77,0x80,0x8a,0x90,0x92,0x93,0x91,0x8b,0x82,0x77,0x6e,0x68,0x66,0x67,0x6b,0x72,0x78,0x7f,0x85,0x89,0x8b,0x8b,0x8a,
  0x87,0x83,0x7f,0x7c,0x79,0x77,0x76,0x78,0x7b,0x7e,0x81,0x84,0x87,0x89,0x8a,0x89,0x88,0x87,0x87,0x87,0x87,0x84,0x80,0x80,
  0x80,0x7f,0x7c,0x7b,0x7b,0x79,0x76,0x72,0x70,0x71,0x73,0x77,0x7c,0x83,0x88,0x8b,0x8b,0x8b,0x88,0x84,0x81,0x7d,0x77,0x73,
  0x73,0x73,0x74,0x76,0x7c,0x82,0x86,0x8a,0x8d,0x8d,0x8b,0x88,0x86,0x83,0x7e,0x7b,0x7b,0x7d,0x7d,0x7c,0x7d,0x80,0x83,0x84,
  0x83,0x84,0x85,0x82,0x7e,0x7b,0x7b,0x7c,0x7e,0x80,0x81,0x82,0x82,0x80,0x7e,0x7c,0x7a,0x7b,0x7c,0x7d,0x7e,0x7e,0x7f,0x80,
  0x80,0x80,0x7f,0x7c,0x7a,0x78,0x76,0x74,0x76,0x7a,0x7f,0x83,0x86,0x8a,0x8e,0x90,0x92,0x92,0x91,0x8e,0x89,0x84,0x7f,0x7a,
  0x75,0x72,0x70,0x71,0x73,0x77,0x7c,0x83,0x87,0x89,0x8a,0x88,0x84,0x80,0x7e,0x7a,0x76,0x74,0x72,0x71,0x71,0x73,0x79,0x7f,
  0x84,0x87,0x89,0x8a,0x8a,0x88,0x85,0x84,0x83,0x80,0x7d,0x7b,0x7c,0x7e,0x7f,0x83,0x87,0x89,0x8a,0x8a,0x8b,0x8a,0x86,0x81,
  0x7d,0x7b,0x7a,0x78,0x76,0x78,0x7b,0x7a,0x79,0x7b,0x7d,0x7e,0x7e,0x7f,0x7f,0x7d,0x7b,0x7a,0x7b,0x7b,0x7b,0x7b,0x7c,0x7b,
  0x7b,0x7b,0x7d,0x7f,0x81,0x84,0x87,0x86,0x86,0x87,0x89,0x8b,0x8e,0x90,0x90,0x8d,0x87,0x81,0x7a,0x73,0x6d,0x69,0x6b,0x71,
  0x77,0x7e,0x86,0x8d,0x90,0x8f,0x8b,0x86,0x80,0x79,0x73,0x71,0x70,0x70,0x72,0x78,0x7f,0x84,0x86,0x87,0x86,0x84,0x80,0x7d,
  0x7b,0x79,0x77,0x77,0x79,0x7b,0x7d,0x81,0x85,0x89,0x8b,0x8b,0x89,0x86,0x83,0x7f,0x7d,0x7d,0x7d,0x80,0x84,0x88,0x89,0x89,
  0x89,0x88,0x86,0x81,0x7b,0x78,0x75,0x73,0x72,0x75,0x78,0x7b,0x7e,0x82,0x86,0x85,0x82,0x7d,0x77,0x71,0x6b,0x69,0x6b,0x70,
  0x75,0x7c,0x87,0x92,0x98,0x9b,0x9d,0x9c,0x96,0x8c,0x81,0x78,0x71,0x6e,0x6f,0x74,0x7a,0x83,0x8b,0x90,0x92,0x91,0x8d,0x88,
  0x82,0x7c,0x77,0x74,0x75,0x76,0x76,0x78,0x7a,0x7b,0x7b,0x7a,0x79,0x79,0x78,0x78,0x78,0x79,0x7b,0x7d,0x7e,0x7f,0x7f,0x7e,
  0x7e,0x7e,0x7d,0x7d,0x80,0x85,0x87,0x89,0x8d,0x91,0x92,0x92,0x92,0x92,0x90,0x8b,0x86,0x81,0x7b,0x76,0x73,0x72,0x73,0x75,
  0x7a,0x7f,0x84,0x86,0x87,0x86,0x82,0x7a,0x72,0x6c,0x69,0x66,0x67,0x6c,0x72,0x79,0x80,0x88,0x8e,0x91,0x92,0x91,0x8d,0x86,
  0x7f,0x7a,0x78,0x78,0x76,0x77,0x7c,0x80,0x83,0x86,0x8b,0x8e,0x8f,0x8d,0x8b,0x88,0x86,0x83,0x81,0x80,0x80,0x81,0x80,0x7d,
  0x7c,0x7d,0x7c,0x7a,0x78,0x78,0x79,0x79,0x78,0x78,0x79,0x7a,0x78,0x75,0x75,0x77,0x78,0x77,0x77,0x78,0x79,0x78,0x7a,0x7f,
  0x86,0x8b,0x8f,0x93,0x95,0x94,0x91,0x8c,0x86,0x80,0x7a,0x75,0x73,0x74,0x78,0x7e,0x84,0x8a,0x8f,0x91,0x8d,0x88,0x84,0x80,
  0x79,0x70,0x6b,0x69,0x67,0x68,0x6d,0x75,0x7c,0x83,0x87,0x8b,0x8f,0x90,0x8d,0x89,0x83,0x7d,0x76,0x70,0x6c,0x6c,0x6f,0x72,
  0x78,0x7f,0x87,0x8e,0x93,0x96,0x98,0x96,0x91,0x8a,0x82,0x7d,0x7b,0x7b,0x7c,0x7f,0x82,0x84,0x85,0x86,0x85,0x83,0x7e,0x7b,
  0x78,0x74,0x71,0x71,0x72,0x73,0x72,0x71,0x70,0x70,0x71,0x73,0x77,0x7d,0x83,0x88,0x8c,0x8e,0x91,0x90,0x8d,0x8a,0x87,0x84,
  0x7f,0x7c,0x7c,0x7e,0x82,0x86,0x89,0x8c,0x8d,0x8d,0x8c,0x8a,0x89,0x85,0x80,0x7c,0x7b,0x7a,0x77,0x75,0x75,0x77,0x76,0x74,
  0x76,0x79,0x7b,0x7e,0x80,0x81,0x82,0x82,0x81,0x80,0x7e,0x7b,0x79,0x78,0x77,0x76,0x76,0x79,0x7d,0x81,0x84,0x86,0x88,0x89,
  0x8b,0x8d,0x8e,0x8e,0x8d,0x8c,0x8b,0x88,0x86,0x84,0x82,0x7f,0x7e,0x7e,0x7f,0x80,0x82,0x83,0x84,0x84,0x81,0x7c,0x76,0x71,
  0x6e,0x6c,0x6c,0x6d,0x70,0x75,0x7a,0x81,0x87,0x8c,0x8f,0x90,0x8e,0x89,0x84,0x7f,0x7b,0x77,0x74,0x73,0x74,0x77,0x7b,0x7f,
  0x82,0x87,0x8d,0x8f,0x8f,0x90,0x91,0x91,0x8e,0x8b,0x88,0x83,0x7e,0x7b,0x7a,0x7a,0x7a,0x79,0x79,0x7a,0x7a,0x79,0x7a,0x7a,
  0x7b,0x7a,0x7a,0x7a,0x7a,0x7b,0x7c,0x7b,0x7b,0x7b,0x7a,0x77,0x78,0x7c,0x80,0x82,0x82,0x85,0x89,0x8b,0x8a,0x89,0x8a,0x8c,
  0x8b,0x87,0x85,0x84,0x84,0x82,0x81,0x82,0x82,0x82,0x82,0x83,0x84,0x83,0x83,0x81,0x7d,0x79,0x74,0x71,0x70,0x6f,0x6c,0x6b,
  0x6e,0x73,0x76,0x78,0x7e,0x86,0x8c,0x90,0x90,0x90,0x8f,0x8c,0x87,0x81,0x7a,0x75,0x70,0x6d,0x6c,0x6f,0x74,0x7a,0x81,0x89,
  0x90,0x98,0x9d,0x9f,0x9e,0x98,0x90,0x84,0x78,0x70,0x6a,0x68,0x69,0x6d,0x75,0x7d,0x82,0x87,0x8c,0x8d,0x88,0x82,0x7d,0x78,
  0x72,0x6c,0x6b,0x6d,0x70,0x73,0x76,0x7b,0x82,0x86,0x8a,0x8c,0x8e,0x8d,0x89,0x84,0x81,0x7f,0x7d,0x7c,0x7b,0x7b,0x7c,0x7d,
  0x7f,0x82,0x86,0x88,0x88,0x88,0x8b,0x8e,0x8d,0x8a,0x87,0x84,0x7f,0x78,0x71,0x6c,0x6b,0x6b,0x6a,0x6c,0x71,0x76,0x7a,0x7f,
  0x87,0x90,0x95,0x95,0x92,0x8f,0x8a,0x82,0x79,0x73,0x6e,0x6a,0x69,0x6d,0x73,0x7a,0x81,0x8a,0x91,0x93,0x92,0x90,0x8e,0x8a,
  0x84,0x7e,0x7a,0x78,0x78,0x78,0x7c,0x82,0x89,0x8c,0x8b,0x88,0x85,0x83,0x7f,0x7b,0x77,0x75,0x74,0x73,0x70,0x70,0x74,0x79,
  0x7b,0x7d,0x81,0x84,0x86,0x87,0x89,0x8b,0x8b,0x89,0x85,0x82,0x7f,0x7d,0x7c,0x7b,0x7b,0x7b,0x7c,0x7e,0x80,0x82,0x84,0x87,
  0x8b,0x8d,0x8e,0x8e,0x8d,0x8a,0x83,0x7b,0x73,0x6d,0x67,0x66,0x68,0x6e,0x76,0x7c,0x80,0x84,0x89,0x8d,0x90,0x8f,0x8c,0x88,
  0x81,0x79,0x72,0x6f,0x70,0x73,0x77,0x7e,0x85,0x8a,0x8b,0x8b,0x8c,0x8b,0x86,0x7f,0x7a,0x76,0x74,0x75,0x78,0x7e,0x84,0x87,
  0x89,0x8b,0x8e,0x8c,0x88,0x84,0x82,0x7e,0x7a,0x77,0x78,0x7a,0x79,0x75,0x73,0x73,0x74,0x74,0x76,0x7a,0x7f,0x82,0x83,0x82,
  0x82,0x84,0x85,0x85,0x83,0x81,0x81,0x81,0x80,0x81,0x83,0x83,0x83,0x81,0x7f,0x7c,0x7c,0x7c,0x7e,0x7f,0x81,0x81,0x81,0x80,
  0x81,0x80,0x7e,0x7d,0x7c,0x7a,0x79,0x79,0x7b,0x7e,0x80,0x81,0x82,0x82,0x83,0x84,0x82,0x81,0x80,0x80,0x7e,0x7c,0x7c,0x7d,
  0x7e,0x7f,0x7f,0x7e,0x7d,0x7c,0x7c,0x7d,0x80,0x84,0x86,0x86,0x84,0x82,0x7f,0x7c,0x79,0x77,0x76,0x78,0x7b,0x7f,0x84,0x87,
  0x8a,0x8a,0x89,0x85,0x81,0x7e,0x7d,0x7b,0x79,0x79,0x7b,0x7d,0x7e,0x80,0x82,0x85,0x86,0x85,0x83,0x82,0x82,0x83,0x84,0x84,
  0x84,0x83,0x82,0x81,0x80,0x7f,0x80,0x80,0x7e,0x7c,0x7b,0x7a,0x79,0x78,0x78,0x79,0x7a,0x79,0x79,0x7b,0x7f,0x82,0x86,0x8a,
  0x8b,0x89,0x86,0x83,0x7f,0x7b,0x78,0x78,0x7b,0x80,0x85,0x89,0x8c,0x8d,0x8c,0x87,0x81,0x7d,0x7a,0x77,0x75,0x75,0x77,0x7a,
  0x7c,0x7e,0x82,0x87,0x89,0x88,0x88,0x85,0x80,0x7a,0x76,0x74,0x73,0x73,0x74,0x78,0x7c,0x80,0x84,0x88,0x8b,0x8d,0x8c,0x8b,
  0x89,0x85,0x82,0x80,0x7e,0x7b,0x79,0x78,0x79,0x7c,0x7f,0x82,0x84,0x87,0x88,0x86,0x81,0x7d,0x79,0x76,0x73,0x72,0x76,0x7d,
  0x83,0x87,0x89,0x8b,0x89,0x84,0x7e,0x7a,0x79,0x79,0x79,0x7a,0x7c,0x7c,0x7e,0x82,0x86,0x86,0x85,0x85,0x85,0x84,0x80,0x7e,
  0x7f,0x80,0x7f,0x7e,0x7f,0x80,0x7f,0x7d,0x7c,0x7e,0x80,0x7f,0x7e,0x7e,0x7f,0x7e,0x7c,0x7c,0x7d,0x7e,0x7e,0x81,0x85,0x87,
  0x88,0x88,0x88,0x85,0x80,0x7b,0x77,0x75,0x73,0x73,0x75,0x78,0x7c,0x81,0x84,0x87,0x89,0x87,0x82,0x7e,0x7c,0x7c,0x7c,0x7d,
  0x7f,0x82,0x84,0x85,0x85,0x86,0x87,0x86,0x85,0x83,0x80,0x7d,0x7a,0x78,0x77,0x79,0x7b,0x7d,0x7e,0x81,0x86,0x89,0x8a,0x89,
  0x86,0x82,0x7d,0x77,0x71,0x6e,0x6e,0x6f,0x6f,0x72,0x78,0x80,0x85,0x88,0x8b,0x8c,0x8b,0x87,0x83,0x80,0x7f,0x7f,0x7f,0x82,
  0x85,0x87,0x89,0x8d,0x8f,0x8e,0x89,0x85,0x81,0x7b,0x75,0x72,0x72,0x74,0x74,0x75,0x78,0x7d,0x80,0x81,0x82,0x83,0x83,0x81,
  0x7c,0x7a,0x7a,0x79,0x77,0x77,0x79,0x7b,0x7d,0x80,0x83,0x86,0x89,0x8a,0x8a,0x89,0x88,0x86,0x85,0x86,0x86,0x86,0x86,0x86,
  0x85,0x83,0x80,0x7d,0x79,0x76,0x74,0x75,0x77,0x7a,0x7f,0x82,0x84,0x84,0x84,0x81,0x7e,0x7b,0x79,0x76,0x75,0x75,0x78,0x7c,
  0x80,0x84,0x88,0x8b,0x8d,0x8c,0x8a,0x87,0x84,0x81,0x7d,0x79,0x76,0x74,0x74,0x78,0x7d,0x82,0x89,0x8f,0x93,0x93,0x91,0x8e,
  0x8a,0x83,0x78,0x6f,0x69,0x67,0x66,0x68,0x6e,0x78,0x82,0x8a,0x90,0x93,0x94,0x91,0x8a,0x82,0x7a,0x75,0x72,0x71,0x74,0x7a,
  0x80,0x84,0x87,0x87,0x85,0x85,0x83,0x80,0x7d,0x7b,0x7a,0x79,0x79,0x79,0x7c,0x7f,0x82,0x83,0x85,0x87,0x88,0x88,0x87,0x86,
  0x83,0x80,0x7c,0x7b,0x7b,0x7e,0x81,0x83,0x85,0x86,0x87,0x84,0x7f,0x7b,0x78,0x73,0x6f,0x6e,0x70,0x74,0x7a,0x82,0x8a,0x8f,
  0x91,0x91,0x8d,0x84,0x7b,0x72,0x6a,0x64,0x61,0x65,0x6d,0x7b,0x8b,0x98,0xa2,0xa7,0xa7,0xa1,0x96,0x8a,0x7e,0x73,0x6a,0x66,
  0x66,0x68,0x6d,0x75,0x7e,0x87,0x8d,0x90,0x90,0x8d,0x88,0x81,0x79,0x71,0x6a,0x65,0x66,0x6c,0x73,0x7d,0x87,0x90,0x95,0x96,
  0x95,0x93,0x8e,0x86,0x7c,0x74,0x6d,0x6b,0x6b,0x6f,0x76,0x80,0x89,0x8f,0x92,0x93,0x91,0x8b,0x84,0x7e,0x78,0x75,0x73,0x74,
  0x76,0x7b,0x80,0x83,0x83,0x7f,0x7c,0x7a,0x78,0x77,0x77,0x7a,0x7d,0x80,0x83,0x85,0x88,0x88,0x88,0x86,0x85,0x83,0x82,0x80,
  0x7e,0x7d,0x7c,0x7a,0x78,0x78,0x7c,0x81,0x85,0x88,0x8b,0x8c,0x8a,0x86,0x83,0x7e,0x7a,0x77,0x75,0x73,0x74,0x75,0x77,0x7a,
  0x7f,0x83,0x85,0x86,0x87,0x87,0x86,0x84,0x82,0x7f,0x7b,0x78,0x78,0x79,0x7a,0x7a,0x7d,0x81,0x85,0x87,0x89,0x8b,0x8c,0x8b,
  0x87,0x82,0x7c,0x75,0x6f,0x6b,0x6a,0x6d,0x72,0x7a,0x82,0x8b,0x94,0x9b,0x9d,0x9b,0x95,0x8c,0x82,0x79,0x72,0x6d,0x6a,0x6b,
  0x6e,0x72,0x78,0x80,0x87,0x8d,0x8f,0x8f,0x8c,0x88,0x82,0x7a,0x74,0x70,0x6e,0x6e,0x70,0x76,0x7d,0x84,0x8c,0x91,0x94,0x92,
  0x8f,0x8a,0x83,0x7d,0x77,0x73,0x72,0x72,0x73,0x78,0x7f,0x86,0x8b,0x8d,0x8c,0x89,0x84,0x7e,0x78,0x73,0x72,0x74,0x77,0x7b,
  0x80,0x86,0x89,0x8b,0x8a,0x86,0x80,0x79,0x74,0x71,0x71,0x73,0x78,0x7d,0x83,0x88,0x8d,0x90,0x91,0x91,0x8e,0x88,0x82,0x7b,
  0x76,0x72,0x6f,0x6d,0x6e,0x72,0x77,0x7d,0x84,0x8d,0x92,0x93,0x90,0x8b,0x84,0x7c,0x73,0x6b,0x66,0x64,0x66,0x6d,0x77,0x80,
  0x8a,0x93,0x99,0x9a,0x97,0x90,0x88,0x7e,0x75,0x6e,0x6b,0x6b,0x6e,0x74,0x7c,0x85,0x8f,0x97,0x99,0x98,0x94,0x91,0x8b,0x83,
  0x7a,0x73,0x6d,0x69,0x67,0x67,0x6a,0x70,0x76,0x7d,0x83,0x89,0x8d,0x8e,0x8d,0x8b,0x86,0x7f,0x79,0x75,0x74,0x73,0x74,0x79,
  0x7e,0x82,0x85,0x87,0x89,0x89,0x88,0x84,0x81,0x7d,0x7a,0x7a,0x7b,0x7f,0x83,0x87,0x89,0x89,0x88,0x87,0x84,0x81,0x7f,0x7d,
  0x7b,0x79,0x79,0x79,0x7a,0x7a,0x7b,0x7c,0x7e,0x7f,0x7e,0x7e,0x7f,0x7f,0x80,0x80,0x7f,0x7f,0x7f,0x80,0x83,0x85,0x86,0x86,
  0x85,0x84,0x82,0x80,0x7e,0x7a,0x76,0x74,0x75,0x78,0x7d,0x82,0x88,0x8e,0x91,0x92,0x92,0x90,0x8b,0x86,0x80,0x7b,0x75,0x70,
  0x6e,0x70,0x72,0x75,0x79,0x7e,0x83,0x84,0x85,0x86,0x88,0x87,0x83,0x80,0x7e,0x7b,0x79,0x78,0x7a,0x7d,0x80,0x82,0x84,0x86,
  0x86,0x87,0x85,0x83,0x80,0x7d,0x7b,0x7a,0x7b,0x7d,0x7f,0x81,0x84,0x86,0x87,0x88,0x88,0x88,0x87,0x85,0x81,0x7b,0x76,0x73,
  0x72,0x71,0x70,0x71,0x74,0x77,0x7b,0x7f,0x84,0x89,0x8a,0x89,0x87,0x85,0x81,0x7d,0x7b,0x79,0x78,0x78,0x7a,0x7e,0x82,0x85,
  0x88,0x8b,0x8b,0x87,0x82,0x7e,0x7e,0x7e,0x7c,0x7d,0x81,0x85,0x88,0x8a,0x8e,0x90,0x8f,0x8a,0x81,0x79,0x72,0x6b,0x65,0x61,
  0x62,0x66,0x6c,0x72,0x7c,0x86,0x8e,0x92,0x94,0x94,0x90,0x89,0x81,0x7b,0x77,0x73,0x72,0x76,0x7c,0x81,0x85,0x8a,0x8d,0x8e,
  0x89,0x83,0x7d,0x79,0x76,0x73,0x74,0x79,0x7f,0x83,0x88,0x8e,0x91,0x90,0x8c,0x85,0x7d,0x75,0x70,0x6e,0x6f,0x72,0x77,0x7c,
  0x80,0x85,0x89,0x8a,0x88,0x84,0x82,0x7f,0x7a,0x75,0x75,0x77,0x7b,0x7f,0x84,0x89,0x8c,0x8d,0x8b,0x88,0x83,0x7b,0x72,0x6b,
  0x68,0x68,0x6c,0x73,0x7c,0x87,0x92,0x9a,0x9f,0x9f,0x9a,0x91,0x86,0x7b,0x70,0x69,0x66,0x67,0x6d,0x76,0x80,0x87,0x8c,0x90,
  0x92,0x8f,0x89,0x83,0x7c,0x76,0x72,0x71,0x75,0x79,0x7e,0x82,0x87,0x89,0x8a,0x88,0x86,0x83,0x7e,0x7a,0x76,0x72,0x71,0x73,
  0x78,0x7e,0x85,0x8c,0x92,0x97,0x98,0x95,0x90,0x89,0x82,0x7a,0x72,0x6e,0x6e,0x70,0x73,0x78,0x7d,0x82,0x85,0x85,0x83,0x81,
  0x7e,0x77,0x72,0x6f,0x70,0x74,0x7a,0x81,0x89,0x8f,0x93,0x94,0x91,0x8d,0x87,0x81,0x7c,0x78,0x75,0x73,0x76,0x79,0x7e,0x83,
  0x86,0x8a,0x8b,0x8b,0x88,0x86,0x83,0x80,0x7d,0x7b,0x78,0x78,0x7a,0x7a,0x7a,0x7a,0x7b,0x7a,0x78,0x79,0x7b,0x7c,0x7e,0x80,
  0x81,0x82,0x83,0x83,0x84,0x87,0x87,0x87,0x85,0x83,0x81,0x7c,0x79,0x77,0x76,0x75,0x75,0x77,0x7b,0x7f,0x83,0x86,0x87,0x87,
  0x85,0x83,0x82,0x7f,0x7d,0x7d,0x7e,0x7f,0x7f,0x81,0x84,0x86,0x87,0x87,0x86,0x82,0x7f,0x7c,0x7a,0x7a,0x7b,0x7c,0x7f,0x81,
  0x81,0x82,0x83,0x83,0x81,0x7e,0x7d,0x7d,0x7b,0x79,0x79,0x7b,0x7b,0x78,0x76,0x74,0x75,0x74,0x75,0x77,0x7c,0x80,0x84,0x89,
  0x8c,0x90,0x92,0x93,0x91,0x8d,0x8a,0x87,0x82,0x7e,0x7b,0x7a,0x79,0x77,0x76,0x78,0x7a,0x7b,0x7c,0x7e,0x80,0x7f,0x7e,0x7d,
  0x7e,0x7c,0x7a,0x7b,0x7c,0x7d,0x7c,0x7c,0x7f,0x83,0x84,0x83,0x83,0x84,0x84,0x82,0x80,0x7f,0x7e,0x7d,0x7e,0x80,0x82,0x84,
  0x86,0x87,0x88,0x88,0x86,0x83,0x7e,0x7b,0x79,0x76,0x73,0x73,0x75,0x77,0x78,0x7a,0x7e,0x82,0x84,0x83,0x84,0x86,0x85,0x84,
  0x83,0x83,0x84,0x82,0x7e,0x7d,0x7d,0x7d,0x7b,0x7b,0x7d,0x80,0x81,0x81,0x83,0x85,0x84,0x81,0x7d,0x7a,0x77,0x75,0x75,0x78,
  0x7d,0x82,0x86,0x8b,0x8d,0x8e,0x8c,0x87,0x82,0x7d,0x78,0x74,0x71,0x73,0x77,0x7c,0x81,0x87,0x8d,0x90,0x90,0x8e,0x8c,0x89,
  0x83,0x7c,0x76,0x73,0x71,0x6f,0x6f,0x72,0x76,0x79,0x7b,0x7e,0x83,0x84,0x82,0x7d,0x7b,0x79,0x76,0x73,0x75,0x7c,0x82,0x87,
  0x8c,0x92,0x96,0x97,0x93,0x8e,0x89,0x83,0x7c,0x78,0x76,0x77,0x79,0x7d,0x83,0x89,0x8c,0x8a,0x88,0x86,0x82,0x7c,0x75,0x70,
  0x6f,0x6f,0x6f,0x71,0x76,0x7c,0x7f,0x80,0x81,0x83,0x83,0x80,0x7c,0x79,0x79,0x79,0x79,0x7a,0x80,0x88,0x8c,0x8f,0x91,0x93,
  0x92,0x8d,0x86,0x80,0x79,0x72,0x6e,0x6e,0x71,0x76,0x7c,0x84,0x8c,0x91,0x91,0x8d,0x88,0x83,0x7d,0x76,0x70,0x6f,0x6f,0x72,
  0x76,0x7c,0x83,0x89,0x8b,0x8b,0x89,0x87,0x82,0x7c,0x77,0x75,0x74,0x74,0x76,0x7a,0x7f,0x83,0x86,0x8a,0x8d,0x8d,0x8a,0x86,
  0x84,0x81,0x7a,0x74,0x70,0x71,0x73,0x76,0x7a,0x82,0x8b,0x90,0x90,0x8e,0x8c,0x89,0x83,0x7c,0x78,0x76,0x76,0x76,0x78,0x7c,
  0x7f,0x80,0x81,0x80,0x7f,0x7d,0x7b,0x79,0x79,0x79,0x7a,0x7b,0x7d,0x7f,0x7f,0x80,0x82,0x85,0x85,0x83,0x83,0x84,0x86,0x85,
  0x84,0x83,0x83,0x83,0x82,0x81,0x82,0x84,0x85,0x85,0x86,0x87,0x88,0x87,0x84,0x82,0x81,0x7e,0x7a,0x76,0x72,0x72,0x72,0x71,
  0x71,0x71,0x73,0x75,0x78,0x7b,0x7e,0x81,0x84,0x86,0x86,0x83,0x81,0x81,0x81,0x82,0x82,0x84,0x88,0x8d,0x8f,0x8f,0x8e,0x8c,
  0x89,0x86,0x82,0x80,0x7e,0x7e,0x7e,0x7f,0x80,0x81,0x82,0x81,0x80,0x7e,0x7c,0x79,0x75,0x73,0x72,0x72,0x74,0x76,0x78,0x79,
  0x7b,0x7e,0x80,0x81,0x81,0x81,0x82,0x83,0x81,0x7f,0x80,0x83,0x86,0x88,0x8a,0x8d,0x8f,0x8e,0x8a,0x85,0x7f,0x7a,0x75,0x71,
  0x70,0x72,0x77,0x7d,0x84,0x8a,0x8f,0x92,0x92,0x8e,0x89,0x82,0x7b,0x74,0x6e,0x6b,0x69,0x6c,0x72,0x79,0x7e,0x83,0x89,0x8d,
  0x8e,0x8c,0x89,0x85,0x81,0x7c,0x78,0x74,0x74,0x74,0x77,0x7a,0x80,0x84,0x87,0x88,0x89,0x88,0x85,0x82,0x7d,0x7a,0x77,0x77,
  0x79,0x7b,0x7f,0x84,0x89,0x8c,0x8d,0x8e,0x8d,0x89,0x84,0x7f,0x7b,0x76,0x72,0x72,0x74,0x76,0x78,0x7a,0x7c,0x7e,0x7f,0x7d,
  0x7a,0x7a,0x7b,0x7b,0x79,0x79,0x7d,0x81,0x83,0x84,0x86,0x89,0x88,0x85,0x83,0x82,0x81,0x7d,0x7a,0x7c,0x7e,0x7f,0x81,0x85,
  0x8a,0x8e,0x8e,0x8d,0x8d,0x8c,0x88,0x82,0x7d,0x79,0x74,0x6f,0x6c,0x6c,0x6e,0x6f,0x71,0x77,0x7e,0x82,0x82,0x82,0x84,0x85,
  0x83,0x7e,0x7b,0x7b,0x7c,0x7d,0x7f,0x84,0x89,0x8c,0x8d,0x8e,0x8e,0x8b,0x85,0x81,0x7e,0x7d,0x7c,0x7e,0x82,0x87,0x89,0x89,
  0x88,0x87,0x84,0x7f,0x7a,0x76,0x73,0x70,0x6e,0x6e,0x71,0x73,0x76,0x7c,0x82,0x87,0x88,0x87,0x85,0x83,0x80,0x7c,0x7a,0x7a,
  0x7c,0x7f,0x83,0x89,0x8d,0x91,0x94,0x94,0x91,0x8b,0x83,0x7b,0x73,0x6d,0x6a,0x6b,0x6f,0x77,0x80,0x8a,0x91,0x95,0x95,0x92,
  0x8b,0x83,0x7b,0x73,0x6e,0x6d,0x6f,0x72,0x77,0x7d,0x82,0x87,0x8a,0x89,0x86,0x82,0x7d,0x79,0x76,0x76,0x79,0x7d,0x80,0x84,
  0x88,0x8a,0x8a,0x88,0x84,0x7f,0x78,0x72,0x6f,0x6f,0x72,0x79,0x81,0x8a,0x92,0x97,0x99,0x97,0x93,0x8b,0x82,0x79,0x72,0x6e,
  0x6c,0x6d,0x73,0x7d,0x85,0x8a,0x8d,0x8f,0x8f,0x8b,0x82,0x79,0x71,0x6a,0x65,0x63,0x66,0x6d,0x76,0x80,0x89,0x91,0x95,0x94,
  0x90,0x89,0x80,0x77,0x6d,0x68,0x67,0x6b,0x73,0x7e,0x8a,0x95,0x9c,0x9f,0x9f,0x9b,0x93,0x8b,0x82,0x7b,0x74,0x71,0x71,0x74,
  0x78,0x7c,0x80,0x81,0x80,0x7e,0x7a,0x76,0x72,0x6f,0x6e,0x6d,0x70,0x74,0x79,0x7e,0x85,0x89,0x8b,0x8b,0x89,0x87,0x85,0x81,
  0x7e,0x7b,0x7b,0x7b,0x7d,0x81,0x87,0x8d,0x91,0x94,0x94,0x91,0x8c,0x85,0x7d,0x75,0x6f,0x6a,0x69,0x6b,0x70,0x75,0x7c,0x83,
  0x87,0x88,0x86,0x83,0x7e,0x78,0x73,0x71,0x72,0x75,0x7a,0x7f,0x85,0x8c,0x91,0x91,0x8f,0x8d,0x89,0x84,0x7e,0x7b,0x7a,0x79,
  0x79,0x79,0x7c,0x7f,0x81,0x83,0x83,0x84,0x84,0x83,0x81,0x7f,0x7e,0x7c,0x7b,0x7a,0x7a,0x7a,0x7a,0x7a,0x7d,0x80,0x81,0x81,
  0x82,0x82,0x82,0x81,0x80,0x80,0x82,0x83,0x85,0x87,0x89,0x8a,0x88,0x83,0x7f,0x7c,0x78,0x73,0x72,0x75,0x79,0x7b,0x7f,0x85,
  0x89,0x89,0x87,0x85,0x83,0x81,0x7d,0x7b,0x7b,0x7e,0x80,0x82,0x85,0x88,0x89,0x88,0x86,0x84,0x82,0x7f,0x7d,0x7b,0x7a,0x7a,
  0x79,0x79,0x7b,0x7c,0x7c,0x7c,0x7f,0x81,0x81,0x80,0x81,0x80,0x7f,0x7c,0x7a,0x7a,0x7c,0x7d,0x7f,0x81,0x85,0x89,0x8a,0x89,
  0x89,0x87,0x84,0x80,0x7e,0x7e,0x7e,0x7f,0x82,0x86,0x89,0x89,0x87,0x85,0x81,0x7c,0x77,0x72,0x6f,0x6f,0x6f,0x72,0x77,0x7d,
  0x83,0x87,0x89,0x89,0x87,0x83,0x7e,0x7a,0x76,0x74,0x73,0x75,0x7a,0x7f,0x85,0x8c,0x91,0x94,0x93,0x91,0x8e,0x89,0x82,0x7d,
  0x79,0x77,0x77,0x77,0x78,0x7c,0x81,0x85,0x86,0x85,0x83,0x7f,0x79,0x72,0x6c,0x69,0x69,0x6a,0x6e,0x75,0x7e,0x87,0x8d,0x92,
  0x94,0x92,0x8d,0x87,0x81,0x7c,0x77,0x75,0x76,0x7b,0x81,0x87,0x8d,0x93,0x95,0x91,0x8a,0x83,0x7c,0x74,0x6f,0x6e,0x70,0x72,
  0x74,0x77,0x7c,0x80,0x82,0x83,0x83,0x84,0x83,0x80,0x7d,0x7b,0x79,0x78,0x78,0x7a,0x7d,0x81,0x86,0x8b,0x8d,0x8e,0x8d,0x89,
  0x84,0x7d,0x76,0x71,0x6e,0x6e,0x72,0x79,0x81,0x88,0x8e,0x90,0x8e,0x8a,0x83,0x7b,0x75,0x72,0x73,0x76,0x79,0x7d,0x83,0x89,
  0x8c,0x8c,0x8b,0x89,0x85,0x7f,0x79,0x76,0x75,0x75,0x77,0x7a,0x7d,0x81,0x83,0x85,0x84,0x84,0x83,0x82,0x81,0x7f,0x7d,0x7c,
  0x7b,0x7a,0x78,0x78,0x7b,0x7f,0x83,0x86,0x88,0x8a,0x89,0x87,0x83,0x80,0x7e,0x7e,0x7e,0x7e,0x7f,0x82,0x84,0x86,0x86,0x85,
  0x82,0x7e,0x7a,0x77,0x75,0x76,0x78,0x7b,0x7f,0x83,0x85,0x85,0x84,0x81,0x7d,0x7a,0x77,0x75,0x75,0x76,0x79,0x7d,0x81,0x86,
  0x89,0x8b,0x8c,0x8b,0x88,0x86,0x85,0x83,0x80,0x80,0x82,0x84,0x86,0x87,0x87,0x87,0x84,0x80,0x7d,0x7c,0x7a,0x78,0x77,0x78,
  0x79,0x7a,0x7b,0x7c,0x7c,0x7c,0x7c,0x7b,0x79,0x77,0x77,0x78,0x7a,0x7c,0x7e,0x80,0x83,0x85,0x87,0x8a,0x8b,0x8a,0x88,0x86,
  0x85,0x82,0x80,0x7f,0x7f,0x81,0x82,0x84,0x86,0x88,0x89,0x88,0x86,0x83,0x7e,0x7a,0x76,0x73,0x71,0x72,0x75,0x78,0x7c,0x80,
  0x83,0x85,0x84,0x83,0x7f,0x7b,0x77,0x77,0x77,0x78,0x7b,0x80,0x85,0x87,0x87,0x86,0x85,0x83,0x7f,0x7a,0x78,0x79,0x7b,0x7d,
  0x81,0x86,0x8b,0x8d,0x8c,0x89,0x86,0x82,0x7c,0x77,0x73,0x72,0x74,0x78,0x7d,0x83,0x88,0x8c,0x8e,0x8d,0x8a,0x86,0x81,0x7c,
  0x77,0x74,0x72,0x71,0x73,0x76,0x7a,0x80,0x85,0x89,0x8b,0x8b,0x88,0x84,0x80,0x7b,0x76,0x72,0x71,0x73,0x77,0x7c,0x82,0x88,
  0x8d,0x8f,0x8d,0x8a,0x84,0x7e,0x78,0x72,0x6f,0x6f,0x72,0x78,0x80,0x88,0x8e,0x92,0x94,0x91,0x8b,0x83,0x7b,0x74,0x6e,0x6c,
  0x6d,0x71,0x78,0x7f,0x85,0x8a,0x8c,0x8c,0x89,0x84,0x7e,0x7a,0x76,0x74,0x73,0x74,0x77,0x7c,0x81,0x87,0x8c,0x90,0x91,0x90,
  0x8d,0x87,0x81,0x7b,0x77,0x74,0x72,0x73,0x77,0x7d,0x84,0x89,0x8d,0x8f,0x8e,0x89,0x82,0x7a,0x73,0x6d,0x69,0x68,0x6b,0x72,
  0x79,0x80,0x87,0x8c,0x8e,0x8c,0x87,0x81,0x7b,0x76,0x73,0x72,0x75,0x7b,0x82,0x8a,0x91,0x97,0x9a,0x99,0x95,0x8f,0x86,0x7d,
  0x75,0x70,0x6e,0x6f,0x70,0x74,0x7c,0x83,0x8a,0x8e,0x8f,0x8e,0x89,0x81,0x79,0x73,0x6e,0x6a,0x68,0x6a,0x6f,0x77,0x7e,0x86,
  0x8c,0x91,0x93,0x91,0x8b,0x83,0x7c,0x76,0x72,0x6f,0x70,0x75,0x7b,0x82,0x89,0x90,0x94,0x94,0x91,0x8b,0x84,0x7c,0x75,0x71,
  0x70,0x70,0x74,0x7a,0x81,0x87,0x8c,0x8f,0x8f,0x8b,0x86,0x80,0x7c,0x79,0x78,0x78,0x79,0x7a,0x7c,0x7f,0x80,0x82,0x83,0x83,
  0x82,0x80,0x7d,0x7b,0x79,0x78,0x78,0x7a,0x7d,0x7f,0x82,0x84,0x86,0x86,0x85,0x83,0x81,0x7e,0x7a,0x77,0x76,0x78,0x7a,0x7d,
  0x81,0x87,0x8c,0x8f,0x90,0x8f,0x8b,0x85,0x7e,0x78,0x75,0x74,0x76,0x79,0x7d,0x82,0x86,0x88,0x88,0x87,0x84,0x80,0x7a,0x74,
  0x6f,0x6d,0x6d,0x70,0x77,0x7e,0x85,0x8a,0x8e,0x8f,0x8e,0x89,0x84,0x7e,0x7a,0x77,0x75,0x77,0x7b,0x80,0x85,0x8a,0x8f,0x93,
  0x93,0x90,0x8a,0x83,0x7c,0x74,0x6e,0x6a,0x6b,0x6e,0x74,0x7a,0x80,0x85,0x88,0x88,0x85,0x82,0x7d,0x77,0x71,0x6d,0x6b,0x6d,
  0x73,0x7c,0x86,0x90,0x98,0x9c,0x9c,0x96,0x8e,0x84,0x7a,0x72,0x6d,0x6c,0x70,0x76,0x7f,0x87,0x8f,0x94,0x95,0x92,0x8b,0x82,
  0x78,0x70,0x6a,0x67,0x68,0x6d,0x74,0x7d,0x86,0x8e,0x91,0x92,0x8f,0x8a,0x82,0x7a,0x73,0x6e,0x6c,0x6d,0x70,0x77,0x81,0x8a,
  0x90,0x95,0x97,0x95,0x8f,0x85,0x7b,0x73,0x6d,0x69,0x6a,0x6d,0x74,0x7c,0x86,0x8f,0x94,0x96,0x94,0x8e,0x85,0x7b,0x72,0x6c,
  0x69,0x6b,0x71,0x7a,0x83,0x8d,0x95,0x99,0x99,0x94,0x8b,0x81,0x78,0x70,0x6b,0x6a,0x6d,0x72,0x78,0x7f,0x87,0x8d,0x90,0x91,
  0x8e,0x88,0x82,0x7b,0x75,0x70,0x6e,0x6f,0x72,0x75,0x79,0x7f,0x84,0x88,0x8a,0x8c,0x8d,0x8c,0x89,0x85,0x82,0x80,0x7e,0x7d,
  0x7c,0x7d,0x7e,0x7f,0x80,0x81,0x80,0x7e,0x7e,0x7d,0x7c,0x7b,0x7b,0x7b,0x7b,0x7b,0x7b,0x7d,0x7e,0x7d,0x7d,0x7d,0x7d,0x7b,
  0x7b,0x7d,0x81,0x84,0x87,0x8a,0x8d,0x8e,0x8c,0x89,0x84,0x81,0x7e,0x7c,0x7b,0x7b,0x7c,0x7e,0x7f,0x7f,0x80,0x81,0x81,0x7f,
  0x7c,0x7a,0x78,0x77,0x76,0x77,0x79,0x7a,0x7b,0x7b,0x7c,0x7c,0x7c,0x7c,0x7e,0x80,0x81,0x82,0x84,0x87,0x88,0x87,0x86,0x86,
  0x86,0x84,0x81,0x7e,0x7e,0x7c,0x7a,0x7a,0x7d,0x80,0x82,0x83,0x85,0x85,0x85,0x83,0x82,0x80,0x7e,0x7c,0x79,0x76,0x75,0x75,
  0x75,0x78,0x7d,0x83,0x88,0x8c,0x8e,0x8e,0x8c,0x88,0x82,0x7c,0x77,0x72,0x70,0x71,0x76,0x7b,0x81,0x86,0x8a,0x8d,0x8c,0x89,
  0x84,0x7e,0x79,0x74,0x71,0x72,0x75,0x7a,0x7e,0x82,0x87,0x89,0x89,0x88,0x88,0x88,0x86,0x83,0x80,0x7e,0x7c,0x7a,0x7b,0x7d,
  0x80,0x82,0x85,0x87,0x89,0x8a,0x88,0x86,0x83,0x7f,0x7b,0x77,0x76,0x77,0x78,0x7a,0x7b,0x7d,0x7f,0x81,0x80,0x7f,0x7e,0x7c,
  0x7a,0x79,0x7a,0x7c,0x80,0x85,0x88,0x8a,0x8b,0x8a,0x88,0x85,0x81,0x7e,0x7c,0x7b,0x7c,0x7d,0x7f,0x82,0x85,0x88,0x87,0x85,
  0x82,0x7f,0x7b,0x75,0x72,0x72,0x73,0x75,0x79,0x7e,0x83,0x87,0x89,0x8a,0x88,0x84,0x80,0x7d,0x7a,0x78,0x79,0x7c,0x80,0x85,
  0x88,0x8b,0x8e,0x8f,0x8c,0x88,0x82,0x7d,0x78,0x75,0x73,0x75,0x77,0x79,0x7b,0x7d,0x7f,0x80,0x81,0x80,0x7f,0x7d,0x7b,0x78,
  0x77,0x78,0x7a,0x7d,0x81,0x85,0x8a,0x8b,0x8b,0x89,0x86,0x80,0x79,0x74,0x71,0x71,0x72,0x76,0x7d,0x85,0x8b,0x8e,0x8d,0x8b,
  0x88,0x82,0x7b,0x76,0x73,0x73,0x74,0x78,0x7e,0x84,0x89,0x8c,0x8c,0x8a,0x86,0x81,0x7c,0x78,0x75,0x72,0x72,0x75,0x79,0x7d,
  0x82,0x87,0x8c,0x8e,0x8c,0x87,0x82,0x7e,0x78,0x72,0x6e,0x6f,0x72,0x76,0x7a,0x80,0x85,0x8a,0x8b,0x89,0x85,0x83,0x80,0x7d,
  0x7a,0x78,0x79,0x7d,0x80,0x83,0x86,0x87,0x88,0x86,0x82,0x7f,0x7b,0x79,0x79,0x7b,0x7c,0x7e,0x81,0x84,0x86,0x87,0x88,0x89,
  0x89,0x85,0x80,0x7d,0x79,0x76,0x74,0x73,0x74,0x77,0x79,0x7b,0x7d,0x7f,0x81,0x82,0x82,0x81,0x81,0x82,0x82,0x83,0x84,0x85,
  0x86,0x86,0x86,0x85,0x84,0x82,0x80,0x7e,0x7d,0x7d,0x7c,0x7c,0x7d,0x7e,0x7e,0x7e,0x7e,0x7e,0x7e,0x7f,0x7f,0x81,0x82,0x82,
  0x82,0x82,0x83,0x83,0x82,0x81,0x7f,0x7e,0x7d,0x7c,0x7b,0x7a,0x7b,0x7d,0x7f,0x81,0x84,0x86,0x87,0x88,0x87,0x84,0x81,0x7d,
  0x7a,0x78,0x77,0x78,0x7c,0x80,0x83,0x85,0x87,0x88,0x88,0x86,0x82,0x7f,0x7c,0x7a,0x79,0x79,0x7b,0x7e,0x81,0x82,0x82,0x84,
  0x85,0x83,0x80,0x7e,0x7c,0x7b,0x79,0x78,0x78,0x7a,0x7d,0x81,0x84,0x87,0x87,0x87,0x87,0x86,0x83,0x7f,0x7d,0x7c,0x7b,0x7b,
  0x7c,0x7e,0x80,0x81,0x80,0x80,0x80,0x7f,0x7d,0x7b,0x7a,0x7a,0x7b,0x7c,0x7e,0x81,0x86,0x8a,0x8b,0x8a,0x89,0x87,0x82,0x7d,
  0x79,0x77,0x75,0x73,0x74,0x77,0x7b,0x7f,0x82,0x86,0x88,0x89,0x87,0x84,0x81,0x7e,0x7b,0x79,0x79,0x7a,0x7c,0x7e,0x80,0x82,
  0x83,0x83,0x82,0x82,0x81,0x80,0x7f,0x7e,0x7f,0x80,0x80,0x80,0x80,0x81,0x80,0x7f,0x7d,0x7c,0x7a,0x79,0x79,0x7c,0x7f,0x82,
  0x82,0x83,0x84,0x84,0x82,0x80,0x7f,0x7f,0x7f,0x7d,0x7b,0x7c,0x7c,0x7d,0x7f,0x82,0x87,0x8a,0x8b,0x8b,0x89,0x86,0x81,0x7b,
  0x75,0x71,0x6d,0x6c,0x6f,0x75,0x7c,0x82,0x89,0x8f,0x93,0x92,0x8f,0x8a,0x83,0x7c,0x75,0x6f,0x6e,0x70,0x74,0x78,0x7d,0x82,
  0x87,0x8a,0x8b,0x89,0x88,0x86,0x83,0x80,0x7e,0x7c,0x7c,0x7c,0x7d,0x7e,0x80,0x81,0x82,0x82,0x82,0x82,0x82,0x81,0x7f,0x7c,
  0x7a,0x7a,0x7c,0x7d,0x7e,0x7f,0x81,0x82,0x81,0x7f,0x7b,0x78,0x77,0x76,0x76,0x78,0x7d,0x83,0x88,0x8b,0x8d,0x8e,0x8b,0x86,
  0x7f,0x7a,0x75,0x73,0x72,0x75,0x79,0x7e,0x84,0x8a,0x8f,0x8f,0x8c,0x88,0x84,0x80,0x7b,0x77,0x75,0x75,0x74,0x75,0x76,0x7a,
  0x7e,0x81,0x84,0x87,0x8a,0x8b,0x8a,0x87,0x84,0x81,0x7e,0x7a,0x77,0x74,0x74,0x75,0x77,0x7a,0x7d,0x81,0x85,0x89,0x8a,0x8a,
  0x88,0x85,0x83,0x7f,0x7b,0x78,0x78,0x79,0x7a,0x7b,0x7f,0x83,0x87,0x88,0x8a,0x8a,0x88,0x84,0x80,0x7b,0x78,0x76,0x75,0x76,
  0x77,0x7a,0x7e,0x83,0x87,0x89,0x8a,0x8a,0x88,0x84,0x7f,0x79,0x74,0x71,0x71,0x72,0x76,0x7c,0x83,0x88,0x8a,0x8b,0x8c,0x8b,
  0x87,0x82,0x7e,0x7b,0x79,0x77,0x77,0x7a,0x7f,0x84,0x87,0x89,0x89,0x87,0x82,0x7c,0x77,0x74,0x73,0x73,0x76,0x7a,0x80,0x85,
  0x88,0x88,0x86,0x85,0x82,0x7e,0x7b,0x79,0x78,0x79,0x7b,0x7e,0x83,0x87,0x89,0x89,0x89,0x88,0x85,0x82,0x7f,0x7d,0x7c,0x7b,
  0x7c,0x7d,0x7f,0x81,0x83,0x86,0x88,0x89,0x87,0x82,0x7e,0x79,0x74,0x6f,0x6d,0x6e,0x71,0x75,0x7a,0x82,0x89,0x8d,0x8d,0x8d,
  0x8b,0x87,0x80,0x7a,0x76,0x73,0x73,0x74,0x78,0x7d,0x82,0x87,0x8b,0x8c,0x8c,0x8b,0x88,0x84,0x80,0x7d,0x7b,0x7a,0x7a,0x7a,
  0x7c,0x7e,0x80,0x83,0x84,0x83,0x83,0x83,0x82,0x80,0x7f,0x7f,0x7f,0x7f,0x7d,0x7c,0x7c,0x7c,0x7c,0x7b,0x7c,0x7d,0x7e,0x7f,
  0x80,0x80,0x80,0x80,0x80,0x80,0x7f,0x7f,0x7f,0x7f,0x7e,0x7d,0x7c,0x7b,0x7a,0x7a,0x7c,0x7f,0x82,0x86,0x8a,0x8d,0x8f,0x90,
  0x90,0x8c,0x86,0x81,0x7c,0x77,0x72,0x70,0x71,0x75,0x79,0x7d,0x82,0x86,0x88,0x87,0x86,0x85,0x82,0x7f,0x7b,0x78,0x77,0x77,
  0x78,0x79,0x7c,0x7f,0x82,0x83,0x84,0x84,0x84,0x84,0x83,0x83,0x83,0x82,0x82,0x82,0x83,0x82,0x82,0x80,0x80,0x7f,0x7e,0x7c,
  0x7c,0x7d,0x7e,0x7f,0x80,0x83,0x85,0x85,0x85,0x85,0x83,0x7f,0x79,0x74,0x71,0x70,0x70,0x72,0x76,0x7b,0x82,0x89,0x8e,0x91,
  0x91,0x8f,0x8b,0x85,0x7f,0x7a,0x76,0x73,0x73,0x75,0x79,0x7f,0x85,0x8b,0x90,0x93,0x94,0x90,0x8a,0x84,0x7d,0x77,0x73,0x71,
  0x70,0x71,0x73,0x76,0x7a,0x7c,0x7e,0x80,0x81,0x80,0x7f,0x7e,0x7f,0x7f,0x7f,0x7f,0x7f,0x80,0x81,0x81,0x80,0x80,0x80,0x7f,
  0x7e,0x7d,0x7e,0x7f,0x80,0x83,0x85,0x88,0x89,0x88,0x87,0x85,0x80,0x7a,0x74,0x70,0x6e,0x6e,0x72,0x7a,0x83,0x8b,0x92,0x96,
  0x97,0x94,0x8f,0x87,0x7f,0x77,0x6f,0x69,0x66,0x68,0x6d,0x73,0x7c,0x84,0x8c,0x90,0x90,0x8e,0x8a,0x83,0x7c,0x75,0x70,0x6e,
  0x6d,0x6f,0x74,0x7b,0x81,0x86,0x8b,0x8e,0x8f,0x8e,0x8c,0x89,0x86,0x82,0x7e,0x7c,0x7c,0x7d,0x7e,0x7e,0x7f,0x80,0x7f,0x7d,
  0x7c,0x7c,0x7c,0x7c,0x7d,0x7f,0x81,0x83,0x84,0x84,0x83,0x80,0x7d,0x79,0x76,0x75,0x76,0x78,0x7d,0x82,0x87,0x8b,0x8e,0x90,
  0x8e,0x8b,0x87,0x82,0x7d,0x77,0x72,0x70,0x71,0x74,0x78,0x7e,0x84,0x8a,0x8f,0x93,0x93,0x91,0x8c,0x86,0x7f,0x78,0x72,0x6f,
  0x6e,0x6f,0x71,0x74,0x78,0x7d,0x81,0x84,0x87,0x89,0x89,0x88,0x86,0x84,0x81,0x7f,0x7c,0x7a,0x7a,0x7b,0x7d,0x7e,0x80,0x83,
  0x85,0x88,0x89,0x8a,0x8a,0x8b,0x8a,0x88,0x84,0x7f,0x7a,0x77,0x75,0x73,0x73,0x76,0x7a,0x7e,0x82,0x85,0x88,0x89,0x88,0x86,
  0x82,0x7d,0x78,0x74,0x71,0x71,0x72,0x75,0x79,0x7f,0x84,0x88,0x8a,0x8b,0x8b,0x89,0x86,0x84,0x81,0x7d,0x7b,0x78,0x77,0x77,
  0x77,0x79,0x7c,0x7f,0x81,0x82,0x84,0x85,0x86,0x86,0x85,0x84,0x83,0x82,0x81,0x7f,0x7d,0x7b,0x7b,0x7b,0x7a,0x78,0x78,0x7a,
  0x7d,0x7f,0x81,0x83,0x85,0x86,0x85,0x83,0x7f,0x7a,0x77,0x74,0x72,0x72,0x74,0x77,0x7d,0x84,0x88,0x8b,0x8d,0x8d,0x8b,0x87,
  0x82,0x7d,0x79,0x76,0x75,0x76,0x79,0x7d,0x80,0x83,0x85,0x87,0x87,0x85,0x83,0x82,0x81,0x7f,0x7d,0x7b,0x79,0x79,0x79,0x79,
  0x79,0x7a,0x7b,0x7e,0x80,0x81,0x83,0x85,0x86,0x86,0x86,0x85,0x84,0x83,0x83,0x81,0x80,0x7e,0x7c,0x7a,0x79,0x79,0x7b,0x7d,
  0x7f,0x82,0x85,0x89,0x8a,0x89,0x87,0x83,0x7f,0x7a,0x76,0x74,0x74,0x75,0x79,0x7d,0x83,0x87,0x8a,0x8b,0x8a,0x86,0x81,0x7d,
  0x78,0x74,0x72,0x73,0x76,0x79,0x7d,0x81,0x85,0x88,0x89,0x89,0x87,0x84,0x82,0x80,0x7f,0x7f,0x7f,0x80,0x81,0x81,0x82,0x82,
  0x82,0x83,0x83,0x84,0x84,0x83,0x82,0x80,0x7f,0x7d,0x7c,0x7c,0x7d,0x7e,0x7f,0x81,0x82,0x82,0x81,0x7e,0x7c,0x7a,0x78,0x78,
  0x78,0x7a,0x7d,0x80,0x84,0x88,0x89,0x88,0x87,0x84,0x7f,0x7a,0x77,0x75,0x76,0x78,0x7b,0x7f,0x84,0x87,0x8a,0x8a,0x88,0x85,
  0x82,0x7e,0x7a,0x77,0x77,0x78,0x7a,0x7e,0x83,0x87,0x89,0x8a,0x88,0x84,0x81,0x7e,0x7b,0x78,0x76,0x75,0x77,0x78,0x7b,0x7e,
  0x81,0x84,0x86,0x88,0x88,0x88,0x86,0x82,0x7e,0x7c,0x7a,0x7a,0x7a,0x7c,0x7f,0x82,0x84,0x85,0x85,0x84,0x82,0x7f,0x7c,0x79,
  0x78,0x77,0x78,0x7a,0x7e,0x82,0x86,0x88,0x88,0x88,0x85,0x82,0x7e,0x7b,0x79,0x79,0x7a,0x7d,0x80,0x83,0x85,0x86,0x86,0x83,
  0x81,0x7e,0x7c,0x7a,0x7a,0x7b,0x7d,0x7f,0x81,0x83,0x83,0x83,0x83,0x82,0x81,0x7e,0x7d,0x7b,0x7b,0x7a,0x7a,0x7c,0x7d,0x7f,
  0x80,0x81,0x84,0x85,0x85,0x84,0x83,0x82,0x80,0x7d,0x7d,0x7d,0x7d,0x7d,0x7e,0x80,0x82,0x83,0x83,0x83,0x83,0x82,0x80,0x7e,
  0x7c,0x7b,0x7a,0x7a,0x7b,0x7c,0x7d,0x7d,0x7e,0x7f,0x80,0x80,0x80,0x81,0x81,0x81,0x81,0x82,0x82,0x81,0x80,0x7e,0x7c,0x7b,
  0x7b,0x7c,0x7e,0x81,0x83,0x84,0x85,0x85,0x84,0x82,0x7f,0x7d,0x7b,0x79,0x78,0x78,0x79,0x7c,0x7f,0x82,0x84,0x85,0x85,0x85,
  0x84,0x83,0x82,0x80,0x7e,0x7d,0x7d,0x7e,0x7f,0x7f,0x80,0x80,0x80,0x7f,0x7e,0x7d,0x7c,0x7b,0x7a,0x7b,0x7c,0x7e,0x81,0x83,
  0x85,0x87,0x87,0x85,0x82,0x80,0x7f,0x7d,0x7b,0x7b,0x7c,0x7d,0x7f,0x81,0x84,0x86,0x88,0x88,0x85,0x82,0x7e,0x7b,0x79,0x77,
  0x76,0x77,0x79,0x7c,0x7f,0x83,0x87,0x8a,0x8c,0x8c,0x8a,0x85,0x80,0x7a,0x75,0x72,0x71,0x71,0x75,0x7b,0x81,0x86,0x8a,0x8d,
  0x8d,0x8a,0x86,0x81,0x7c,0x79,0x77,0x78,0x79,0x7c,0x80,0x83,0x86,0x89,0x8a,0x8a,0x88,0x86,0x84,0x83,0x81,0x80,0x7f,0x7e,
  0x7d,0x7c,0x7c,0x7c,0x7e,0x7f,0x7f,0x80,0x7f,0x7c,0x7a,0x78,0x77,0x76,0x77,0x79,0x7d,0x80,0x83,0x86,0x88,0x89,0x87,0x84,
  0x7f,0x7d,0x7b,0x7b,0x7c,0x7e,0x82,0x86,0x89,0x8b,0x8b,0x89,0x86,0x80,0x7a,0x76,0x73,0x71,0x71,0x75,0x7a,0x7f,0x83,0x87,
  0x8a,0x8b,0x8b,0x8a,0x87,0x83,0x7e,0x7a,0x78,0x76,0x76,0x77,0x7a,0x7c,0x7e,0x80,0x82,0x84,0x85,0x85,0x84,0x82,0x7f,0x7b,
  0x79,0x77,0x77,0x77,0x7a,0x7d,0x80,0x84,0x87,0x89,0x8a,0x89,0x86,0x83,0x80,0x7d,0x7c,0x7c,0x7b,0x7b,0x7b,0x7c,0x7c,0x7d,
  0x7e,0x7f,0x7f,0x7f,0x7f,0x7f,0x7f,0x80,0x81,0x82,0x83,0x82,0x80,0x7e,0x7e,0x7d,0x7d,0x7d,0x7e,0x80,0x81,0x82,0x83,0x84,
  0x83,0x82,0x7f,0x7c,0x79,0x78,0x79,0x7a,0x7c,0x7d,0x7f,0x80,0x81,0x82,0x82,0x82,0x82,0x81,0x7f,0x7e,0x7f,0x81,0x82,0x83,
  0x84,0x84,0x84,0x81,0x7d,0x7b,0x7a,0x78,0x77,0x77,0x78,0x7a,0x7b,0x7e,0x81,0x84,0x85,0x83,0x81,0x7f,0x7d,0x7c,0x7b,0x7a,
  0x7b,0x7c,0x7e,0x82,0x87,0x8a,0x8d,0x8f,0x8f,0x8c,0x88,0x84,0x81,0x7d,0x79,0x75,0x74,0x74,0x76,0x7a,0x7f,0x84,0x88,0x8a,
  0x88,0x86,0x82,0x7e,0x79,0x75,0x72,0x70,0x71,0x73,0x78,0x7e,0x85,0x8a,0x8d,0x8d,0x8a,0x87,0x84,0x80,0x7d,0x7a,0x79,0x7a,
  0x7c,0x7f,0x82,0x86,0x88,0x89,0x88,0x86,0x83,0x81,0x7f,0x7e,0x7e,0x7e,0x7d,0x7c,0x7c,0x7d,0x7e,0x7f,0x7f,0x7f,0x7e,0x7e,
  0x7e,0x7e,0x7f,0x80,0x81,0x80,0x7f,0x7e,0x7e,0x7d,0x7e,0x7e,0x7e,0x7e,0x7d,0x7d,0x7e,0x7f,0x81,0x82,0x83,0x84,0x84,0x84,
  0x84,0x84,0x84,0x83,0x81,0x7e,0x7c,0x7b,0x7b,0x7c,0x7e,0x7f,0x80,0x80,0x81,0x81,0x81,0x81,0x80,0x7e,0x7d,0x7c,0x7d,0x7e,
  0x7f,0x81,0x81,0x80,0x7f,0x7e,0x7e,0x7f,0x80,0x81,0x82,0x81,0x80,0x7f,0x7e,0x7c,0x7b,0x7a,0x78,0x76,0x76,0x78,0x7a,0x7e,
  0x82,0x87,0x8a,0x8b,0x8a,0x88,0x87,0x84,0x81,0x7c,0x79,0x78,0x77,0x78,0x7b,0x7f,0x83,0x85,0x85,0x87,0x87,0x86,0x83,0x81,
  0x7e,0x7b,0x78,0x75,0x75,0x77,0x79,0x7b,0x7d,0x7f,0x80,0x80,0x81,0x83,0x84,0x82,0x81,0x80,0x7f,0x7e,0x7f,0x80,0x83,0x85,
  0x85,0x85,0x85,0x85,0x84,0x83,0x83,0x82,0x80,0x7e,0x7c,0x7c,0x7c,0x7d,0x7c,0x7b,0x7b,0x7b,0x7b,0x7b,0x7b,0x7c,0x7d,0x7e,
  0x7f,0x80,0x82,0x85,0x86,0x87,0x87,0x84,0x81,0x7e,0x7c,0x7c,0x7c,0x7c,0x7e,0x80,0x82,0x83,0x85,0x87,0x88,0x86,0x84,0x82,
  0x80,0x7f,0x7f,0x7f,0x7f,0x80,0x7f,0x7d,0x7c,0x7c,0x7c,0x7d,0x7d,0x7d,0x7e,0x7f,0x80,0x81,0x83,0x84,0x84,0x82,0x7f,0x7e,
  0x7c,0x7b,0x7b,0x7b,0x7c,0x7c,0x7d,0x7d,0x7f,0x81,0x84,0x85,0x85,0x84,0x82,0x81,0x80,0x7f,0x7e,0x7e,0x7d,0x7c,0x7d,0x7e,
  0x81,0x85,0x87,0x88,0x87,0x85,0x82,0x7e,0x7b,0x78,0x76,0x75,0x76,0x78,0x7c,0x81,0x85,0x88,0x88,0x88,0x85,0x83,0x81,0x7f,
  0x7d,0x7c,0x7b,0x7a,0x78,0x78,0x79,0x7b,0x7d,0x7e,0x7e,0x7d,0x7e,0x7f,0x80,0x82,0x84,0x86,0x86,0x86,0x84,0x82,0x80,0x7f,
  0x7d,0x7b,0x79,0x79,0x7a,0x7b,0x7c,0x7f,0x81,0x82,0x82,0x82,0x82,0x83,0x82,0x81,0x80,0x7e,0x7c,0x7a,0x7a,0x7a,0x7c,0x7e,
  0x7f,0x81,0x82,0x83,0x84,0x84,0x83,0x80,0x7d,0x7a,0x79,0x79,0x7a,0x7c,0x80,0x83,0x86,0x87,0x89,0x89,0x88,0x87,0x84,0x81,
  0x7e,0x7b,0x79,0x77,0x76,0x77,0x79,0x79,0x7b,0x7c,0x7e,0x80,0x82,0x84,0x85,0x84,0x83,0x82,0x81,0x80,0x7f,0x7e,0x7c,0x7b,
  0x7a,0x7b,0x7d,0x7f,0x81,0x82,0x84,0x84,0x84,0x84,0x84,0x84,0x84,0x84,0x83,0x82,0x81,0x7f,0x7e,0x7e,0x7d,0x7e,0x7d,0x7e,
  0x7e,0x7f,0x81,0x82,0x82,0x81,0x7f,0x7e,0x7e,0x7d,0x7d,0x7e,0x7f,0x7f,0x80,0x82,0x84,0x85,0x86,0x85,0x83,0x81,0x7d,0x7b,
  0x79,0x78,0x78,0x79,0x7b,0x7d,0x7e,0x80,0x81,0x83,0x84,0x85,0x84,0x84,0x83,0x82,0x82,0x82,0x81,0x80,0x7e,0x7c,0x7b,0x7b,
  0x7c,0x7d,0x7f,0x81,0x82,0x84,0x85,0x86,0x85,0x84,0x83,0x81,0x7e,0x7d,0x7c,0x7b,0x7b,0x7c,0x7d,0x7e,0x80,0x80,0x81,0x82,
  0x82,0x81,0x80,0x7f,0x7e,0x7e,0x7d,0x7d,0x7e,0x7e,0x7e,0x7e,0x7f,0x80,0x83,0x85,0x85,0x84,0x82,0x80,0x7d,0x7b,0x79,0x78,
  0x78,0x79,0x7b,0x7e,0x81,0x84,0x86,0x87,0x87,0x85,0x83,0x81,0x7f,0x7e,0x7d,0x7d,0x7d,0x7e,0x7f,0x80,0x81,0x81,0x80,0x80,
  0x7e,0x7c,0x7b,0x7c,0x7e,0x80,0x82,0x85,0x85,0x86,0x86,0x86,0x85,0x82,0x7f,0x7d,0x7b,0x79,0x78,0x79,0x7a,0x7c,0x7e,0x80,
  0x81,0x82,0x82,0x81,0x80,0x7f,0x7d,0x7a,0x78,0x78,0x78,0x7a,0x7c,0x7f,0x83,0x86,0x88,0x8a,0x8b,0x89,0x86,0x82,0x7e,0x7a,
  0x78,0x79,0x7a,0x7d,0x80,0x83,0x85,0x86,0x85,0x84,0x82,0x7f,0x7d,0x7a,0x78,0x79,0x7a,0x7c,0x7e,0x80,0x82,0x82,0x81,0x7f,
  0x7d,0x7d,0x7d,0x7d,0x7d,0x7f,0x82,0x84,0x86,0x87,0x87,0x86,0x84,0x81,0x7d,0x7a,0x79,0x77,0x76,0x76,0x77,0x79,0x7c,0x80,
  0x83,0x87,0x89,0x89,0x88,0x84,0x81,0x7d,0x79,0x76,0x74,0x74,0x77,0x7b,0x81,0x86,0x8a,0x8e,0x8f,0x8d,0x89,0x84,0x80,0x7b,
  0x78,0x74,0x73,0x73,0x76,0x7a,0x7e,0x82,0x85,0x87,0x87,0x85,0x83,0x82,0x81,0x7f,0x7d,0x7c,0x7b,0x7a,0x7a,0x7c,0x7d,0x7e,
  0x7f,0x7f,0x80,0x80,0x80,0x82,0x83,0x84,0x84,0x83,0x82,0x82,0x80,0x7f,0x7f,0x7e,0x7e,0x7d,0x7c,0x7d,0x7f,0x81,0x82,0x83,
  0x84,0x85,0x85,0x83,0x82,0x7f,0x7c,0x79,0x76,0x73,0x73,0x75,0x78,0x7c,0x80,0x83,0x86,0x88,0x89,0x8b,0x8b,0x8a,0x87,0x83,
  0x7e,0x7a,0x78,0x78,0x79,0x7b,0x7d,0x80,0x82,0x84,0x86,0x87,0x87,0x85,0x82,0x7f,0x7c,0x7a,0x78,0x77,0x77,0x78,0x79,0x7a,
  0x7c,0x7f,0x81,0x83,0x85,0x86,0x86,0x86,0x86,0x85,0x84,0x83,0x80,0x7e,0x7c,0x7c,0x7d,0x7e,0x7f,0x81,0x81,0x81,0x80,0x80,
  0x7f,0x7f,0x7f,0x7f,0x7e,0x7d,0x7c,0x7c,0x7d,0x7e,0x7f,0x7f,0x7f,0x80,0x80,0x81,0x81,0x82,0x83,0x83,0x83,0x82,0x81,0x80,
  0x7f,0x7e,0x7d,0x7c,0x7c,0x7c,0x7d,0x7e,0x7f,0x80,0x80,0x80,0x80,0x80,0x81,0x81,0x82,0x81,0x7f,0x7e,0x7c,0x7a,0x79,0x78,
  0x79,0x7a,0x7c,0x7e,0x80,0x83,0x86,0x88,0x88,0x87,0x85,0x83,0x80,0x7d,0x7c,0x7d,0x7e,0x7f,0x80,0x81,0x83,0x83,0x82,0x81,
  0x80,0x7e,0x7b,0x7a,0x79,0x79,0x7a,0x7b,0x7e,0x80,0x82,0x83,0x84,0x84,0x83,0x81,0x7f,0x7d,0x7c,0x7b,0x7b,0x7c,0x7e,0x7f,
  0x80,0x81,0x83,0x84,0x84,0x84,0x83,0x81,0x7f,0x7d,0x7c,0x7c,0x7d,0x7e,0x80,0x80,0x81,0x82,0x82,0x81,0x80,0x7f,0x7e,0x7c,
  0x7a,0x79,0x79,0x7b,0x7f,0x82,0x86,0x88,0x8a,0x8a,0x89,0x87,0x85,0x82,0x7f,0x7c,0x7a,0x7a,0x7b,0x7c,0x7e,0x7f,0x80,0x80,
  0x81,0x81,0x81,0x81,0x80,0x7f,0x7e,0x7d,0x7c,0x7d,0x7e,0x7f,0x80,0x80,0x80,0x80,0x80,0x81,0x81,0x80,0x7f,0x7e,0x7c,0x7b,
  0x7b,0x7d,0x7f,0x81,0x82,0x84,0x85,0x86,0x86,0x86,0x85,0x83,0x80,0x7e,0x7c,0x7c,0x7c,0x7c,0x7e,0x7f,0x80,0x81,0x81,0x82,
  0x83,0x84,0x84,0x83,0x82,0x80,0x7e,0x7d,0x7d,0x7c,0x7d,0x7d,0x7e,0x7f,0x81,0x83,0x85,0x85,0x83,0x80,0x7d,0x7b,0x79,0x78,
  0x78,0x79,0x7b,0x7d,0x80,0x81,0x83,0x85,0x85,0x84,0x82,0x7f,0x7d,0x7a,0x79,0x79,0x79,0x7b,0x7d,0x7f,0x82,0x84,0x87,0x89,
  0x8a,0x88,0x85,0x83,0x81,0x80,0x7f,0x7e,0x7d,0x7d,0x7c,0x7c,0x7d,0x7d,0x7e,0x7d,0x7d,0x7c,0x7b,0x7b,0x7b,0x7c,0x7e,0x80,
  0x82,0x83,0x83,0x82,0x82,0x82,0x81,0x7f,0x7e,0x7d,0x7d,0x7c,0x7d,0x7d,0x7e,0x7e,0x7e,0x7e,0x7e,0x7e,0x7e,0x7e,0x7d,0x7c,
  0x7b,0x7b,0x7c,0x7e,0x80,0x82,0x83,0x84,0x84,0x85,0x85,0x84,0x82,0x7f,0x7d,0x7a,0x79,0x79,0x7a,0x7c,0x7f,0x83,0x86,0x87,
  0x87,0x86,0x86,0x85,0x82,0x7f,0x7c,0x7a,0x79,0x79,0x79,0x7b,0x7c,0x7e,0x7e,0x7f,0x81,0x83,0x84,0x84,0x84,0x83,0x82,0x81,
  0x80,0x7f,0x7e,0x7d,0x7d,0x7d,0x7d,0x7c,0x7d,0x7e,0x7f,0x80,0x80,0x81,0x81,0x81,0x80,0x80,0x7f,0x7e,0x7d,0x7d,0x7d,0x7d,
  0x7e,0x80,0x82,0x83,0x83,0x84,0x86,0x86,0x85,0x85,0x84,0x82,0x7f,0x7c,0x7a,0x7b,0x7b,0x7c,0x7d,0x7f,0x82,0x86,0x88,0x8a,
  0x8b,0x8a,0x87,0x83,0x7e,0x7a,0x77,0x76,0x75,0x76,0x78,0x7a,0x7e,0x82,0x85,0x86,0x86,0x85,0x82,0x7f,0x7b,0x7a,0x79,0x79,
  0x7a,0x7b,0x7e,0x80,0x82,0x84,0x86,0x86,0x85,0x84,0x83,0x83,0x82,0x81,0x80,0x80,0x80,0x80,0x80,0x80,0x81,0x81,0x82,0x82,
  0x82,0x80,0x7f,0x7e,0x7d,0x7c,0x7b,0x7a,0x79,0x79,0x79,0x7a,0x7c,0x7f,0x82,0x83,0x83,0x82,0x82,0x82,0x81,0x80,0x80,0x80,
  0x81,0x81,0x82,0x82,0x83,0x81,0x7f,0x7d,0x7c,0x7b,0x7b,0x7b,0x7d,0x7e,0x7e,0x7e,0x7e,0x7e,0x7f,0x7f,0x7f,0x7f,0x7f,0x7f,
  0x7f,0x80,0x80,0x81,0x80,0x81,0x80,0x80,0x7f,0x80,0x81,0x82,0x82,0x81,0x81,0x81,0x80,0x7e,0x7d,0x7d,0x7c,0x7a,0x7a,0x7b,
  0x7d,0x7f,0x81,0x83,0x83,0x83,0x81,0x80,0x7f,0x7e,0x7e,0x7d,0x7e,0x80,0x82,0x83,0x84,0x85,0x84,0x82,0x80,0x7e,0x7d,0x7c,
  0x7c,0x7c,0x7c,0x7c,0x7c,0x7c,0x7d,0x7e,0x7f,0x7f,0x7f,0x80,0x7f,0x7f,0x7e,0x7e,0x7f,0x7f,0x80,0x80,0x81,0x81,0x82,0x83,
  0x84,0x85,0x84,0x83,0x82,0x81,0x80,0x7e,0x7d,0x7d,0x7c,0x7b,0x7c,0x7d,0x7e,0x80,0x81,0x82,0x83,0x84,0x84,0x83,0x82,0x82,
  0x81,0x80,0x7f,0x7e,0x7e,0x7d,0x7c,0x7c,0x7c,0x7c,0x7c,0x7c,0x7d,0x7e,0x7f,0x80,0x7f,0x7e,0x7d,0x7c,0x7c,0x7c,0x7e,0x81,
  0x83,0x86,0x88,0x8a,0x8b,0x8a,0x88,0x85,0x81,0x7e,0x7a,0x77,0x76,0x76,0x78,0x7a,0x7c,0x7e,0x81,0x83,0x83,0x83,0x82,0x81,
  0x7e,0x7c,0x7a,0x7a,0x7c,0x7e,0x80,0x81,0x83,0x85,0x87,0x88,0x88,0x87,0x86,0x84,0x81,0x7e,0x7c,0x7b,0x7a,0x7a,0x7b,0x7c,
  0x7f,0x82,0x83,0x84,0x84,0x84,0x81,0x7e,0x7b,0x79,0x78,0x78,0x79,0x7a,0x7d,0x80,0x82,0x84,0x85,0x85,0x84,0x82,0x80,0x7f,
  0x7f,0x7f,0x7f,0x80,0x80,0x80,0x80,0x7f,0x7f,0x7e,0x7d,0x7d,0x7e,0x7e,0x7f,0x81,0x83,0x85,0x86,0x86,0x85,0x84,0x81,0x7f,
  0x7e,0x7d,0x7d,0x7d,0x7d,0x7e,0x7f,0x7f,0x80,0x80,0x80,0x80,0x80,0x7f,0x7e,0x7f,0x7e,0x7c,0x7c,0x7c,0x7d,0x7d,0x7e,0x7f,
  0x81,0x82,0x81,0x82,0x82,0x82,0x80,0x7f,0x7d,0x7d,0x7c,0x7b,0x7c,0x7d,0x7f,0x81,0x82,0x83,0x83,0x82,0x81,0x80,0x80,0x81,
  0x81,0x81,0x80,0x80,0x80,0x7f,0x7e,0x7d,0x7c,0x7b,0x7b,0x7c,0x7e,0x81,0x84,0x86,0x87,0x88,0x86,0x83,0x80,0x7c,0x79,0x76,
  0x75,0x75,0x77,0x79,0x7c,0x7f,0x83,0x85,0x86,0x86,0x84,0x83,0x81,0x7e,0x7b,0x79,0x78,0x78,0x79,0x7c,0x80,0x84,0x87,0x89,
  0x8a,0x8a,0x88,0x85,0x81,0x7c,0x78,0x74,0x72,0x72,0x74,0x77,0x7c,0x81,0x86,0x8a,0x8b,0x8b,0x8a,0x87,0x83,0x7e,0x7a,0x78,
  0x77,0x78,0x7a,0x7e,0x82,0x85,0x86,0x87,0x86,0x84,0x82,0x80,0x7e,0x7d,0x7c,0x7c,0x7d,0x7f,0x7f,0x7f,0x7e,0x7d,0x7d,0x7c,
  0x7c,0x7d,0x7d,0x7e,0x7e,0x7e,0x7f,0x80,0x81,0x81,0x81,0x81,0x80,0x7f,0x7f,0x7f,0x80,0x81,0x82,0x83,0x84,0x85,0x85,0x86,
  0x85,0x85,0x83,0x81,0x7f,0x7c,0x7a,0x78,0x78,0x78,0x7a,0x7c,0x7f,0x82,0x85,0x87,0x88,0x88,0x86,0x83,0x80,0x7e,0x7b,0x7a,
  0x79,0x7a,0x7b,0x7c,0x7e,0x7f,0x80,0x80,0x80,0x80,0x81,0x81,0x82,0x83,0x83,0x83,0x83,0x82,0x81,0x80,0x7f,0x7e,0x7e,0x7e,
  0x7f,0x7f,0x7f,0x80,0x82,0x83,0x83,0x82,0x82,0x81,0x7f,0x7d,0x7b,0x7a,0x7a,0x7a,0x7b,0x7c,0x7f,0x81,0x82,0x83,0x85,0x85,
  0x83,0x82,0x80,0x7f,0x7c,0x7b,0x7b,0x7c,0x7d,0x7f,0x81,0x83,0x85,0x86,0x86,0x85,0x84,0x82,0x7f,0x7d,0x7c,0x7a,0x79,0x79,
  0x7a,0x7c,0x7e,0x7f,0x81,0x81,0x81,0x81,0x80,0x7f,0x7f,0x7f,0x7f,0x80,0x81,0x82,0x82,0x82,0x82,0x81,0x80,0x7e,0x7c,0x7a,
  0x79,0x78,0x79,0x7b,0x7d,0x7f,0x81,0x83,0x85,0x85,0x85,0x84,0x82,0x80,0x7f,0x7e,0x7e,0x7e,0x7f,0x7f,0x80,0x80,0x80,0x80,
  0x7f,0x7e,0x7e,0x7e,0x7e,0x7e,0x7e,0x7f,0x80,0x81,0x81,0x80,0x7f,0x7e,0x7d,0x7d,0x7d,0x7e,0x7f,0x7f,0x7f,0x7f,0x7f,0x80,
  0x80,0x80,0x7f,0x7e,0x7d,0x7d,0x7d,0x7d,0x7e,0x7f,0x81,0x83,0x84,0x84,0x85,0x85,0x85,0x83,0x81,0x7f,0x7c,0x7a,0x79,0x78,
  0x78,0x79,0x7b,0x7e,0x81,0x84,0x86,0x87,0x86,0x84,0x81,0x7e,0x7b,0x79,0x79,0x7b,0x7d,0x80,0x82,0x84,0x86,0x86,0x84,0x82,
  0x80,0x7d,0x7b,0x7a,0x7a,0x7b,0x7e,0x81,0x83,0x85,0x86,0x86,0x86,0x84,0x82,0x80,0x7e,0x7c,0x7b,0x7b,0x7c,0x7e,0x80,0x82,
  0x84,0x85,0x85,0x84,0x82,0x81,0x7e,0x7c,0x7a,0x79,0x7a,0x7b,0x7d,0x80,0x82,0x84,0x85,0x85,0x84,0x82,0x80,0x7d,0x7c,0x7a,
  0x7a,0x7b,0x7d,0x7f,0x82,0x84,0x86,0x87,0x86,0x85,0x83,0x81,0x7f,0x7d,0x7b,0x7b,0x7c,0x7d,0x80,0x82,0x84,0x86,0x86,0x84,
  0x82,0x80,0x7e,0x7b,0x7a,0x79,0x7a,0x7c,0x7e,0x80,0x83,0x84,0x85,0x84,0x83,0x80,0x7e,0x7c,0x7a,0x7a,0x7a,0x7a,0x7b,0x7d,
  0x7f,0x81,0x82,0x83,0x84,0x83,0x82,0x81,0x80,0x7f,0x7e,0x7d,0x7d,0x7d,0x7e,0x7f,0x80,0x82,0x83,0x84,0x84,0x82,0x81,0x7f,
  0x7e,0x7d,0x7c,0x7c,0x7d,0x7e,0x7f,0x80,0x80,0x80,0x7f,0x7e,0x7d,0x7d,0x7d,0x7e,0x80,0x82,0x83,0x84,0x84,0x84,0x82,0x80,
  0x7e,0x7d,0x7c,0x7a,0x7a,0x7a,0x7c,0x7e,0x7f,0x81,0x82,0x83,0x82,0x81,0x7f,0x7e,0x7c,0x7a,0x79,0x79,0x7a,0x7b,0x7d,0x80,
  0x83,0x85,0x86,0x86,0x86,0x85,0x84,0x82,0x81,0x7f,0x7e,0x7c,0x7c,0x7c,0x7d,0x7e,0x7f,0x80,0x80,0x80,0x80,0x7f,0x7f,0x7e,
  0x7d,0x7c,0x7c,0x7d,0x7d,0x7e,0x80,0x81,0x82,0x83,0x82,0x82,0x81,0x81,0x80,0x7f,0x7f,0x7f,0x7e,0x7e,0x7e,0x7e,0x7d,0x7d,
  0x7d,0x7d,0x7d,0x7d,0x7e,0x7e,0x7f,0x81,0x82,0x83,0x83,0x83,0x83,0x81,0x80,0x7f,0x7e,0x7d,0x7d,0x7d,0x7d,0x7e,0x7f,0x7f,
  0x80,0x80,0x80,0x81,0x81,0x81,0x81,0x81,0x82,0x82,0x81,0x81,0x81,0x81,0x80,0x80,0x7f,0x7f,0x7f,0x7f,0x7e,0x7e,0x7e,0x7d,
  0x7d,0x7d,0x7d,0x7e,0x7f,0x7f,0x80,0x80,0x7f,0x7f,0x7e,0x7e,0x7e,0x7f,0x80,0x81,0x82,0x83,0x83,0x83,0x83,0x82,0x82,0x81,
  0x80,0x7f,0x7e,0x7e,0x7e,0x7f,0x80,0x81,0x83,0x84,0x84,0x84,0x82,0x81,0x7f,0x7d,0x7c,0x7b,0x7a,0x7b,0x7c,0x7d,0x7e,0x80,
  0x81,0x82,0x81,0x81,0x80,0x7f,0x7e,0x7e,0x7f,0x80,0x82,0x82,0x82,0x82,0x81,0x80,0x7f,0x7f,0x7e,0x7e,0x7e,0x7e,0x7e,0x7e,
  0x7f,0x80,0x81,0x81,0x82,0x82,0x82,0x81,0x80,0x7f,0x7e,0x7d,0x7d,0x7c,0x7c,0x7d,0x7e,0x80,0x81,0x82,0x83,0x83,0x83,0x82,
  0x80,0x7e,0x7d,0x7c,0x7b,0x7b,0x7c,0x7f,0x81,0x83,0x84,0x84,0x84,0x83,0x81,0x7f,0x7d,0x7c,0x7b,0x7b,0x7c,0x7d,0x7e,0x7f,
  0x80,0x81,0x82,0x83,0x83,0x82,0x82,0x82,0x82,0x81,0x80,0x80,0x7f,0x7f,0x7e,0x7e,0x7d,0x7d,0x7c,0x7c,0x7c,0x7d,0x7d,0x7f,
  0x80,0x80,0x80,0x80,0x81,0x80,0x80,0x80,0x80,0x7f,0x7e,0x7e,0x7e,0x7e,0x7f,0x7f,0x80,0x81,0x82,0x82,0x82,0x82,0x82,0x81,
  0x81,0x81,0x80,0x80,0x7f,0x7e,0x7f,0x80,0x80,0x80,0x81,0x83,0x83,0x82,0x81,0x80,0x7e,0x7c,0x7b,0x7b,0x7b,0x7c,0x7c,0x7e,
  0x7f,0x80,0x80,0x81,0x82,0x82,0x81,0x80,0x7f,0x7e,0x7e,0x7e,0x7e,0x7f,0x7f,0x7f,0x7f,0x7f,0x7f,0x80,0x80,0x80,0x80,0x80,
  0x80,0x80,0x80,0x81,0x82,0x82,0x83,0x83,0x83,0x83,0x82,0x81,0x7f,0x7e,0x7c,0x7c,0x7b,0x7b,0x7b,0x7c,0x7e,0x7f,0x81,0x82,
  0x84,0x84,0x84,0x83,0x81,0x80,0x7e,0x7c,0x7c,0x7d,0x7e,0x7f,0x80,0x81,0x81,0x82,0x82,0x81,0x80,0x7e,0x7d,0x7b,0x7b,0x7b,
  0x7d,0x7f,0x81,0x82,0x83,0x84,0x83,0x82,0x81,0x80,0x7f,0x7e,0x7d,0x7d,0x7d,0x7d,0x7e,0x7f,0x7f,0x7f,0x7f,0x7f,0x7f,0x7f,
  0x7f,0x7f,0x80,0x80,0x81,0x81,0x82,0x83,0x82,0x82,0x81,0x80,0x7f,0x7e,0x7e,0x7d,0x7d,0x7d,0x7d,0x7e,0x7f,0x80,0x81,0x82,
  0x83,0x84,0x83,0x81,0x7f,0x7e,0x7c,0x7b,0x7a,0x79,0x7a,0x7c,0x7e,0x80,0x81,0x83,0x83,0x82,0x80,0x7e,0x7d,0x7c,0x7b,0x7c,
  0x7d,0x7f,0x81,0x83,0x84,0x84,0x84,0x83,0x81,0x7f,0x7e,0x7e,0x7e,0x7e,0x7e,0x7e,0x7f,0x7f,0x81,0x82,0x82,0x82,0x82,0x81,
  0x80,0x7e,0x7d,0x7d,0x7d,0x7e,0x7e,0x7e,0x7f,0x80,0x80,0x80,0x80,0x80,0x80,0x7f,0x7d,0x7d,0x7d,0x7d,0x7e,0x7f,0x81,0x82,
  0x83,0x83,0x83,0x82,0x80,0x7e,0x7c,0x7b,0x79,0x79,0x7a,0x7c,0x7e,0x80,0x83,0x84,0x86,0x86,0x85,0x83,0x81,0x7f,0x7d,0x7c,
  0x7d,0x7f,0x80,0x82,0x84,0x84,0x84,0x83,0x82,0x80,0x7e,0x7c,0x7a,0x79,0x79,0x79,0x7a,0x7d,0x80,0x83,0x84,0x85,0x86,0x85,
  0x84,0x83,0x81,0x7f,0x7d,0x7b,0x7a,0x7a,0x7b,0x7c,0x7e,0x81,0x84,0x85,0x86,0x86,0x85,0x83,0x81,0x7f,0x7d,0x7b,0x7a,0x7a,
  0x7c,0x7d,0x7f,0x80,0x81,0x82,0x83,0x82,0x81,0x80,0x7f,0x7d,0x7d,0x7d,0x7e,0x7e,0x7f,0x7f,0x7f,0x7f,0x7f,0x80,0x81,0x82,
  0x82,0x82,0x82,0x82,0x81,0x80,0x80,0x80,0x80,0x7f,0x7f,0x7f,0x7f,0x80,0x80,0x80,0x80,0x80,0x80,0x7f,0x7f,0x7f,0x7f,0x80,
  0x80,0x80,0x80,0x80,0x7f,0x7f,0x7e,0x7d,0x7c,0x7c,0x7c,0x7c,0x7c,0x7e,0x80,0x81,0x82,0x83,0x84,0x84,0x83,0x81,0x80,0x80,
  0x7f,0x7e,0x7e,0x7f,0x80,0x80,0x81,0x81,0x80,0x7f,0x7f,0x7e,0x7e,0x7d,0x7d,0x7d,0x7d,0x7d,0x7e,0x7f,0x80,0x81,0x81,0x81,
  0x80,0x81,0x81,0x81,0x80,0x80,0x81,0x81,0x81,0x81,0x81,0x81,0x81,0x80,0x7f,0x7e,0x7c,0x7b,0x7a,0x7a,0x7b,0x7d,0x7e,0x80,
  0x82,0x84,0x85,0x84,0x83,0x81,0x7f,0x7c,0x7b,0x7a,0x7b,0x7c,0x7d,0x7f,0x82,0x84,0x85,0x85,0x85,0x83,0x81,0x7e,0x7b,0x7a,
  0x7a,0x7b,0x7c,0x7e,0x80,0x81,0x82,0x83,0x83,0x83,0x82,0x81,0x7f,0x7e,0x7d,0x7d,0x7d,0x7e,0x7f,0x81,0x82,0x83,0x82,0x82,
  0x81,0x80,0x7e,0x7c,0x7b,0x7a,0x7b,0x7b,0x7c,0x7e,0x81,0x82,0x82,0x82,0x83,0x82,0x81,0x80,0x7f,0x7e,0x7e,0x7f,0x7f,0x81,
  0x82,0x83,0x84,0x83,0x81,0x7f,0x7d,0x7b,0x7a,0x79,0x79,0x7b,0x7d,0x7f,0x81,0x84,0x86,0x86,0x86,0x84,0x82,0x80,0x7e,0x7c,
  0x7b,0x7b,0x7b,0x7c,0x7e,0x7f,0x81,0x82,0x83,0x84,0x84,0x83,0x81,0x7f,0x7d,0x7b,0x7a,0x7a,0x7a,0x7b,0x7c,0x7e,0x81,0x83,
  0x84,0x85,0x85,0x84,0x84,0x83,0x81,0x7f,0x7d,0x7d,0x7c,0x7d,0x7d,0x7f,0x80,0x81,0x82,0x83,0x83,0x82,0x82,0x81,0x80,0x7f,
  0x7e,0x7d,0x7c,0x7b,0x7b,0x7b,0x7b,0x7b,0x7c,0x7e,0x81,0x83,0x85,0x87,0x88,0x88,0x87,0x84,0x81,0x7f,0x7c,0x7a,0x79,0x79,
  0x7a,0x7b,0x7e,0x80,0x82,0x84,0x85,0x85,0x84,0x83,0x81,0x7f,0x7d,0x7b,0x7a,0x7a,0x7b,0x7d,0x7f,0x81,0x82,0x83,0x84,0x84,
  0x83,0x83,0x82,0x81,0x80,0x7e,0x7d,0x7c,0x7c,0x7c,0x7c,0x7d,0x7d,0x7e,0x7e,0x7f,0x80,0x81,0x82,0x82,0x82,0x82,0x82,0x82,
  0x82,0x82,0x81,0x81,0x80,0x80,0x7f,0x7d,0x7d,0x7d,0x7e,0x7e,0x7e,0x7f,0x7f,0x80,0x81,0x81,0x80,0x7f,0x7e,0x7c,0x7b,0x7a,
  0x7b,0x7c,0x7e,0x80,0x82,0x84,0x86,0x86,0x86,0x84,0x82,0x7f,0x7d,0x7c,0x7b,0x7a,0x7b,0x7c,0x7d,0x7e,0x80,0x81,0x83,0x84,
  0x84,0x84,0x83,0x81,0x80,0x7e,0x7d,0x7c,0x7c,0x7b,0x7b,0x7c,0x7d,0x7f,0x81,0x83,0x84,0x84,0x84,0x82,0x80,0x7e,0x7d,0x7c,
  0x7c,0x7c,0x7d,0x7e,0x7f,0x80,0x81,0x81,0x80,0x7f,0x7f,0x7e,0x7e,0x7e,0x7f,0x81,0x82,0x82,0x82,0x82,0x82,0x82,0x82,0x81,
  0x80,0x7e,0x7e,0x7d,0x7e,0x7e,0x7e,0x7e,0x7e,0x7e,0x7d,0x7d,0x7d,0x7e,0x7f,0x80,0x80,0x81,0x81,0x82,0x82,0x82,0x83,0x83,
  0x82,0x81,0x81,0x80,0x80,0x7f,0x7f,0x7e,0x7e,0x7e,0x7e,0x7e,0x7f,0x7f,0x7f,0x7f,0x80,0x80,0x81,0x81,0x81,0x81,0x7f,0x7f,
  0x7e,0x7e,0x7e,0x7e,0x7f,0x7f,0x7f,0x7e,0x7e,0x7f,0x80,0x80,0x81,0x82,0x83,0x83,0x83,0x84,0x84,0x83,0x82,0x80,0x7e,0x7c,
  0x7a,0x79,0x7a,0x7b,0x7d,0x7f,0x81,0x83,0x84,0x84,0x84,0x83,0x82,0x80,0x7e,0x7d,0x7d,0x7c,0x7d,0x7e,0x80,0x81,0x82,0x82,
  0x82,0x82,0x80,0x7f,0x7e,0x7d,0x7d,0x7c,0x7d,0x7e,0x7f,0x7f,0x80,0x81,0x82,0x83,0x83,0x83,0x83,0x82,0x81,0x7f,0x7e,0x7d,
  0x7b,0x7a,0x7a,0x7a,0x7b,0x7c,0x7d,0x7f,0x80,0x82,0x83,0x83,0x83,0x83,0x84,0x84,0x84,0x83,0x81,0x80,0x7f,0x7d,0x7c,0x7b,
  0x7c,0x7c,0x7c,0x7c,0x7d,0x7f,0x7f,0x80,0x80,0x81,0x81,0x81,0x80,0x80,0x7f,0x7f,0x7e,0x7d,0x7d,0x7c,0x7c,0x7d,0x7e,0x7f,
  0x80,0x81,0x82,0x83,0x83,0x83,0x83,0x82,0x81,0x80,0x7f,0x7e,0x7d,0x7d,0x7c,0x7c,0x7d,0x7d,0x7d,0x7e,0x7f,0x80,0x80,0x80,
  0x80,0x80,0x7f,0x7f,0x7e,0x7e,0x7e,0x7f,0x7f,0x7f,0x80,0x81,0x82,0x83,0x83,0x83,0x83,0x82,0x81,0x80,0x7e,0x7d,0x7c,0x7c,
  0x7c,0x7d,0x7e,0x7f,0x80,0x82,0x82,0x82,0x82,0x81,0x81,0x80,0x7f,0x7e,0x7d,0x7d,0x7c,0x7c,0x7d,0x7e,0x7f,0x7f,0x7f,0x80,
  0x80,0x7f,0x7f,0x80,0x80,0x80,0x81,0x82,0x83,0x85,0x85,0x85,0x84,0x83,0x81,0x7f,0x7d,0x7b,0x7a,0x7a,0x7a,0x7b,0x7d,0x80,
  0x82,0x84,0x86,0x86,0x85,0x84,0x81,0x7f,0x7c,0x7b,0x7a,0x7a,0x7a,0x7c,0x7e,0x81,0x83,0x85,0x86,0x87,0x86,0x84,0x82,0x80,
  0x7e,0x7d,0x7c,0x7b,0x7b,0x7d,0x7e,0x7f,0x80,0x81,0x81,0x81,0x80,0x7f,0x7e,0x7e,0x7d,0x7d,0x7d,0x7d,0x7d,0x7e,0x7f,0x80,
  0x80,0x81,0x82,0x82,0x82,0x82,0x82,0x83,0x83,0x83,0x82,0x82,0x81,0x80,0x7f,0x7d,0x7d,0x7c,0x7c,0x7c,0x7d,0x7e,0x7f,0x80,
  0x80,0x80,0x80,0x80,0x80,0x80,0x7f,0x7f,0x7e,0x7e,0x7e,0x7e,0x7f,0x80,0x81,0x82,0x83,0x83,0x82,0x82,0x80,0x7f,0x7d,0x7c,
  0x7c,0x7c,0x7c,0x7d,0x7e,0x7f,0x80,0x80,0x80,0x80,0x7f,0x7e,0x7d,0x7d,0x7e,0x7e,0x7f,0x80,0x82,0x83,0x83,0x82,0x82,0x81,
  0x80,0x7e,0x7d,0x7d,0x7e,0x7e,0x7f,0x80,0x81,0x82,0x82,0x82,0x82,0x81,0x80,0x7f,0x7e,0x7e,0x7e,0x7e,0x7e,0x7f,0x80,0x80,
  0x80,0x80,0x7f,0x7f,0x7d,0x7d,0x7d,0x7d,0x7d,0x7d,0x7f,0x80,0x80,0x81,0x81,0x82,0x82,0x81,0x81,0x80,0x7f,0x7e,0x7d,0x7d,
  0x7d,0x7e,0x7e,0x7f,0x81,0x82,0x83,0x83,0x83,0x83,0x81,0x7f,0x7e,0x7d,0x7c,0x7b,0x7c,0x7c,0x7e,0x7e,0x7f,0x81,0x82,0x83,
  0x83,0x82,0x82,0x81,0x80,0x80,0x7f,0x7f,0x7f,0x7f,0x7f,0x80,0x81,0x81,0x81,0x81,0x82,0x82,0x82,0x81,0x80,0x80,0x7f,0x7d,
  0x7c,0x7b,0x7b,0x7b,0x7b,0x7c,0x7e,0x80,0x81,0x81,0x82,0x82,0x81,0x80,0x7f,0x7e,0x7e,0x7e,0x7e,0x7e,0x7e,0x7f,0x81,0x81,
  0x82,0x83,0x84,0x84,0x83,0x82,0x81,0x80,0x80,0x80,0x80,0x80,0x80,0x80,0x80,0x7f,0x7f,0x80,0x80,0x80,0x7f,0x7f,0x7f,0x7f,
  0x7f,0x7f,0x7f,0x80,0x80,0x81,0x81,0x80,0x80,0x7f,0x7e,0x7c,0x7b,0x7b,0x7b,0x7b,0x7b,0x7d,0x7f,0x81,0x83,0x84,0x84,0x84,
  0x83,0x81,0x7f,0x7d,0x7c,0x7b,0x7c,0x7d,0x7f,0x82,0x84,0x85,0x85,0x85,0x84,0x82,0x80,0x7e,0x7c,0x7b,0x7b,0x7b,0x7b,0x7d,
  0x7e,0x80,0x82,0x83,0x84,0x84,0x84,0x82,0x81,0x80,0x7e,0x7c,0x7b,0x7a,0x7b,0x7b,0x7c,0x7d,0x7f,0x81,0x81,0x82,0x82,0x82,
  0x81,0x81,0x80,0x80,0x7f,0x7f,0x7f,0x7f,0x7f,0x80,0x80,0x80,0x80,0x80,0x80,0x80,0x80,0x80,0x80,0x7f,0x7f,0x7e,0x7e,0x7e,
  0x7e,0x7e,0x7d,0x7d,0x7d,0x7d,0x7d,0x7e,0x7e,0x7f,0x80,0x80,0x81,0x82,0x82,0x83,0x83,0x83,0x82,0x80,0x7f,0x7e,0x7d,0x7c,
  0x7c,0x7d,0x7f,0x80,0x81,0x82,0x84,0x85,0x85,0x85,0x84,0x82,0x80,0x7e,0x7c,0x7a,0x78,0x78,0x78,0x79,0x7b,0x7e,0x81,0x83,
  0x85,0x86,0x85,0x84,0x82,0x7e,0x7b,0x78,0x76,0x75,0x76,0x78,0x7c,0x80,0x83,0x86,0x89,0x8a,0x8a,0x87,0x84,0x81,0x7e,0x7c,
  0x79,0x78,0x78,0x7a,0x7c,0x7f,0x82,0x85,0x87,0x88,0x87,0x87,0x85,0x82,0x7f,0x7c,0x7a,0x79,0x78,0x78,0x7a,0x7b,0x7d,0x7f,
  0x81,0x83,0x84,0x83,0x83,0x82,0x81,0x80,0x7f,0x7e,0x7e,0x7e,0x7f,0x7f,0x7f,0x7e,0x7e,0x7d,0x7c,0x7c,0x7c,0x7d,0x7e,0x80,
  0x82,0x85,0x87,0x87,0x87,0x85,0x83,0x80,0x7e,0x7c,0x7a,0x7a,0x7b,0x7e,0x80,0x83,0x85,0x86,0x87,0x87,0x85,0x82,0x7f,0x7d,
  0x7a,0x79,0x78,0x78,0x7a,0x7b,0x7d,0x7f,0x81,0x82,0x84,0x85,0x85,0x85,0x84,0x82,0x80,0x7f,0x7d,0x7c,0x7c,0x7c,0x7e,0x80,
  0x82,0x83,0x85,0x86,0x86,0x85,0x83,0x81,0x7f,0x7d,0x7c,0x7b,0x7b,0x7b,0x7b,0x7c,0x7d,0x7e,0x7f,0x80,0x80,0x81,0x81,0x81,
  0x82,0x82,0x82,0x81,0x80,0x80,0x7f,0x7e,0x7e,0x7e,0x7e,0x7e,0x7e,0x7f,0x80,0x81,0x81,0x82,0x83,0x83,0x82,0x81,0x80,0x80,
  0x7f,0x7f,0x7f,0x7f,0x7f,0x7f,0x7f,0x7f,0x7f,0x7f,0x7f,0x7f,0x7f,0x7f,0x7f,0x7f,0x7e,0x7e,0x7d,0x7d,0x7d,0x7d,0x7d,0x7d,
  0x7e,0x7f,0x80,0x81,0x83,0x84,0x84,0x83,0x81,0x7f,0x7d,0x7b,0x7a,0x7a,0x7b,0x7c,0x7d,0x7f,0x80,0x81,0x83,0x84,0x84,0x84,
  0x83,0x82,0x81,0x80,0x7f,0x7e,0x7e,0x7e,0x7d,0x7d,0x7e,0x7f,0x7f,0x80,0x81,0x81,0x82,0x82,0x81,0x80,0x7e,0x7d,0x7b,0x7b,
  0x7b,0x7b,0x7c,0x7c,0x7d,0x7e,0x7e,0x7e,0x7e,0x7e,0x7f,0x7f,0x7f,0x80,0x81,0x81,0x81,0x81,0x81,0x81,0x81,0x80,0x7f,0x7f,
  0x7f,0x81,0x82,0x83,0x84,0x84,0x85,0x84,0x83,0x82,0x80,0x7e,0x7c,0x7b,0x7a,0x79,0x79,0x7a,0x7b,0x7e,0x80,0x81,0x82,0x83,
  0x83,0x82,0x81,0x80,0x7f,0x7e,0x7d,0x7c,0x7c,0x7d,0x7e,0x7f,0x80,0x82,0x84,0x85,0x85,0x85,0x84,0x83,0x80,0x7e,0x7d,0x7c,
  0x7c,0x7c,0x7d,0x7f,0x80,0x81,0x81,0x81,0x81,0x80,0x80,0x7f,0x7e,0x7e,0x7e,0x7e,0x7f,0x80,0x80,0x81,0x80,0x80,0x7f,0x7f,
  0x7e,0x7e,0x7f,0x80,0x80,0x81,0x82,0x83,0x83,0x82,0x82,0x81,0x80,0x7f,0x7e,0x7e,0x7e,0x7e,0x7f,0x7f,0x80,0x80,0x81,0x81,
  0x82,0x82,0x81,0x80,0x7f,0x7d,0x7c,0x7b,0x7a,0x7b,0x7b,0x7c,0x7d,0x7f,0x81,0x82,0x84,0x85,0x85,0x84,0x83,0x81,0x7f,0x7d,
  0x7c,0x7c,0x7c,0x7d,0x7e,0x7f,0x80,0x81,0x81,0x81,0x81,0x81,0x81,0x81,0x81,0x81,0x81,0x81,0x80,0x80,0x7f,0x7f,0x80,0x80,
  0x80,0x80,0x80,0x81,0x81,0x81,0x80,0x80,0x7e,0x7c,0x7b,0x7b,0x7a,0x7a,0x7c,0x7d,0x7e,0x7f,0x80,0x80,0x81,0x81,0x80,0x80,
  0x7f,0x7f,0x7e,0x7d,0x7e,0x7e,0x7f,0x80,0x80,0x81,0x81,0x82,0x82,0x82,0x82,0x83,0x82,0x82,0x82,0x82,0x81,0x80,0x7f,0x7e,
  0x7e,0x7e,0x7e,0x7f,0x80,0x80,0x80,0x7f,0x7e,0x7e,0x7e,0x7e,0x7e,0x7f,0x7f,0x7f,0x7f,0x7f,0x7f,0x7f,0x7f,0x7e,0x7d,0x7d,
  0x7d,0x7d,0x7e,0x7f,0x80,0x81,0x81,0x81,0x81,0x81,0x81,0x80,0x80,0x80,0x80,0x80,0x81,0x81,0x81,0x82,0x82,0x81,0x81,0x80,
  0x7f,0x7f,0x7e,0x7e,0x7d,0x7d,0x7e,0x7e,0x7e,0x7f,0x7f,0x7f,0x7f,0x7f,0x7f,0x7f,0x7f,0x80,0x80,0x80,0x80,0x7f,0x7f,0x7f,
  0x7f,0x7f,0x80,0x80,0x81,0x81,0x82,0x82,0x82,0x82,0x82,0x81,0x80,0x80,0x80,0x80,0x7f,0x7f,0x7f,0x7e,0x7e,0x7e,0x7e,0x7d,
  0x7d,0x7e,0x7f,0x80,0x80,0x81,0x81,0x81,0x81,0x7f,0x7e,0x7d,0x7d,0x7c,0x7c,0x7d,0x7f,0x7f,0x7f,0x80,0x80,0x80,0x80,0x7f,
  0x7f,0x7f,0x7f,0x80,0x80,0x81,0x83,0x84,0x84,0x84,0x83,0x82,0x81,0x80,0x80,0x80,0x7f,0x7f,0x7f,0x7f,0x7f,0x7f,0x7e,0x7e,
  0x7e,0x7d,0x7d,0x7e,0x7e,0x7f,0x7f,0x7f,0x7f,0x7e,0x7e,0x7d,0x7e,0x7e,0x7f,0x80,0x80,0x81,0x81,0x81,0x81,0x80,0x7f,0x7f,
  0x7e,0x7e,0x7e,0x7f,0x80,0x81,0x82,0x82,0x82,0x82,0x81,0x80,0x7f,0x7e,0x7d,0x7c,0x7d,0x7e,0x7f,0x80,0x81,0x82,0x82,0x82,
  0x82,0x81,0x81,0x81,0x80,0x80,0x80,0x7f,0x7f,0x7f,0x7f,0x7e,0x7d,0x7d,0x7c,0x7c,0x7d,0x7d,0x7e,0x80,0x80,0x80,0x80,0x80,
  0x80,0x80,0x80,0x80,0x80,0x81,0x81,0x81,0x81,0x80,0x7f,0x7e,0x7c,0x7c,0x7d,0x7e,0x80,0x82,0x84,0x84,0x84,0x83,0x82,0x80,
  0x7f,0x7d,0x7c,0x7b,0x7b,0x7b,0x7d,0x7f,0x80,0x82,0x83,0x84,0x83,0x81,0x80,0x7e,0x7e,0x7d,0x7d,0x7e,0x7e,0x7f,0x7f,0x80,
  0x80,0x80,0x80,0x81,0x81,0x81,0x81,0x80,0x80,0x7f,0x7f,0x7f,0x7e,0x7e,0x7e,0x7e,0x7e,0x7e,0x7f,0x80,0x81,0x82,0x83,0x83,
  0x83,0x82,0x80,0x7e,0x7d,0x7c,0x7b,0x7b,0x7b,0x7b,0x7c,0x7d,0x7e,0x7f,0x80,0x82,0x83,0x83,0x84,0x85,0x84,0x84,0x84,0x83,
  0x81,0x7f,0x7e,0x7d,0x7c,0x7d,0x7e,0x7f,0x80,0x81,0x81,0x81,0x80,0x7f,0x7e,0x7e,0x7e,0x7e,0x7f,0x80,0x80,0x80,0x80,0x7f,
  0x7e,0x7d,0x7c,0x7c,0x7c,0x7d,0x7f,0x81,0x83,0x84,0x85,0x85,0x84,0x82,0x7f,0x7c,0x7a,0x79,0x7a,0x7c,0x7e,0x81,0x83,0x85,
  0x86,0x86,0x85,0x83,0x81,0x7e,0x7d,0x7b,0x7a,0x7b,0x7c,0x7e,0x80,0x81,0x82,0x83,0x84,0x83,0x83,0x82,0x81,0x80,0x7e,0x7d,
  0x7c,0x7c,0x7d,0x7d,0x7e,0x7f,0x80,0x81,0x81,0x81,0x81,0x80,0x7f,0x7f,0x7f,0x7f,0x80,0x81,0x81,0x82,0x81,0x81,0x80,0x7f,
  0x7d,0x7b,0x7a,0x7a,0x7a,0x7b,0x7e,0x81,0x83,0x85,0x86,0x86,0x85,0x83,0x81,0x7e,0x7c,0x7a,0x7a,0x7a,0x7b,0x7d,0x80,0x83,
  0x86,0x87,0x87,0x86,0x84,0x81,0x7e,0x7b,0x7a,0x79,0x79,0x7a,0x7c,0x7e,0x80,0x82,0x83,0x83,0x83,0x83,0x81,0x7f,0x7c,0x7b,
  0x7b,0x7a,0x7b,0x7c,0x7f,0x81,0x82,0x83,0x84,0x84,0x83,0x82,0x81,0x80,0x7f,0x7f,0x7e,0x7e,0x7e,0x7e,0x7f,0x7f,0x7f,0x7f,
  0x7f,0x7e,0x7e,0x7d,0x7d,0x7d,0x7e,0x7f,0x80,0x82,0x83,0x84,0x84,0x84,0x82,0x80,0x7e,0x7c,0x7a,0x79,0x79,0x7a,0x7d,0x7f,
  0x82,0x84,0x85,0x86,0x85,0x84,0x81,0x7f,0x7d,0x7b,0x7a,0x7a,0x7a,0x7b,0x7d,0x80,0x82,0x84,0x86,0x86,0x85,0x83,0x82,0x80,
  0x7e,0x7c,0x7b,0x7a,0x7a,0x7c,0x7d,0x7f,0x81,0x83,0x85,0x85,0x84,0x83,0x81,0x7f,0x7d,0x7b,0x7b,0x7b,0x7b,0x7d,0x7f,0x81,
  0x83,0x84,0x84,0x84,0x83,0x81,0x80,0x7e,0x7e,0x7d,0x7d,0x7e,0x7f,0x80,0x81,0x81,0x81,0x80,0x80,0x7f,0x7e,0x7e,0x7e,0x7f,
  0x7f,0x80,0x81,0x81,0x82,0x81,0x81,0x81,0x80,0x7f,0x7e,0x7d,0x7c,0x7b,0x7c,0x7d,0x7e,0x80,0x81,0x83,0x84,0x84,0x85,0x84,
  0x82,0x80,0x7e,0x7c,0x7b,0x7b,0x7b,0x7c,0x7e,0x80,0x83,0x85,0x86,0x87,0x87,0x85,0x83,0x80,0x7c,0x7a,0x79,0x78,0x79,0x7a,
  0x7c,0x7f,0x80,0x82,0x83,0x83,0x83,0x81,0x7f,0x7e,0x7c,0x7b,0x7b,0x7b,0x7b,0x7c,0x7d,0x7f,0x82,0x84,0x85,0x86,0x86,0x85,
  0x84,0x81,0x7f,0x7e,0x7c,0x7b,0x7b,0x7c,0x7e,0x7f,0x81,0x83,0x84,0x84,0x83,0x81,0x80,0x7e,0x7d,0x7c,0x7c,0x7d,0x7e,0x7f,
  0x80,0x81,0x82,0x82,0x81,0x7f,0x7e,0x7c,0x7b,0x7a,0x7a,0x7b,0x7d,0x7e,0x80,0x81,0x83,0x83,0x83,0x82,0x82,0x80,0x7f,0x7e,
  0x7e,0x7e,0x7e,0x7e,0x7f,0x81,0x82,0x83,0x84,0x84,0x84,0x83,0x81,0x7f,0x7d,0x7c,0x7b,0x7a,0x7b,0x7c,0x7e,0x80,0x82,0x83,
  0x84,0x84,0x83,0x82,0x7f,0x7d,0x7b,0x7a,0x7a,0x7b,0x7d,0x7f,0x81,0x83,0x85,0x86,0x86,0x85,0x82,0x7f,0x7c,0x7a,0x79,0x78,
  0x79,0x7b,0x7e,0x80,0x82,0x84,0x86,0x86,0x85,0x83,0x81,0x7e,0x7c,0x7b,0x7b,0x7b,0x7c,0x7d,0x7e,0x80,0x81,0x83,0x83,0x83,
  0x83,0x81,0x80,0x7e,0x7d,0x7d,0x7d,0x7d,0x7e,0x7e,0x7f,0x81,0x82,0x83,0x83,0x83,0x82,0x80,0x7f,0x7e,0x7e,0x7f,0x7f,0x7f,
  0x80,0x80,0x80,0x80,0x80,0x80,0x7f,0x7d,0x7c,0x7c,0x7c,0x7d,0x7f,0x81,0x84,0x85,0x84,0x83,0x82,0x81,0x7f,0x7d,0x7c,0x7b,
  0x7a,0x7a,0x7c,0x7e,0x80,0x83,0x84,0x84,0x84,0x83,0x82,0x80,0x7e,0x7c,0x7a,0x7a,0x7a,0x7b,0x7d,0x80,0x82,0x83,0x84,0x85,
  0x85,0x84,0x83,0x82,0x81,0x7f,0x7d,0x7c,0x7c,0x7d,0x7e,0x7f,0x80,0x81,0x81,0x80,0x80,0x80,0x7f,0x7f,0x7e,0x7e,0x7e,0x7f,
  0x7f,0x80,0x81,0x81,0x80,0x7f,0x7e,0x7d,0x7c,0x7d,0x7d,0x7f,0x81,0x82,0x84,0x85,0x85,0x85,0x83,0x81,0x7f,0x7c,0x7a,0x79,
  0x79,0x7a,0x7c,0x7e,0x80,0x82,0x84,0x85,0x85,0x84,0x82,0x80,0x7e,0x7c,0x7b,0x7b,0x7c,0x7d,0x7e,0x7f,0x81,0x82,0x83,0x83,
  0x84,0x83,0x82,0x81,0x7f,0x7d,0x7d,0x7d,0x7e,0x7f,0x80,0x81,0x82,0x83,0x83,0x83,0x82,0x80,0x7f,0x7d,0x7c,0x7c,0x7d,0x7f,
  0x80,0x81,0x81,0x81,0x80,0x7f,0x7e,0x7d,0x7c,0x7b,0x7a,0x7b,0x7d,0x7f,0x81,0x83,0x84,0x84,0x82,0x81,0x7f,0x7e,0x7d,0x7d,
  0x7d,0x7e,0x7f,0x81,0x82,0x84,0x85,0x85,0x84,0x83,0x81,0x7f,0x7e,0x7d,0x7c,0x7c,0x7c,0x7d,0x7e,0x80,0x81,0x82,0x82,0x82,
  0x81,0x80,0x80,0x80,0x80,0x80,0x7f,0x7f,0x7f,0x7f,0x80,0x81,0x81,0x82,0x81,0x80,0x7f,0x7e,0x7d,0x7d,0x7d,0x7d,0x7d,0x7d,
  0x7e,0x7e,0x7f,0x80,0x80,0x80,0x7f,0x7e,0x7d,0x7d,0x7e,0x7f,0x80,0x81,0x82,0x83,0x83,0x83,0x83,0x82,0x81,0x80,0x7f,0x7e,
  0x7e,0x7f,0x81,0x82,0x83,0x83,0x82,0x81,0x80,0x7f,0x7e,0x7d,0x7d,0x7d,0x7d,0x7e,0x7f,0x80,0x81,0x81,0x80,0x7f,0x7e,0x7e,
  0x7e,0x7e,0x7f,0x7f,0x80,0x80,0x80,0x80,0x80,0x80,0x80,0x7f,0x7e,0x7d,0x7d,0x7d,0x7e,0x7f,0x80,0x80,0x80,0x81,0x81,0x81,
  0x81,0x81,0x81,0x81,0x80,0x80,0x7f,0x7f,0x80,0x80,0x80,0x80,0x7f,0x80,0x80,0x80,0x80,0x80,0x80,0x7e,0x7d,0x7d,0x7e,0x7f,
  0x80,0x81,0x82,0x82,0x82,0x82,0x81,0x81,0x80,0x7f,0x7e,0x7e,0x7e,0x7f,0x80,0x81,0x82,0x82,0x80,0x7f,0x7e,0x7d,0x7c,0x7b,
  0x7b,0x7b,0x7c,0x7d,0x7f,0x81,0x82,0x83,0x83,0x82,0x81,0x7f,0x7e,0x7e,0x7e,0x7f,0x7f,0x7f,0x80,0x81,0x81,0x82,0x83,0x83,
  0x82,0x81,0x7f,0x7f,0x7e,0x7e,0x7e,0x7e,0x7e,0x7e,0x7e,0x7f,0x7f,0x80,0x81,0x81,0x81,0x80,0x80,0x81,0x81,0x82,0x82,0x81,
  0x81,0x80,0x80,0x7f,0x7f,0x7f,0x7e,0x7d,0x7d,0x7c,0x7d,0x7d,0x7e,0x7e,0x7f,0x7f,0x7f,0x7f,0x7f,0x7f,0x7f,0x7f,0x7e,0x7e,
  0x7d,0x7e,0x7f,0x80,0x81,0x82,0x82,0x82,0x82,0x82,0x81,0x80,0x80,0x7f,0x7e,0x7d,0x7e,0x7f,0x80,0x81,0x81,0x82,0x82,0x82,
  0x81,0x81,0x80,0x80,0x7f,0x7e,0x7e,0x7e,0x7f,0x7f,0x80,0x81,0x81,0x80,0x7f,0x7e,0x7d,0x7d,0x7c,0x7c,0x7d,0x7d,0x7e,0x80,
  0x81,0x82,0x83,0x82,0x81,0x80,0x7e,0x7d,0x7c,0x7c,0x7c,0x7d,0x7e,0x80,0x82,0x84,0x85,0x86,0x86,0x85,0x83,0x80,0x7e,0x7d,
  0x7b,0x7b,0x7b,0x7c,0x7d,0x7e,0x80,0x81,0x83,0x84,0x83,0x83,0x82,0x81,0x80,0x7f,0x7f,0x7e,0x7e,0x7e,0x7e,0x7f,0x80,0x81,
  0x82,0x81,0x80,0x80,0x7f,0x7e,0x7e,0x7e,0x7f,0x7f,0x80,0x7f,0x7f,0x80,0x80,0x80,0x7f,0x7f,0x7f,0x7e,0x7f,0x80,0x81,0x82,
  0x83,0x83,0x83,0x83,0x82,0x81,0x7f,0x7e,0x7c,0x7b,0x7a,0x7a,0x7b,0x7d,0x7f,0x80,0x82,0x84,0x84,0x83,0x83,0x82,0x80,0x7e,
  0x7c,0x7b,0x7a,0x7a,0x7c,0x7e,0x80,0x82,0x83,0x85,0x86,0x86,0x85,0x84,0x83,0x81,0x7e,0x7c,0x7b,0x7b,0x7b,0x7c,0x7c,0x7d,
  0x7e,0x7f,0x80,0x81,0x82,0x82,0x81,0x80,0x7f,0x7d,0x7c,0x7c,0x7b,0x7b,0x7c,0x7d,0x7e,0x7f,0x80,0x81,0x82,0x82,0x82,0x82,
  0x81,0x81,0x81,0x80,0x80,0x7f,0x7e,0x7d,0x7d,0x7e,0x7f,0x80,0x81,0x82,0x83,0x83,0x84,0x84,0x83,0x82,0x80,0x7e,0x7c,0x7b,
  0x7b,0x7b,0x7c,0x7d,0x7e,0x7f,0x80,0x80,0x81,0x82,0x82,0x83,0x82,0x81,0x80,0x7f,0x7f,0x7e,0x7e,0x7d,0x7d,0x7d,0x7d,0x7d,
  0x7f,0x80,0x81,0x81,0x81,0x81,0x81,0x81,0x81,0x80,0x7f,0x7d,0x7c,0x7c,0x7c,0x7c,0x7e,0x7f,0x81,0x81,0x82,0x83,0x84,0x84,
  0x84,0x83,0x82,0x80,0x7f,0x7e,0x7d,0x7d,0x7e,0x7f,0x7f,0x80,0x81,0x81,0x82,0x83,0x82,0x81,0x80,0x7e,0x7d,0x7c,0x7c,0x7d,
  0x7d,0x7d,0x7d,0x7e,0x7f,0x80,0x82,0x82,0x83,0x82,0x82,0x81,0x81,0x80,0x80,0x7f,0x7f,0x7f,0x7f,0x7f,0x7f,0x7f,0x7f,0x7f,
  0x7f,0x7f,0x7f,0x7f,0x80,0x80,0x80,0x7f,0x7f,0x7e,0x7e,0x7e,0x7f,0x7f,0x7f,0x7f,0x7f,0x7f,0x80,0x80,0x82,0x83,0x84,0x84,
  0x83,0x83,0x82,0x82,0x81,0x81,0x80,0x7f,0x7e,0x7e,0x7e,0x7e,0x7f,0x7f,0x7f,0x7f,0x7e,0x7d,0x7d,0x7c,0x7c,0x7c,0x7c,0x7d,
  0x7e,0x7e,0x7f,0x80,0x80,0x80,0x80,0x7f,0x7f,0x7f,0x7f,0x80,0x80,0x80,0x80,0x81,0x81,0x82,0x82,0x82,0x81,0x81,0x80,0x80,
  0x81,0x81,0x81,0x82,0x82,0x82,0x81,0x80,0x80,0x80,0x7f,0x7e,0x7d,0x7c,0x7c,0x7c,0x7c,0x7d,0x7e,0x7f,0x7f,0x7f,0x80,0x80,
  0x81,0x81,0x81,0x81,0x80,0x7f,0x7e,0x7e,0x7e,0x7f,0x7f,0x80,0x80,0x80,0x80,0x80,0x7f,0x7f,0x7e,0x7e,0x7d,0x7d,0x7e,0x7e,
  0x7f,0x80,0x80,0x80,0x80,0x80,0x7f,0x7f,0x7f,0x7f,0x7f,0x7f,0x7f,0x80,0x81,0x83,0x84,0x83,0x83,0x82,0x81,0x80,0x80,0x80,
  0x80,0x7f,0x7f,0x7e,0x7f,0x7f,0x80,0x80,0x7f,0x7e,0x7e,0x7d,0x7c,0x7c,0x7c,0x7d,0x7e,0x7e,0x7f,0x80,0x81,0x82,0x83,0x83,
  0x82,0x81,0x80,0x7f,0x7e,0x7e,0x7e,0x7e,0x7f,0x80,0x80,0x81,0x82,0x82,0x82,0x81,0x7f,0x7e,0x7d,0x7d,0x7c,0x7d,0x7e,0x7f,
  0x7f,0x80,0x81,0x81,0x81,0x80,0x7f,0x7e,0x7d,0x7d,0x7d,0x7e,0x80,0x81,0x82,0x83,0x83,0x83,0x83,0x83,0x82,0x81,0x80,0x7f,
  0x7f,0x7e,0x7e,0x7f,0x7f,0x80,0x80,0x80,0x7f,0x7e,0x7d,0x7c,0x7b,0x7b,0x7b,0x7b,0x7c,0x7e,0x80,0x82,0x83,0x83,0x83,0x82,
  0x81,0x7f,0x7e,0x7d,0x7c,0x7c,0x7c,0x7e,0x80,0x82,0x85,0x86,0x87,0x87,0x85,0x83,0x81,0x7f,0x7d,0x7c,0x7b,0x7b,0x7c,0x7d,
  0x7f,0x81,0x82,0x82,0x82,0x81,0x80,0x7e,0x7d,0x7d,0x7c,0x7c,0x7c,0x7c,0x7e,0x7f,0x81,0x83,0x84,0x84,0x84,0x83,0x81,0x80,
  0x7f,0x7d,0x7c,0x7c,0x7d,0x7e,0x80,0x81,0x82,0x83,0x83,0x82,0x81,0x7f,0x7e,0x7d,0x7c,0x7c,0x7d,0x7e,0x7f,0x80,0x82,0x83,
  0x83,0x82,0x81,0x7f,0x7d,0x7c,0x7c,0x7d,0x7e,0x7f,0x81,0x82,0x84,0x85,0x85,0x84,0x83,0x81,0x7f,0x7d,0x7c,0x7b,0x7b,0x7c,
  0x7d,0x7e,0x80,0x81,0x82,0x83,0x83,0x82,0x80,0x7f,0x7d,0x7c,0x7b,0x7b,0x7b,0x7d,0x7f,0x81,0x82,0x84,0x85,0x85,0x84,0x82,
  0x80,0x7e,0x7d,0x7c,0x7b,0x7c,0x7d,0x7d,0x7e,0x80,0x81,0x82,0x82,0x82,0x81,0x80,0x7e,0x7d,0x7c,0x7c,0x7c,0x7d,0x7e,0x7f,
  0x80,0x81,0x82,0x82,0x82,0x82,0x82,0x81,0x80,0x7f,0x7f,0x7f,0x7f,0x7f,0x7f,0x7f,0x80,0x80,0x81,0x81,0x81,0x80,0x80,0x7f,
  0x7e,0x7d,0x7d,0x7c,0x7c,0x7c,0x7d,0x7d,0x7e,0x7f,0x80,0x80,0x80,0x80,0x80,0x80,0x80,0x80,0x80,0x80,0x80,0x7f,0x7f,0x7f,
  0x7f,0x7f,0x7f,0x80,0x80,0x80,0x80,0x81,0x81,0x81,0x81,0x81,0x80,0x7f,0x7f,0x7e,0x7e,0x7e,0x7d,0x7d,0x7e,0x7e,0x7f,0x80,
  0x81,0x81,0x81,0x81,0x81,0x81,0x80,0x80,0x7f,0x7f,0x7f,0x7e,0x7e,0x7e,0x7f,0x7f,0x7f,0x80,0x80,0x81,0x81,0x81,0x81,0x81,
  0x81,0x80,0x7f,0x7e,0x7d,0x7d,0x7d,0x7d,0x7d,0x7e,0x7f,0x80,0x81,0x81,0x82,0x82,0x82,0x81,0x81,0x80,0x80,0x7f,0x7e,0x7e,
  0x7e,0x7e,0x7e,0x7e,0x7f,0x80,0x82,0x83,0x83,0x84,0x84,0x84,0x83,0x81,0x80,0x7e,0x7d,0x7c,0x7c,0x7c,0x7d,0x7e,0x7f,0x80,
  0x81,0x82,0x82,0x82,0x81,0x80,0x7e,0x7d,0x7d,0x7c,0x7d,0x7d,0x7e,0x7f,0x81,0x82,0x82,0x83,0x83,0x82,0x81,0x80,0x7f,0x7e,
  0x7d,0x7d,0x7d,0x7d,0x7d,0x7e,0x7f,0x80,0x80,0x81,0x81,0x81,0x81,0x81,0x80,0x80,0x80,0x80,0x80,0x80,0x80,0x81,0x81,0x82,
  0x82,0x81,0x80,0x7f,0x7f,0x7e,0x7e,0x7e,0x7e,0x7f,0x80,0x80,0x80,0x80,0x80,0x7f,0x7f,0x7e,0x7d,0x7c,0x7c,0x7b,0x7c,0x7d,
  0x7e,0x7f,0x81,0x82,0x83,0x83,0x83,0x83,0x82,0x81,0x80,0x7e,0x7e,0x7d,0x7d,0x7d,0x7e,0x7f,0x80,0x81,0x82,0x83,0x83,0x83,
  0x82,0x81,0x7f,0x7e,0x7d,0x7c,0x7c,0x7d,0x7e,0x7f,0x80,0x80,0x81,0x81,0x81,0x81,0x80,0x7f,0x7f,0x7e,0x7e,0x7f,0x7f,0x80,
  0x80,0x80,0x80,0x80,0x80,0x80,0x7f,0x7f,0x7f,0x7e,0x7e,0x7f,0x80,0x80,0x81,0x82,0x82,0x81,0x80,0x7f,0x7e,0x7d,0x7c,0x7c,
  0x7c,0x7c,0x7d,0x7e,0x7f,0x81,0x82,0x82,0x82,0x82,0x82,0x81,0x80,0x7f,0x7e,0x7e,0x7d,0x7e,0x7f,0x80,0x82,0x83,0x84,0x84,
  0x84,0x83,0x83,0x82,0x80,0x7e,0x7d,0x7c,0x7b,0x7b,0x7b,0x7c,0x7d,0x7e,0x7f,0x7f,0x80,0x81,0x82,0x82,0x82,0x82,0x81,0x7f,
  0x7f,0x7f,0x7f,0x7f,0x7e,0x7e,0x7e,0x7e,0x7f,0x7f,0x81,0x82,0x82,0x82,0x81,0x81,0x80,0x7f,0x7e,0x7d,0x7c,0x7b,0x7b,0x7c,
  0x7d,0x7f,0x81,0x82,0x84,0x85,0x85,0x84,0x84,0x82,0x80,0x7e,0x7d,0x7c,0x7c,0x7d,0x7e,0x80,0x81,0x82,0x82,0x83,0x83,0x82,
  0x81,0x7f,0x7d,0x7c,0x7b,0x7b,0x7b,0x7c,0x7d,0x7f,0x80,0x80,0x81,0x81,0x81,0x81,0x80,0x80,0x7f,0x7f,0x7e,0x7e,0x7e,0x7f,
  0x7f,0x80,0x80,0x80,0x81,0x81,0x81,0x81,0x80,0x80,0x80,0x80,0x80,0x81,0x81,0x81,0x81,0x80,0x7f,0x7f,0x7e,0x7d,0x7d,0x7d,
  0x7d,0x7e,0x7e,0x7f,0x80,0x81,0x81,0x81,0x81,0x81,0x7f,0x7e,0x7e,0x7e,0x7e,0x7e,0x7f,0x80,0x81,0x82,0x82,0x83,0x83,0x83,
  0x82,0x80,0x7f,0x7e,0x7d,0x7d,0x7c,0x7c,0x7d,0x7d,0x7e,0x7f,0x80,0x81,0x81,0x81,0x81,0x80,0x7f,0x7f,0x7e,0x7d,0x7d,0x7d,
  0x7e,0x7e,0x7f,0x81,0x82,0x83,0x84,0x83,0x83,0x82,0x81,0x81,0x80,0x7f,0x7f,0x7f,0x7f,0x7f,0x7f,0x7f,0x7f,0x7f,0x7f,0x7f,
  0x7f,0x7f,0x7f,0x7f,0x7f,0x7f,0x7f,0x7f,0x7f,0x7f,0x7f,0x80,0x80,0x80,0x80,0x80,0x80,0x80,0x80,0x80,0x80,0x7f,0x7e,0x7e,
  0x7e,0x7f,0x7f,0x80,0x80,0x80,0x80,0x80,0x80,0x80,0x7f,0x7f,0x7e,0x7e,0x7e,0x7e,0x7f,0x80,0x80,0x80,0x80,0x80,0x80,0x81,
  0x81,0x81,0x81,0x80,0x80,0x7f,0x7f,0x7f,0x7f,0x7f,0x80,0x80,0x80,0x80,0x81,0x81,0x81,0x81,0x80,0x7f,0x7e,0x7d,0x7d,0x7d,
  0x7d,0x7e,0x7e,0x7e,0x7f,0x80,0x81,0x81,0x81,0x81,0x80,0x7f,0x7e,0x7e,0x7e,0x7e,0x7f,0x7f,0x7f,0x7f,0x80,0x81,0x81,0x82,
  0x82,0x82,0x81,0x81,0x81,0x80,0x80,0x80,0x7f,0x7e,0x7d,0x7d,0x7d,0x7d,0x7d,0x7e,0x7e,0x7e,0x7f,0x80,0x80,0x81,0x81,0x82,
  0x81,0x80,0x7f,0x7f,0x7f,0x7e,0x7e,0x7e,0x7f,0x80,0x80,0x81,0x82,0x83,0x83,0x82,0x81,0x80,0x7f,0x7e,0x7d,0x7d,0x7d,0x7d,
  0x7d,0x7e,0x7f,0x80,0x81,0x82,0x82,0x81,0x80,0x7f,0x7e,0x7e,0x7d,0x7d,0x7e,0x7e,0x7f,0x80,0x81,0x82,0x82,0x82,0x82,0x81,
  0x80,0x80,0x7f,0x7f,0x7f,0x7f,0x7f,0x80,0x80,0x81,0x81,0x81,0x80,0x7f,0x7e,0x7e,0x7d,0x7e,0x7e,0x7f,0x80,0x80,0x81,0x81,
  0x81,0x80,0x7f,0x7f,0x7e,0x7d,0x7d,0x7d,0x7e,0x7f,0x80,0x81,0x82,0x82,0x82,0x81,0x81,0x80,0x7f,0x7e,0x7d,0x7c,0x7c,0x7c,
  0x7d,0x7f,0x80,0x82,0x83,0x83,0x83,0x83,0x83,0x81,0x80,0x7e,0x7d,0x7c,0x7c,0x7c,0x7e,0x7f,0x81,0x82,0x83,0x83,0x82,0x82,
  0x81,0x80,0x7e,0x7d,0x7c,0x7c,0x7c,0x7d,0x7e,0x7f,0x80,0x81,0x81,0x81,0x81,0x81,0x80,0x7f,0x7e,0x7d,0x7d,0x7d,0x7d,0x7e,
  0x7f,0x7f,0x80,0x80,0x81,0x81,0x81,0x82,0x81,0x81,0x80,0x80,0x80,0x80,0x80,0x80,0x80,0x80,0x80,0x7f,0x7f,0x7f,0x7f,0x7f,
  0x7e,0x7e,0x7e,0x7e,0x7f,0x7f,0x80,0x80,0x80,0x7f,0x7f,0x7f,0x7f,0x7f,0x7f,0x7f,0x7e,0x7e,0x7e,0x7f,0x7f,0x80,0x81,0x82,
  0x82,0x82,0x82,0x81,0x81,0x80,0x80,0x7e,0x7e,0x7e,0x7e,0x7e,0x7f,0x80,0x81,0x81,0x81,0x81,0x81,0x81,0x80,0x7f,0x7e,0x7d,
  0x7d,0x7c,0x7d,0x7e,0x7f,0x80,0x80,0x81,0x81,0x81,0x81,0x81,0x80,0x7f,0x7f,0x7e,0x7e,0x7e,0x7f,0x7f,0x80,0x81,0x81,0x81,
  0x81,0x81,0x81,0x82,0x82,0x81,0x81,0x81,0x80,0x7f,0x7f,0x7f,0x7e,0x7e,0x7e,0x7e,0x7e,0x7f,0x7f,0x7f,0x7f,0x7f,0x7f,0x80,
  0x80,0x80,0x80,0x80,0x7f,0x7f,0x7f,0x7f,0x7f,0x7f,0x7f,0x7f,0x7f,0x7f,0x7f,0x80,0x80,0x80,0x80,0x80,0x80,0x80,0x80,0x80,
  0x80,0x80,0x81,0x81,0x81,0x81,0x81,0x80,0x7f,0x7f,0x7e,0x7e,0x7e,0x7e,0x7f,0x81,0x81,0x82,0x82,0x82,0x81,0x80,0x7e,0x7d,
  0x7c,0x7c,0x7c,0x7c,0x7d,0x7e,0x7f,0x81,0x81,0x82,0x81,0x81,0x80,0x7f,0x7e,0x7e,0x7d,0x7d,0x7d,0x7e,0x7f,0x81,0x82,0x83,
  0x84,0x84,0x83,0x82,0x81,0x80,0x7f,0x7e,0x7d,0x7d,0x7d,0x7d,0x7d,0x7e,0x7f,0x80,0x80,0x81,0x80,0x80,0x80,0x7f,0x7f,0x7f,
  0x7e,0x7e,0x7f,0x7f,0x80,0x81,0x81,0x81,0x81,0x80,0x7f,0x7e,0x7e,0x7e,0x7e,0x7e,0x7e,0x7f,0x80,0x81,0x82,0x82,0x82,0x82,
  0x80,0x7f,0x7d,0x7d,0x7d,0x7d,0x7e,0x7f,0x80,0x81,0x82,0x83,0x83,0x83,0x82,0x80,0x7f,0x7d,0x7c,0x7c,0x7c,0x7c,0x7d,0x7e,
  0x7f,0x80,0x81,0x82,0x83,0x83,0x82,0x82,0x81,0x80,0x7f,0x7e,0x7d,0x7d,0x7c,0x7d,0x7e,0x7f,0x81,0x83,0x84,0x84,0x83,0x82,
  0x81,0x80,0x7e,0x7d,0x7c,0x7c,0x7c,0x7d,0x7e,0x7f,0x80,0x81,0x82,0x82,0x82,0x81,0x81,0x80,0x80,0x80,0x80,0x80,0x80,0x7f,
  0x7f,0x7f,0x7f,0x7e,0x7e,0x7e,0x7e,0x7f,0x7f,0x7f,0x7f,0x80,0x80,0x80,0x7f,0x7f,0x7f,0x7f,0x7f,0x7f,0x7f,0x7f,0x80,0x81,
  0x81,0x81,0x81,0x81,0x81,0x81,0x81,0x81,0x81,0x80,0x80,0x7f,0x7e,0x7e,0x7e,0x7e,0x7e,0x7e,0x7f,0x80,0x80,0x80,0x81,0x81,
  0x80,0x80,0x7f,0x7f,0x7e,0x7e,0x7e,0x7e,0x7e,0x7f,0x7f,0x7f,0x80,0x80,0x80,0x80,0x80,0x80,0x80,0x80,0x80,0x80,0x80,0x80,
  0x7f,0x7e,0x7e,0x7d,0x7d,0x7d,0x7d,0x7e,0x7f,0x80,0x81,0x82,0x82,0x83,0x83,0x82,0x81,0x81,0x80,0x7f,0x7e,0x7d,0x7d,0x7e,
  0x7e,0x7f,0x80,0x80,0x80,0x80,0x80,0x7f,0x7f,0x7f,0x7e,0x7e,0x7e,0x7e,0x7e,0x7f,0x7f,0x80,0x80,0x81,0x81,0x81,0x81,0x81,
  0x80,0x7f,0x7e,0x7e,0x7d,0x7e,0x7e,0x7e,0x7f,0x80,0x81,0x81,0x82,0x82,0x81,0x80,0x7f,0x7f,0x7e,0x7e,0x7f,0x80,0x81,0x81,
  0x81,0x81,0x81,0x81,0x80,0x7e,0x7d,0x7d,0x7c,0x7c,0x7c,0x7d,0x7e,0x80,0x81,0x82,0x82,0x83,0x82,0x82,0x81,0x80,0x7f,0x7e,
  0x7d,0x7d,0x7d,0x7d,0x7e,0x7f,0x81,0x83,0x84,0x85,0x85,0x84,0x83,0x82,0x80,0x7e,0x7d,0x7d,0x7c,0x7c,0x7d,0x7e,0x7e,0x7f,
  0x80,0x80,0x80,0x80,0x7f,0x7e,0x7e,0x7e,0x7e,0x7e,0x7f,0x7f,0x7f,0x7f,0x7f,0x80,0x80,0x80,0x80,0x81,0x80,0x80,0x80,0x80,
  0x80,0x80,0x80,0x80,0x80,0x80,0x80,0x80,0x80,0x7f,0x7f,0x7f,0x7f,0x80,0x80,0x80,0x80,0x81,0x81,0x80,0x7f,0x7f,0x7e,0x7d,
  0x7c,0x7c,0x7c,0x7d,0x7e,0x7f,0x80,0x81,0x82,0x82,0x82,0x82,0x81,0x80,0x80,0x7f,0x7e,0x7d,0x7d,0x7d,0x7e,0x7f,0x80,0x80,
  0x81,0x81,0x81,0x81,0x81,0x81,0x80,0x80,0x7f,0x7f,0x7f,0x7f,0x7f,0x7f,0x7f,0x7f,0x7f,0x7f,0x7f,0x7f,0x7f,0x7f,0x80,0x80,
  0x80,0x80,0x80,0x80,0x80,0x80,0x7f,0x7f,0x7f,0x7e,0x7e,0x7e,0x7f,0x7f,0x80,0x80,0x81,0x81,0x82,0x81,0x81,0x80,0x7f,0x7e,
  0x7d,0x7d,0x7e,0x7e,0x7f,0x80,0x81,0x82,0x83,0x83,0x83,0x83,0x81,0x80,0x7e,0x7d,0x7c,0x7b,0x7c,0x7d,0x7e,0x7f,0x80,0x82,
  0x82,0x83,0x82,0x81,0x80,0x7e,0x7d,0x7c,0x7b,0x7c,0x7c,0x7d,0x7f,0x80,0x81,0x81,0x82,0x82,0x82,0x82,0x81,0x80,0x80,0x7f,
  0x7f,0x7f,0x80,0x80,0x81,0x81,0x81,0x81,0x81,0x81,0x80,0x7f,0x7f,0x7e,0x7e,0x7e,0x7e,0x7f,0x7f,0x80,0x80,0x80,0x80,0x80,
  0x7f,0x7f,0x7e,0x7d,0x7d,0x7d,0x7d,0x7e,0x7f,0x80,0x81,0x81,0x81,0x81,0x81,0x80,0x7f,0x7e,0x7e,0x7e,0x7e,0x7f,0x80,0x81,
  0x82,0x82,0x83,0x82,0x82,0x81,0x80,0x80,0x7f,0x7e,0x7d,0x7d,0x7d,0x7d,0x7e,0x7e,0x7f,0x80,0x81,0x81,0x81,0x81,0x80,0x7f,
  0x7e,0x7e,0x7d,0x7d,0x7d,0x7e,0x7e,0x7f,0x80,0x80,0x81,0x81,0x81,0x81,0x81,0x81,0x81,0x81,0x80,0x80,0x80,0x80,0x7f,0x7f,
  0x7e,0x7e,0x7e,0x7e,0x7e,0x7e,0x7e,0x7f,0x7f,0x7f,0x80,0x80,0x80,0x80,0x80,0x80,0x7f,0x7f,0x7f,0x7f,0x7f,0x7f,0x7f,0x80,
  0x80,0x80,0x80,0x80,0x80,0x80,0x80,0x80,0x80,0x7f,0x7f,0x7f,0x7f,0x7f,0x7f,0x80,0x80,0x81,0x81,0x81,0x81,0x81,0x81,0x80,
  0x80,0x7f,0x7f,0x7e,0x7e,0x7e,0x7e,0x7e,0x7f,0x7f,0x7f,0x80,0x80,0x80,0x80,0x80,0x80,0x80,0x80,0x7f,0x7f,0x7f,0x7f,0x7f,
  0x7f,0x7f,0x7f,0x7f,0x7f,0x7f,0x80,0x80,0x81,0x81,0x81,0x81,0x81,0x81,0x81,0x80,0x80,0x7f,0x7e,0x7e,0x7e,0x7e,0x7f,0x7f,
  0x7f,0x80,0x80,0x81,0x81,0x82,0x82,0x82,0x81,0x81,0x80,0x7f,0x7e,0x7d,0x7d,0x7d,0x7e,0x7f,0x7f,0x80,0x81,0x82,0x81,0x81,
  0x80,0x7f,0x7e,0x7d,0x7c,0x7c,0x7c,0x7d,0x7e,0x7f,0x80,0x81,0x83,0x83,0x83,0x83,0x82,0x81,0x80,0x7f,0x7e,0x7d,0x7d,0x7d,
  0x7d,0x7e,0x7f,0x80,0x81,0x82,0x83,0x83,0x82,0x81,0x80,0x7f,0x7e,0x7e,0x7d,0x7d,0x7e,0x7e,0x7f,0x80,0x80,0x81,0x81,0x80,
  0x80,0x7f,0x7f,0x7f,0x7f,0x7f,0x7f,0x80,0x80,0x81,0x81,0x81,0x81,0x80,0x7f,0x7f,0x7e,0x7e,0x7e,0x7e,0x7f,0x7f,0x80,0x80,
  0x80,0x81,0x81,0x80,0x7f,0x7e,0x7e,0x7d,0x7d,0x7d,0x7e,0x7f,0x81,0x82,0x83,0x84,0x84,0x83,0x82,0x81,0x80,0x7e,0x7d,0x7c,
  0x7c,0x7c,0x7d,0x7e,0x80,0x81,0x82,0x83,0x83,0x83,0x82,0x81,0x80,0x7f,0x7e,0x7d,0x7d,0x7d,0x7e,0x7e,0x7f,0x7f,0x80,0x81,
  0x81,0x81,0x81,0x81,0x81,0x80,0x7f,0x7f,0x7e,0x7e,0x7e,0x7e,0x7e,0x7f,0x7f,0x80,0x81,0x81,0x81,0x81,0x80,0x80,0x80,0x7f,
  0x7f,0x7f,0x7e,0x7e,0x7e,0x7e,0x7f,0x7f,0x80,0x80,0x80,0x80,0x80,0x80,0x80,0x80,0x80,0x80,0x7f,0x7f,0x7f,0x7e,0x7e,0x7e,
  0x7e,0x7f,0x80,0x81,0x82,0x82,0x83,0x83,0x82,0x81,0x80,0x7f,0x7f,0x7e,0x7e,0x7e,0x7e,0x7e,0x7e,0x7e,0x7e,0x7e,0x7e,0x7e,
  0x7e,0x7f,0x7f,0x80,0x80,0x80,0x80,0x80,0x7f,0x7e,0x7e,0x7e,0x7f,0x7f,0x80,0x80,0x81,0x81,0x81,0x81,0x80,0x80,0x80,0x7f,
  0x7f,0x7f,0x7f,0x7f,0x7f,0x80,0x81,0x81,0x81,0x81,0x81,0x80,0x80,0x80,0x80,0x80,0x80,0x7f,0x7f,0x7e,0x7e,0x7d,0x7d,0x7d,
  0x7d,0x7e,0x7f,0x80,0x81,0x81,0x81,0x81,0x80,0x7f,0x7e,0x7e,0x7d,0x7d,0x7d,0x7e,0x7f,0x80,0x81,0x81,0x81,0x81,0x80,0x80,
  0x80,0x80,0x7f,0x80,0x80,0x80,0x80,0x80,0x80,0x80,0x80,0x7f,0x7f,0x7f,0x7f,0x7f,0x80,0x80,0x80,0x80,0x80,0x80,0x7f,0x7e,
  0x7e,0x7e,0x7e,0x7f,0x80,0x80,0x81,0x81,0x81,0x81,0x81,0x80,0x7f,0x7f,0x7e,0x7e,0x7e,0x7e,0x7f,0x7f,0x80,0x80,0x80,0x80,
  0x80,0x80,0x80,0x81,0x81,0x81,0x81,0x80,0x80,0x7f,0x7e,0x7e,0x7d,0x7d,0x7e,0x7e,0x80,0x81,0x81,0x81,0x81,0x80,0x80,0x7f,
  0x7f,0x7e,0x7e,0x7e,0x7f,0x80,0x80,0x81,0x82,0x82,0x81,0x80,0x7f,0x7f,0x7e,0x7e,0x7f,0x7f,0x80,0x80,0x80,0x81,0x81,0x81,
  0x81,0x81,0x81,0x80,0x80,0x7f,0x7f,0x7f,0x7f,0x7f,0x7f,0x7f,0x7f,0x7f,0x7f,0x7f,0x7f,0x80,0x80,0x80,0x7f,0x7f,0x7e,0x7e,
  0x7d,0x7d,0x7e,0x7e,0x7f,0x80,0x80,0x80,0x81,0x80,0x80,0x80,0x7f,0x7f,0x7f,0x80,0x80,0x80,0x80,0x81,0x81,0x81,0x81,0x80,
  0x80,0x80,0x80,0x80,0x80,0x81,0x81,0x81,0x81,0x80,0x80,0x7f,0x7f,0x7f,0x7e,0x7e,0x7e,0x7e,0x7e,0x7e,0x7e,0x7e,0x7f,0x7f,
  0x7f,0x7f,0x7f,0x80,0x80,0x7f,0x7f,0x7f,0x7e,0x7d,0x7d,0x7d,0x7e,0x7e,0x7f,0x80,0x81,0x82,0x83,0x84,0x83,0x83,0x82,0x81,
  0x80,0x7e,0x7e,0x7d,0x7d,0x7d,0x7e,0x7f,0x80,0x81,0x81,0x82,0x82,0x82,0x81,0x80,0x7f,0x7e,0x7e,0x7d,0x7d,0x7c,0x7d,0x7d,
  0x7e,0x80,0x81,0x82,0x82,0x82,0x82,0x81,0x80,0x7f,0x7e,0x7d,0x7d,0x7d,0x7d,0x7e,0x7f,0x80,0x81,0x82,0x82,0x82,0x81,0x80,
  0x80,0x7f,0x7f,0x7f,0x7f,0x7f,0x7f,0x80,0x80,0x80,0x80,0x80,0x80,0x7f,0x7f,0x7e,0x7e,0x7e,0x7f,0x7f,0x7f,0x80,0x80,0x80,
  0x80,0x80,0x80,0x7f,0x7f,0x7f,0x7f,0x7f,0x80,0x80,0x80,0x81,0x81,0x81,0x81,0x81,0x80,0x80,0x7f,0x7f,0x7e,0x7e,0x7e,0x7e,
  0x7e,0x7e,0x7f,0x7f,0x80,0x81,0x81,0x81,0x81,0x81,0x80,0x7f,0x7f,0x7e,0x7e,0x7d,0x7e,0x7e,0x7f,0x7f,0x80,0x80,0x81,0x81,
  0x81,0x80,0x80,0x7f,0x7f,0x7e,0x7e,0x7e,0x7f,0x7f,0x7f,0x7f,0x7f,0x80,0x80,0x81,0x81,0x82,0x82,0x82,0x81,0x81,0x80,0x80,
  0x7f,0x7f,0x7f,0x7f,0x80,0x80,0x81,0x81,0x81,0x81,0x80,0x7f,0x7e,0x7e,0x7d,0x7d,0x7d,0x7d,0x7e,0x7e,0x7f,0x7f,0x80,0x80,
  0x80,0x7f,0x7f,0x7f,0x7f,0x7f,0x80,0x80,0x80,0x81,0x81,0x81,0x81,0x81,0x81,0x80,0x80,0x7f,0x7f,0x7f,0x7f,0x7f,0x7f,0x80,
  0x80,0x80,0x81,0x81,0x81,0x81,0x81,0x80,0x7f,0x7e,0x7e,0x7d,0x7d,0x7d,0x7d,0x7e,0x7f,0x80,0x81,0x81,0x81,0x81,0x80,0x80,
  0x7f,0x7f,0x7e,0x7e,0x7e,0x7e,0x7f,0x7f,0x80,0x81,0x82,0x82,0x82,0x82,0x81,0x81,0x80,0x80,0x7f,0x7f,0x7f,0x7f,0x7f,0x7e,
  0x7f,0x7f,0x7f,0x7f,0x7f,0x7f,0x7f,0x80,0x80,0x80,0x80,0x80,0x80,0x7f,0x7f,0x7f,0x7f,0x7e,0x7f,0x7f,0x7f,0x80,0x80,0x81,
  0x81,0x82,0x82,0x81,0x81,0x80,0x7f,0x7f,0x7e,0x7e,0x7e,0x7d,0x7e,0x7e,0x7f,0x80,0x80,0x81,0x81,0x82,0x81,0x81,0x81,0x80,
  0x80,0x7f,0x7e,0x7e,0x7e,0x7e,0x7e,0x7f,0x7f,0x80,0x80,0x81,0x81,0x81,0x80,0x80,0x80,0x7f,0x7e,0x7e,0x7e,0x7d,0x7e,0x7e,
  0x7e,0x7e,0x7e,0x7f,0x7f,0x80,0x80,0x81,0x81,0x81,0x81,0x81,0x81,0x80,0x80,0x80,0x80,0x80,0x80,0x80,0x80,0x80,0x81,0x81,
  0x80,0x80,0x81,0x81,0x81,0x80,0x80,0x7f,0x7e,0x7e,0x7d,0x7c,0x7c,0x7c,0x7c,0x7d,0x7e,0x7f,0x80,0x81,0x81,0x82,0x81,0x81,
  0x80,0x7f,0x7e,0x7d,0x7d,0x7d,0x7e,0x7f,0x80,0x81,0x82,0x83,0x83,0x83,0x83,0x81,0x80,0x7f,0x7e,0x7d,0x7d,0x7d,0x7e,0x7e,
  0x7f,0x80,0x81,0x81,0x81,0x81,0x80,0x80,0x7f,0x7e,0x7e,0x7e,0x7e,0x7e,0x7e,0x7f,0x80,0x80,0x81,0x81,0x81,0x80,0x80,0x7f,
  0x7f,0x7f,0x7e,0x7e,0x7f,0x7f,0x80,0x80,0x81,0x81,0x81,0x81,0x80,0x7f,0x7f,0x7e,0x7e,0x7e,0x7e,0x7e,0x7f,0x80,0x81,0x81,
  0x81,0x81,0x81,0x80,0x7f,0x7e,0x7e,0x7e,0x7e,0x7f,0x80,0x80,0x81,0x81,0x81,0x81,0x81,0x80,0x7f,0x7f,0x7e,0x7e,0x7e,0x7f,
  0x7f,0x80,0x80,0x81,0x81,0x80,0x80,0x80,0x7f,0x7f,0x7f,0x7e,0x7e,0x7f,0x7f,0x7f,0x80,0x80,0x81,0x81,0x81,0x81,0x80,0x80,
  0x7f,0x7e,0x7e,0x7d,0x7d,0x7e,0x7e,0x7f,0x80,0x81,0x81,0x81,0x81,0x81,0x80,0x7f,0x7e,0x7d,0x7d,0x7d,0x7d,0x7e,0x7f,0x80,
  0x81,0x81,0x82,0x82,0x82,0x81,0x81,0x80,0x80,0x7f,0x7f,0x7f,0x80,0x80,0x81,0x81,0x81,0x81,0x81,0x81,0x80,0x80,0x7f,0x7f,
  0x7f,0x7e,0x7e,0x7e,0x7e,0x7d,0x7d,0x7d,0x7e,0x7e,0x7f,0x7f,0x7f,0x7f,0x7f,0x7f,0x7f,0x80,0x80,0x80,0x80,0x80,0x80,0x80,
  0x80,0x80,0x80,0x80,0x7f,0x7f,0x7f,0x7f,0x7f,0x80,0x81,0x81,0x82,0x82,0x81,0x80,0x80,0x7f,0x7e,0x7e,0x7d,0x7d,0x7e,0x7f,
  0x80,0x81,0x81,0x82,0x82,0x81,0x80,0x7f,0x7f,0x7e,0x7e,0x7d,0x7e,0x7e,0x7f,0x7f,0x80,0x80,0x80,0x80,0x80,0x80,0x80,0x80,
  0x7f,0x7f,0x7f,0x7f,0x7f,0x7f,0x7f,0x7f,0x7f,0x80,0x80,0x80,0x81,0x81,0x81,0x81,0x80,0x80,0x7f,0x7f,0x7f,0x7f,0x7f,0x7f,
  0x7f,0x80,0x80,0x7f,0x80,0x80,0x80,0x7f,0x7f,0x7f,0x7f,0x7f,0x7f,0x80,0x80,0x80,0x80,0x80,0x7f,0x7f,0x7f,0x7f,0x7f,0x7f,
  0x7f,0x80,0x80,0x80,0x81,0x81,0x81,0x81,0x80,0x80,0x7f,0x7f,0x7f,0x7f,0x7f,0x7f,0x7f,0x7f,0x7f,0x7f,0x80,0x80,0x81,0x81,
  0x81,0x81,0x80,0x80,0x7f,0x7f,0x7e,0x7e,0x7e,0x7e,0x7e,0x7f,0x7f,0x80,0x80,0x80,0x80,0x80,0x80,0x7f,0x7f,0x7f,0x7f,0x7f,
  0x7f,0x7f,0x80,0x80,0x81,0x81,0x81,0x81,0x81,0x80,0x80,0x80,0x80,0x80,0x80,0x7f,0x7f,0x7f,0x7f,0x7f,0x7f,0x7e,0x7e,0x7e,
  0x7f,0x7f,0x80,0x80,0x80,0x80,0x80,0x80,0x80,0x80,0x7f,0x7f,0x7e,0x7e,0x7e,0x7e,0x7e,0x7e,0x7f,0x7f,0x7f,0x80,0x80,0x81,
  0x81,0x81,0x81,0x80,0x80,0x7f,0x7f,0x7e,0x7e,0x7e,0x7e,0x7e,0x7f,0x80,0x81,0x81,0x82,0x82,0x82,0x81,0x81,0x80,0x7f,0x7f,
  0x7e,0x7e,0x7e,0x7f,0x7f,0x7f,0x7f,0x80,0x80,0x7f,0x7f,0x7f,0x7f,0x7f,0x7f,0x7f,0x7f,0x7f,0x7f,0x7f,0x7f,0x7f,0x7f,0x7f,
  0x7f,0x7f,0x80,0x80,0x81,0x81,0x81,0x81,0x81,0x81,0x80,0x80,0x7f,0x7f,0x7f,0x7f,0x7f,0x7f,0x7f,0x7f,0x80,0x80,0x80,0x80,
  0x80,0x80,0x80,0x80,0x80,0x80,0x7f,0x7f,0x7e,0x7e,0x7e,0x7e,0x7e,0x7f,0x80,0x81,0x81,0x81,0x82,0x82,0x81,0x81,0x80,0x80,
  0x7f,0x7f,0x7f,0x7e,0x7e,0x7e,0x7e,0x7e,0x7f,0x7f,0x7f,0x80,0x80,0x81,0x81,0x81,0x81,0x81,0x81,0x80,0x7f,0x7f,0x7e,0x7d,
  0x7d,0x7d,0x7e,0x7f,0x7f,0x80,0x80,0x81,0x80,0x80,0x80,0x7f,0x7f,0x7f,0x7f,0x7f,0x7f,0x80,0x80,0x81,0x81,0x81,0x81,0x81,
  0x81,0x80,0x80,0x80,0x80,0x7f,0x7f,0x7f,0x7f,0x7f,0x7f,0x7f,0x7f,0x7f,0x7f,0x7f,0x7f,0x80,0x80,0x80,0x80,0x80,0x7f,0x7f,
  0x7f,0x7f,0x80,0x7f,0x7f,0x7f,0x7e,0x7e,0x7e,0x7e,0x7e,0x7e,0x7f,0x7f,0x80,0x80,0x81,0x81,0x81,0x81,0x80,0x7f,0x7f,0x7e,
  0x7e,0x7e,0x7e,0x7f,0x7f,0x80,0x81,0x82,0x82,0x82,0x82,0x81,0x81,0x80,0x7f,0x7f,0x7f,0x7f,0x7f,0x7f,0x7f,0x7f,0x7f,0x7f,
  0x7f,0x7f,0x7e,0x7e,0x7e,0x7e,0x7e,0x7e,0x7f,0x7f,0x7f,0x7f,0x7f,0x7f,0x7f,0x80,0x80,0x80,0x7f,0x7f,0x7f,0x7f,0x80,0x80,
  0x80,0x81,0x81,0x80,0x80,0x80,0x80,0x80,0x80,0x7f,0x7f,0x7f,0x7f,0x80,0x80,0x80,0x80,0x80,0x80,0x80,0x80,0x80,0x80,0x7f,
  0x7e,0x7e,0x7d,0x7d,0x7e,0x7f,0x7f,0x80,0x81,0x81,0x81,0x81,0x81,0x80,0x80,0x7f,0x7f,0x7e,0x7e,0x7f,0x7f,0x7f,0x80,0x80,
  0x7f,0x7f,0x7f,0x7f,0x7f,0x80,0x80,0x80,0x80,0x80,0x80,0x80,0x80,0x80,0x80,0x80,0x7f,0x7f,0x7e,0x7e,0x7f,0x7f,0x7f,0x7f,
  0x80,0x80,0x81,0x81,0x81,0x81,0x81,0x80,0x80,0x7f,0x7f,0x7f,0x7f,0x7f,0x7f,0x7f,0x7f,0x80,0x81,0x81,0x81,0x80,0x80,0x80,
  0x80,0x7f,0x7f,0x7f,0x7f,0x7f,0x80,0x80,0x80,0x80,0x80,0x80,0x80,0x80,0x80,0x80,0x80,0x80,0x80,0x80,0x80,0x80,0x80,0x80,
  0x80,0x80,0x80,0x80,0x80,0x80,0x80,0x80,0x80,0x80,0x80,0x80,0x80,0x80,0x80,0x80,
};

const UINT32 rbd_audio_frames = 26000;
const UINT32 rbd_audio_wire = 26000;
/* bake:rbd_audio_data end */

#define RBD_AUDIO_RATE  16000
#define RBD_PAD_MARGIN_MS  500
#define MENU_PAD_MARGIN_MS 2000
#define RBD_WAV_MAX     (4u * 1024u * 1024u)

static void  *g_menu_audio;
static INT16 *g_menu_pcm;
static int    g_menu_started;

static int rbd_marker_present(void) {
    EFI_FILE_PROTOCOL *root = efi_boot_volume_root();
    if (!root) return 0;
    int found = efi_file_exists_root(root, RBD_MARKER);
    root->Close(root);
    return found;
}

static void rbd_marker_clear(void) {
    EFI_FILE_PROTOCOL *root = efi_boot_volume_root();
    if (!root) return;
    EFI_FILE_PROTOCOL *f = NULL;
    EFI_STATUS st = root->Open(root, &f, RBD_MARKER,
                               EFI_FILE_MODE_READ | EFI_FILE_MODE_WRITE, 0);
    if (!EFI_ERROR(st) && f) f->Delete(f);
    root->Close(root);
}

static void rbd_marker_write(void) {
    static const CHAR8 tag[] = RBD_MARKER_TAG;
    EFI_STATUS st = cap_save_file(RBD_MARKER, (const UINT8*)tag,
                                  sizeof(tag) - 1);
    if (EFI_ERROR(st))
        efi_log(L"rbd: could not write the marker - the loop holds this time");
}

void rbd_arm_on_reboot(int enabled) {
    if (!enabled) return;
    if (efi_rand() % RBD_ODDS != 0) return;
    efi_log(L"rbd: the die came up wrong - arming Return by Death");
    rbd_marker_write();
}

static INT16 clamp16(INT32 v) {
    if (v >  32767) return  32767;
    if (v < -32768) return -32768;
    return (INT16)v;
}

static void rbd_resample_stereo(const INT16 *src, UINTN in_frames,
                                UINT32 in_rate, INT16 *out, UINTN out_frames,
                                UINT32 out_rate) {
    UINT64 step = ((UINT64)in_rate << 16) / out_rate;
    UINT64 cur = 0;
    for (UINTN i = 0; i < out_frames; i++) {
        UINTN idx = (UINTN)(cur >> 16);
        UINT32 frac = (UINT32)(cur & 0xFFFF);
        UINTN nxt = idx + 1 < in_frames ? idx + 1 : idx;
        for (UINTN c = 0; c < 2; c++) {
            INT32 a = src[idx * 2 + c];
            INT32 b = src[nxt * 2 + c];
            out[i * 2 + c] = clamp16(a + (INT32)(((INT64)(b - a) * frac) >> 16));
        }
        cur += step;
    }
}

static UINT32 rd32(const UINT8 *p) {
    return (UINT32)p[0] | ((UINT32)p[1] << 8) | ((UINT32)p[2] << 16) |
           ((UINT32)p[3] << 24);
}

static UINT16 rd16(const UINT8 *p) {
    return (UINT16)((UINT32)p[0] | ((UINT32)p[1] << 8));
}

static INT16 *rbd_parse_wav(const UINT8 *d, UINTN size, UINTN *frames_out) {
    *frames_out = 0;

    if (!d || size < 44 || size > RBD_WAV_MAX) return NULL;
    if (d[0] != 'R' || d[1] != 'I' || d[2] != 'F' || d[3] != 'F') return NULL;
    if (d[8] != 'W' || d[9] != 'A' || d[10] != 'V' || d[11] != 'E') return NULL;

    UINT16 fmt = 0, channels = 0, bits = 0;
    UINT32 rate = 0;
    const UINT8 *data = NULL;
    UINTN data_size = 0;

    for (UINTN off = 12; off + 8 <= size; ) {
        const UINT8 *id = d + off;
        UINT32 clen = rd32(d + off + 4);
        UINTN body = off + 8;
        if (clen > size - body) clen = (UINT32)(size - body);

        if (id[0] == 'f' && id[1] == 'm' && id[2] == 't' && id[3] == ' ') {
            if (clen >= 16) {
                fmt      = rd16(d + body + 0);
                channels = rd16(d + body + 2);
                rate     = rd32(d + body + 4);
                bits     = rd16(d + body + 14);
            }
        } else if (id[0] == 'd' && id[1] == 'a' && id[2] == 't' && id[3] == 'a') {
            data = d + body;
            data_size = clen;
        }

        off = body + clen + (clen & 1);
    }

    if (fmt != 1 && fmt != 0xFFFE) {
        efi_log(L"rbd: sound is not uncompressed PCM");
        return NULL;
    }
    if (bits != 16 || (channels != 1 && channels != 2) || !rate || !data ||
        !data_size) {
        efi_log(L"rbd: sound is not 16-bit PCM, mono or stereo");
        return NULL;
    }

    UINTN in_frames = data_size / (channels * 2u);
    if (!in_frames) return NULL;

    UINTN max_frames = (UINTN)HDA_SAMPLE_RATE * 4;
    UINTN out_frames = (UINTN)(((UINT64)in_frames * HDA_SAMPLE_RATE) / rate);
    if (!out_frames) return NULL;
    if (out_frames > max_frames) out_frames = max_frames;

    INT16 *out = efi_allocate_pool(out_frames * 2 * sizeof(INT16));
    if (!out) return NULL;

    const INT16 *src = (const INT16*)data;
    INT16 *mono = NULL;
    if (channels == 1) {
        mono = efi_allocate_pool(in_frames * 2 * sizeof(INT16));
        if (!mono) {
            efi_free_pool(out);
            return NULL;
        }
        for (UINTN i = 0; i < in_frames; i++) mono[i * 2] = mono[i * 2 + 1] = src[i];
        src = mono;
    }

    rbd_resample_stereo(src, in_frames, rate, out, out_frames, HDA_SAMPLE_RATE);
    if (mono) efi_free_pool(mono);

    *frames_out = out_frames;
    return out;
}

static INT16 *rbd_pcm8_build(UINTN *frames_out) {
    *frames_out = 0;
    UINTN in_frames = rbd_audio_frames;
    if (!in_frames) return NULL;
    UINTN out_frames =
        (UINTN)(((UINT64)in_frames * HDA_SAMPLE_RATE) / RBD_AUDIO_RATE);
    if (!out_frames) return NULL;

    INT16 *src = efi_allocate_pool(in_frames * 2 * sizeof(INT16));
    if (!src) return NULL;
    const UINT8 *wl = rbd_audio_data;
    const UINT8 *wr = rbd_audio_data + rbd_audio_wire;
    for (UINTN i = 0; i < in_frames; i++) {
        src[i * 2]     = (INT16)(((INT32)wl[i] - 128) << 8);
        src[i * 2 + 1] = (INT16)(((INT32)wr[i] - 128) << 8);
    }

    INT16 *out = efi_allocate_pool(out_frames * 2 * sizeof(INT16));
    if (!out) {
        efi_free_pool(src);
        return NULL;
    }
    rbd_resample_stereo(src, in_frames, RBD_AUDIO_RATE, out, out_frames,
                        HDA_SAMPLE_RATE);
    efi_free_pool(src);

    *frames_out = out_frames;
    return out;
}

static INT16 *rbd_load_wav(CHAR16 *path, UINTN *frames_out) {
    efi_file_buffer_t *fb = efi_load_file(path);
    if (!fb) return NULL;

    INT16 *out = rbd_parse_wav((const UINT8*)fb->data, fb->size, frames_out);
    if (fb->data) efi_free_pool(fb->data);
    efi_free_pool(fb);
    return out;
}

static INT16 *rbd_pad_silence(INT16 *pcm, UINTN *frames, UINTN pad_frames) {
    if (*frames >= pad_frames) return pcm;

    INT16 *pad = efi_allocate_pool(pad_frames * 2 * sizeof(INT16));
    if (!pad) return pcm;

    UINTN i;
    for (i = 0; i < *frames; i++) {
        pad[i * 2]     = pcm[i * 2];
        pad[i * 2 + 1] = pcm[i * 2 + 1];
    }
    for (i = *frames * 2; i < pad_frames * 2; i++) pad[i] = 0;
    efi_free_pool(pcm);
    *frames = pad_frames;
    return pad;
}

int rbd_check_and_play(gui_state_t *gui) {
    if (!rbd_marker_present()) return 0;

    efi_log(L"rbd: marker found - Return by Death");
    rbd_marker_clear();

    INT16 *pcm = NULL;
    UINTN frames = 0;
    pcm = rbd_pcm8_build(&frames);
    if (!pcm) efi_log(L"rbd: embedded sting decode failed - silent");

    UINTN active = (pcm && frames) ? frames : 0;

    UINTN pad_ms = (UINTN)rbd_scene_duration_ms() + (UINTN)RBD_PAD_MARGIN_MS;
    pcm = rbd_pad_silence(pcm, &frames,
                          frames + pad_ms * (UINTN)HDA_SAMPLE_RATE / 1000);

    void *audio = NULL;
    if (pcm && frames) {
        int st = HDA_HW_ERROR;
        audio = hda_play_begin(pcm, frames, active, &st);
        if (!audio) {
            CHAR16 msg[128];
            SPrint(msg, sizeof(msg), L"rbd: no sound - %s", hda_status_str(st));
            efi_log(msg);
        }
    }

    gui_rbd_screen(gui);
    hda_play_end(audio);
    if (pcm) efi_free_pool(pcm);
    return 1;
}

int menu_sound_prepare(int enabled, CHAR16 *path) {
    if (!enabled || !path) return 0;
    if (g_menu_audio) return 1;

    UINTN frames = 0;
    INT16 *pcm = rbd_load_wav(path, &frames);
    if (!pcm) {
        efi_log(L"rbd: boot sound could not be loaded - silent");
        return 0;
    }

    UINTN active = frames;
    pcm = rbd_pad_silence(pcm, &frames,
                          frames + (UINTN)MENU_PAD_MARGIN_MS *
                                   (UINTN)HDA_SAMPLE_RATE / 1000);
    if (!pcm || !frames) {
        if (pcm) efi_free_pool(pcm);
        return 0;
    }

    int st = HDA_HW_ERROR;
    void *audio = hda_play_prepare(pcm, frames, active, &st);
    if (!audio) {
        CHAR16 msg[128];
        SPrint(msg, sizeof(msg), L"rbd: no sound - %s", hda_status_str(st));
        efi_log(msg);
        efi_free_pool(pcm);
        return 0;
    }

    g_menu_pcm = pcm;
    g_menu_audio = audio;
    g_menu_started = 0;
    return 1;
}

void menu_sound_start(void) {
    if (!g_menu_audio || g_menu_started) return;
    g_menu_started = 1;
    hda_play_start(g_menu_audio);
}

void menu_sound_poll(void) {
    if (!g_menu_audio || !g_menu_started) return;
    if (hda_play_done(g_menu_audio)) menu_sound_stop();
}

static void menu_sound_release(int wait) {
    if (!g_menu_audio) return;

    void *audio = g_menu_audio;
    g_menu_audio = NULL;
    g_menu_started = 0;
    if (wait) hda_play_end(audio);
    else      hda_play_cut(audio);

    if (g_menu_pcm) {
        efi_free_pool(g_menu_pcm);
        g_menu_pcm = NULL;
    }
}

void menu_sound_stop(void) {
    menu_sound_release(0);
}

void menu_sound_finish(void) {
    menu_sound_start();
    menu_sound_release(1);
}